steam_id,recommendationid,author_steamid,playtime_forever,review,voted_up,votes_up,timestamp_created
444940,207711335,76561198096017729,168,el kaka,False,4,1761566872
444940,206952881,76561198272902337,25,"The game crashed mid-game. What's worse, I was getting close to the end",False,0,1760732364
444940,187429151,76561199823379718,29,ll,True,0,1738981642
444940,166106052,76561198848912404,10,broken,False,1,1716736146
444940,82337143,76561198241402054,186,Polecam.,True,0,1607942677
444940,50875378,76561198379846667,1373,Git,True,0,1558915035
444940,23234778,76561198262315756,194,"Bardzo dobra gra. Może ma trochę nie przekonującą grafikę ale mówię wam 5 minut gry a już się w połowie uzależnicie. :D
Polecam!",True,4,1464358525
2357570,227670134,76561198218515395,8013,"♥♥♥♥♥♥♥ in support. Got banned for 2 weeks because of ""abusive use of chat"" (told teamates to lock the ♥♥♥♥ in, because tetraplegics would play better than them""",False,0,1781125878
2357570,227668792,76561199101686667,9666,u,True,0,1781124551
2357570,227666997,76561199327062904,389,mam 6 godzin gry ale moge powiedziec ze gierka zdecydowanie lepsza od counterstrike 2 i valoranta,True,0,1781122903
2357570,227658503,76561198130845743,476,wrecking ball makes me ♥♥♥ too much,False,0,1781115736
2357570,227648796,76561198188634025,478,♥♥♥♥ blizzard support,False,0,1781106934
2357570,227593186,76561198052610797,12,"My computer crashes if I turn it on via Steam, on Battle.net, no problems for over 500 hours..As for the game itself, after all these years it's hard to say whether I would recommend it.",False,0,1781037943
2357570,227588102,76561199198654338,18132,Gówno ♥♥♥♥♥♥ Marvel Rivals lepsze tam przynajmniej kobiety jakoś wyglądają a w  tym chujstwie jedynie kto ma cyce to mauga. Nie polecam proszę przenieście się na marvel rivals i tyle dziękuje za uwage.,False,0,1781033244
2357570,227573292,76561199112137830,28993,"serwery to żart, gra sama z siebie jest w stanie cie wyrzucić mimo tego, że połączenie internetowe jest dobre. nie biorą pod uwage tego, że to ich wina, i są w stanie dać ci bana za ich błędy, mam szczerą nadzieje, że coś z tym zrobią bo jak nie to jest to nie do grania XDDD",False,1,1781020298
2357570,227570836,76561199240733039,9602,Bardzo polecam! Moją ulubioną postacią jest Junker Queen. Lubie machać siekierą i jej styl gry jest bardzo spełniający. 10/10,True,0,1781018241
2357570,227517386,76561198929600820,11834,★ ★ ★ ★ ★,True,0,1780952418
2357570,227508540,76561198769646357,601, bvnjiiiiiiiiiiiiiiiiiiiiiiiiiiijvukhygbnv7j8fhny,True,0,1780944832
2357570,227506956,76561198931248504,399,gówn0 j3b@ne każą dać chinole pierd0l0ne numer telefonu polecam twórcy wsadzić se dynamit w dupe i podpalić żeby nie wygenerował więcej takiego guwn@ gra od hindusów stworzona za 3 zł w 2 dni byłaby lepsza od tego chujstwa twórcy porno starają się bardziej niż deweloperzy tej sklejki kodów które śmią nazywajać grą,False,0,1780943529
2357570,227506598,76561199574127581,5965,"Tytuł: „Złote czasy hero shooterów, zanim Blizzard wszystko zajebał”
Recenzja:
♥♥♥♥♥, Overwatch 1. Gra, która w 2016 roku weszła jak grom z jasnego nieba i przez kilka lat była absolutnym królem gatunku. Pamiętasz? Wbijasz pierwszy raz, wybierasz Tracera albo Reinhardta i nagle czujesz, że właśnie trafiłeś na coś magicznego.
6v6, lootboxy (które przynajmniej dało się farmić), genialny balans na swoje czasy, mapy, które były naprawdę dobre, i ta niesamowita chemia między postaciami. Gra była kolorowa, dynamiczna, wesoła i cholernie satysfakcjonująca.
Najlepsze rzeczy w OW1:

6v6 — prawdziwy team play. Tankowie tankowali, supporty leczyły, DPS-y robiły damage. Nie to co ten chory 5v5 eksperyment w dwójce.
Gunplay i feeling bohaterów — do dziś jeden z najlepszych. Genji dash, Pharah rocket jump, Reinhardt charge, Lucio boop — wszystko siedziało idealnie.
Eventy — Halloween, Lato, Zima, Star Wars... najlepsze eventy w historii Blizzarda. Limitowane skiny za grind, nie za kasę.
Community (w pierwszych latach) — dużo mniej toksyczne niż teraz. Ludzie się bawili, robili POTG-i i śmiali.
Różnorodność składów — meta się zmieniała, ale nie było tak, że co sezon jedna kompozycja dominuje.

Co wkurwiało już wtedy:

Lootboxy — RNG potrafił wkurwić, ale przynajmniej nie był tak agresywny jak sklep w OW2.
Brak rankeda na początku (dodali później).
Niektórzy bohaterowie byli broken (Mercy 2.0 era, gdy latała jak anioł śmierci).
Matchmaking czasem rzucał totalny ♥♥♥♥♥♥♥♥.

Podsumowanie:
Overwatch 1 to była ta gra, do której wracało się z bananem na ryju. Kolorowa, optymistyczna, pełna osobowości. Blizzard miał wtedy złoty okres i naprawdę stworzył coś wyjątkowego.
Potem przyszła dwójka, zabili 6v6, zabili lootboxy, zabili PvE kampanię, zrobili sklep za prawdziwe pieniądze i zamienili perełkę w smutnego free-to-play kebaba.
Nostalgia za jedynką boli do dziś. Jakbyś porównywał pierwszą miłość z toksyczną byłą, która co miesiąc wyciąga kasę.
Moja ocena: 9.5/10
„Arcydzieło na swoje czasy. Mechanicznie i klimatycznie jedna z najlepszych gier multiplayer ever. Blizzard, ♥♥♥♥♥, dlaczego?”",True,0,1780943228
2357570,227413313,76561198446268746,29697,N O,False,0,1780844749
2357570,227355915,76561199235650362,3116,it would be better if you never started playing it,False,0,1780783490
2357570,227352147,76561199380178009,7906,"nie grajcie w ta gre nigdy
",True,0,1780780074
2357570,227323269,76561198408416325,7340,najgorszy hero shooter na rynku lepiej siegnac po zbanansowana klasyke jak tf2,False,1,1780757095
2357570,227317694,76561198063526130,1295,GRA MI POKAZUJE CZARNY EKRAN I MAM 40 FPS NA EKRANIE 1080P,True,0,1780752368
2357570,227253046,76561199112343800,10056,"Irytująca gra, wk*rwia jak niewiem. Wyrzuca mnie w trakcie meczu z nieznanego mi powodu bo internet jest ale nie bo trzeba luydzi trzymac na nerwach. Do tego jeszcze mnie przez to zawiesza, A niech ci ludzie tam sie w dupe pocaluja i se oblodza by sie odpier*olic o demnie, Dziekuje za uwage, trzeba było sie wyrzyć.",False,0,1780683627
2357570,227222803,76561198700424941,23896,Przyjemna luźna gierka <3,True,1,1780654647
2357570,227181420,76561198027875448,267,"Overwatch 2 to fenomenalny hero-shooter, w który gra się świetnie... kiedy nie ma wirusa.

Plusy:

Genialne odwzorowanie samochodów: zarówno pojazdy na tor jak i samochody rajdowe
Uzależniający system skrzynek: w skrzynce widziałem chochlika

Minusy:

Optymalizacja: Gra potrafi ""chrupać"", zwłaszcza podczas chaosu na ekranie.
Inwazyjny anty-cheat: Podczas gry pokazują się reklamy kasyn online

Werdykt: Wolę wziąć tabletkę g.w.a.ł.t.u. niż w to grać",False,0,1780601241
2357570,227180751,76561199141285750,38072,bardzo polecam po 200h można mieć załamanie psychniczne depresje i jezdzic w wozku sklepowym.,True,0,1780600717
2357570,227166967,76561198988417643,1376,gowno gra nie wiadomo co sie dzieje,False,0,1780589214
2357570,227151861,76561199104138116,2114,This ♥♥♥♥ worse than Rivals,False,0,1780574602
2357570,227146376,76561199574228229,766,zarąbista gra polecam bardzo tylko ją trochę zniszczyli ale tak to jest git,True,0,1780567102
2357570,227087132,76561199075548874,698,mega gejowa gra i to nawet nie zart ...,False,0,1780494832
2357570,227048591,76561198103584381,12727,Może uda się wrócić do 17% pozytywnych,False,0,1780440208
2357570,227033120,76561199116334496,20124,jebac ta gre to jest syf pierdolony a skrzynki sa ustawione nie polecam ta gra jest dla cweli jebanych dzieki,False,0,1780425313
2357570,227029447,76561198966621109,11024,spoko,True,0,1780422174
2357570,227011667,76561199828716720,774,rdudrgrehdfrdjfhdybgvd,False,0,1780405180
2357570,226943134,76561199165011848,36485,good,True,0,1780322220
2357570,226935917,76561199845650611,2540,"dodajcie skina gdzie bastion jest czlowiekiem i jest goly
",True,1,1780313787
2357570,226934084,76561198723937726,1387,ok,True,0,1780311216
2357570,226901900,76561198162140420,5927,.,False,0,1780264883
2357570,226869001,76561198985309919,314,super gra,True,0,1780238067
2357570,226844203,76561198173053646,51,więcej Mikrotransakcji wincyj złodzieje,False,0,1780213430
2357570,226796450,76561199291980489,1144,bardzo fajna gra jest zajebista ;),True,0,1780162190
2357570,226766876,76561199822250175,747,Polecam,True,0,1780136544
2357570,226713076,76561197985893852,18451,GE NIAL NE,True,0,1780075332
2357570,226706985,76561198283419230,205,gówno,False,0,1780070089
2357570,226688677,76561198752197166,386,mega fajna gra,True,0,1780052407
2357570,226640585,76561199177374588,10391,ten j*bany kot,False,0,1779991558
2357570,226616126,76561198294779298,12501,Winton.,True,1,1779967143
2357570,226582290,76561199238853116,10396,"jeden z lepszych hero shooterów jakie są na steamie, a jest ich nie wiele, różnorodność postaci, duża, liczba zapomnianych przez developerów postaci, duża. Jednakże, najlepsze w tym wszystkim jest to, że gra jest średnia, a może nawet kiepska, więc polecam każdemu. 1.5/100",False,0,1779919431
2357570,226562029,76561199132437805,9238,tf2 is better,False,0,1779900815
2357570,226546513,76561198236724170,11700,bez lipy satyn ragebait gra jak naprawde nie wygląda,False,1,1779885584
2357570,226450842,76561198864272894,61,"gierka dla masochistow, teraz dzieki polaczeniu konta battle net i steam moge zobaczyc ile zmarnowalam zycia na ten syf <3",False,1,1779785054
2357570,226347377,76561199484073175,9516,koham tom gre jestem uzalezniona xaluje stupki dla blizarda za to ze dodali skin kruliczka do mojego tank maina dominy mamusi pozderki gluty,True,0,1779663896
2357570,226327397,76561198966287971,1029,gdyby porownac te gre pod roznymi wzgledami do tf2 to tylko grafiką by sie bronila bo nic lepszego tu nie ma,False,0,1779646094
2357570,226324749,76561198398028436,15535,Szkoda prądu,False,2,1779643947
2357570,226315568,76561198194208166,2605,shadow of the old game,False,0,1779636727
2357570,226259922,76561198044904797,1995,"for reasons I don't understand some communists russian pieces of ♥♥♥♥ can play this game and because of that I can't play this, I am from poland and this is not acceptable",False,0,1779574502
2357570,226247838,76561199475588920,3968,"Overwatch to smutne ścierwo i nie polecam absolutnie nikomu. O ile sama gra jest w miarę dobra, tak gracze są żałośni. Co mecz można spotkać najbardziej no skill postacie do których użytku trzeba nie mieć mózgu. A i choć mapy czy cele są zróżnicowane, dzięki czemu potyczki powinny mieć różny przebieg, tak w każdej rundzie drużyny po prostu idą zbite przed siebie, niwelując jakąkolwiek szanse ciekawego starcia. Więc jedyne co ci zostaje to wziąć jednego z pięciu bohaterów o najsilniejszym promieniu amunicji i schowawszy się za tankiem (no chyba że ty nim jesteś), strzelać przed siebie, licząc na to, że akurat ty więcej razy trafisz w zepsute hitboxy. Kosmicznie drogich transakcji nawet nie skomentuje, bo szkoda strzępić ryja.",False,0,1779563747
2357570,226245436,76561198061655433,2904,skibidi,True,0,1779561787
2357570,226215007,76561198335847441,3494,Jest gicior bomba.,True,1,1779535371
2357570,226144367,76561198877205626,5178,w porównaniu do tego co dostali gracze z chin z okazji 10 rocznicy gry to pierdolony żart,False,1,1779460880
2357570,226126013,76561198226231616,7529,67,True,1,1779439554
2357570,226099050,76561199179280247,3699,ciekawe przez kogo w to ♥♥♥♥♥ gram,True,1,1779401174
2357570,226095860,76561198805840623,40271,ok,True,0,1779397858
2357570,226083640,76561198104026391,16429,jedziemy z tą apokalipsą,True,1,1779386655
2357570,225985390,76561199135144579,761,experience the balls,True,0,1779275542
2357570,225956837,76561198799685779,1175,"fajne dupeczki
i na tym sie koncza plusy tej zyebanej gry dla malp",False,2,1779233839
2357570,225956343,76561198174078369,2665,"Grałem w Overwatch od 2016 do około 2020 roku, miałem masę skinów eventowych, po czym dowiaduję się, że teraz są powszechnie dostępne. Fajnie, że jako stary gracz nie mogę choć trochę się wyróżnić.",False,0,1779233300
2357570,225937209,76561199475472525,1082,"wcale ♥♥♥♥♥ nie szanowni twurcy tej gry rzycze waszym rodzicą wszystkiego najlepszego a tagrze żeby
 jamal rozerwał wam odbyt",False,0,1779214491
2357570,225936894,76561199248646752,1218,"Żałuje że odpaliłem tą grę. Żałuje że dałem tej grze szanse. Osoby które grają w tą grę codziennie nie mają życia ani ojca.
-5/10",False,0,1779214228
2357570,225897893,76561198360651226,2283,"woman = good

sombra = anoying

10/10 would recomend",True,0,1779174057
2357570,225864254,76561199123511341,1533,tak,False,0,1779131056
2357570,225812211,76561198891868764,13890,do dupy z tą robotą,True,1,1779068613
2357570,225791391,76561199007012498,9857,"Niewiem, jeszcze nie zwaliłem.",True,0,1779047533
2357570,225785087,76561199023511447,30,gowno,False,0,1779042865
2357570,225760047,76561199508310022,1258,.,True,0,1779024976
2357570,225757358,76561199181236750,942,hujowa 😂✌️,False,0,1779022848
2357570,225710161,76561198064477677,2240,Dodanie sierry i uporczywe niebalansowanie jej pokazuje gdzie twórcy mają balans rozgrywki.,False,0,1778973613
2357570,225693585,76561199589354046,3047,mama powiedziala zebym sie umyl ale nie chce mi sie bo jestem zajety graniem tej gry,True,1,1778959855
2357570,225660439,76561199434794048,3555,"Overwatch 2 to gra, w której przez chwilę czujesz się jak superbohater… a sekundę później jak dekoracja tła dla wrogiego Widowmakera.

Każda runda zaczyna się niewinnie: „tym razem gram spokojnie”. Oczywiście kończy się sprintem w stronę punktu, desperackim klikaniem umiejętności i pytaniem, czy healery mają w ogóle wolę życia.

Gra ma w sobie coś dziwnie magnetycznego. Nawet kiedy przegrywasz serię, nawet kiedy matchmaking wygląda jak eksperyment naukowy bez kontroli jakości, nadal wciskasz „jeszcze jedna gra”.

Bohaterowie są kolorowi, dynamiczni i pełni charakteru, ale czasem ma się wrażenie, że balans jest trzymany na taśmie klejącej i modlitwie.

Mimo wszystkiego Overwatch 2 nadal potrafi dać te momenty, kiedy wszystko klika: idealny ult, wygrany teamfight i nagłe poczucie, że jednak masz życie… przynajmniej do następnej rundy.",True,0,1778936177
2357570,225592340,76561198119420372,38147,Gra dla pedałów jebanych i cweli. Za to dodanie na black liste i to że dobiera mi cały czas kurwy z bidula ktoś w tej firmie śmiesznej kupionej za garść funta kłaków z chuja powinien wisieć. Zagrałem z 40 rankedów i pernamentnie trafiam osoby które powinne leżeć na onkologii a nie grać w tą gre. Zrobi ktoś coś w tym temacie czy wyjebane będziecie mieli?,False,0,1778870927
2357570,225551391,76561198084910659,1919,Domina,True,0,1778839360
2357570,225485258,76561198780450851,15202,It's astounding how Fortnite has a better Overwatch 10th anniversary event than Overwatch,False,0,1778777215
2357570,225484134,76561199070115943,8568,"Overwatch to dla mnie kompletna porażka. System zdobywania rangi jest tak CHUJOWY, że człowiek zamiast czuć progres, ma ochotę się zesrać. Matchmaking działa jakby był robiony przez diabły tureckie, braci diabła i towarzyszy samego Lucyfera. Za każdą większą aktualizacją muszę pobierać całą grę od nowa, jakby w 2026 roku technologia patchowania dalej była dla nich magią zakazaną.

To nie firma, tylko nędzna banda sekretarzy piekieł. Ich pracownicy  jedzą czarcie gówno i są kucharzami babilońskimi, kołodziejami macedońskimi, piwowarami jerozolimskimi, garbarzami aleksandryjskimi i świńskimi pastuchami wielkiego i małego Egiptu. Podolscy złodzieje, kołczany tatarskie, błazny wszystkiego co na ziemi i pod ziemią. Potomkowie piekielnego węża z kobylimi zadami i świńskimi ryjami.

W dupę możecie mnie pocałować.

— podpisano Wojtek, ♥♥♥♥♥ twoja mać 
",False,1,1778776385
2357570,225466444,76561198119488090,3079,"Wcześniej zepsuli Overwatch 1, zabrali możliwość levelowania i zdobywania dzięki temu skrzynek, mieli wysrane w rozwój jedynki, bo skupiali się na tworzeniu f2p dwójki, która okazała się zawodem, a teraz plują graczom globalnym, dając rozbudowany event na dziesięciolecie Chinom, a nam jakieś ochłapy xd",False,7,1778760369
2357570,225440828,76561198324502949,3077,SUPER GRA POLECAM - MAKS 💓,True,0,1778719332
2357570,225366104,76561198860273285,23538,Bad 10th anniversary event,False,3,1778620178
2357570,225363121,76561198448549111,277,"First thing first, i mostly play on battle.net
and tf is this anniversary ♥♥♥♥♥♥♥♥ blizzard
you are giving chinese players around 750 bucks worth of mythics for free because why not?
You do not treat a customer like that
Really hostile practices and preferential treatment to one group of users, which is a minority in a whole.
",False,1,1778616978
2357570,225361230,76561199175780533,13353,the 10th anniversary rewards are completely useless,False,1,1778614994
2357570,225360822,76561199712552542,42345,most ♥♥♥♥♥♥♥ fps game out there doesnt give a ♥♥♥♥ about any of the players its like hoyoverse of fps games,False,1,1778614601
2357570,225360164,76561198378685074,2072,It needs another Kiriko skin.,False,0,1778613939
2357570,225359177,76561198121146662,4154,Event na 10-lecie to tragedia. Nawet Pvz Garden Warfare 2 miało lepszy event na 10-lecie (nie było żadnego eventu),False,16,1778612997
2357570,225357633,76561199033383761,11351,wuyang.,True,0,1778611502
2357570,225357069,76561198216685355,4555,xD,False,0,1778610958
2357570,225283947,76561198001364224,280,Better than ever,True,0,1778517200
2357570,225268772,76561198295076007,335,"Kiedyś preferowałem Paladins, jakoś tak lepiej mi się grało. Obecnie Paladins jest martwe, więc postanowiłem sprawdzić co słychać w Overwatchu, bo ostatnimi czasy chyba trochę się odbił od dna i muszę powiedzieć, że grało mi się naprawdę fajnie. Aż faktycznie przypomniały mi się czasy w których ogrywałem Paladins z taką dziecięcą radością i tu można było ponownie zasmakować takiego uczucia, spoko sprawa. Wydaje mi się też, że postacie są lepiej zbalansowane niż w Marvel Rivals i mecze sprawiają większą frajdę, ale obie gry są git.",True,0,1778501533
2357570,225202712,76561199544807284,13025,"
One of the most jewish games there is",False,0,1778424041
2357570,225199235,76561199119496225,13,"zajebista gra nawet nie da sie zalogowac bo trzena nr telefonu cieciom podac a jak podajesz do wyskakuje ""Wprowadź numer telefonu korzystającego z usługi abonamentowej"" i c1ul nic nie możesz zrobic jeszcze k0rwa niech pesel trzeba bedzie podac i grupę  krwi",False,0,1778421197
2357570,225186514,76561198370343200,1671,tak,False,0,1778408689
2357570,225149767,76561198053118024,16,"Blizzard w momencie odpalenia gry prosi Cie o numer telefonu ktory potem sprzeda chętnie sprzedawcą garnków i fotowoltaiki, więc jak jesteście samotni i nie macie do kogo sie odezwać to zapewniają wam wsparcie i przyjaciela",False,1,1778364725
2357570,225141435,76561199232487990,13210,"ta gra jest dla osób masochistycznych, twórcy tej gry nie potrafią zbalansować postaci albo to robią po upływie dłuższego czasu po za tym jestem zwyczajnie w tą grę chujowy aczkolwiek twórcy gry mogli by sie zainteresować zbalansowaniem a nie dawaniem do gry flag lgbt i udawaniem że są tolerancyjni",False,3,1778357218
2357570,225138933,76561198366899334,1246,Gra fajna ale nie da się czerpać fanu jak cie losowo wywala z serwera w trakcie meczu,False,0,1778355021
2357570,225100938,76561199850373489,9955,Nie dla ludzi ze słabą odpornością na gejów grających moirą. Poza tym spoko,True,1,1778321319
2357570,225035997,76561199283187580,6568,dostałem bana za niewinność,False,0,1778249262
2357570,225016457,76561198033606657,2923,ok,True,0,1778224016
2357570,224977711,76561198145633660,9950,"Game is pretty fun to play but has terrible servers. In other online games I have 40, 50 or 60 ping depending on location of servers but here it is constant 80 - 120 ping and random packet loss!!! While I am still on discord having 40 ping and have stable connection overwatch kicks me out for no internet connection?? WTF
Also optimization sucks. I have PC build from 2025 worth 2k bucks yet  my 1 percent lows are terrible when enabling nvidia reflex. But without nvidia reflex input lag grows to more than 30 and it is unplayble. Fix these things blizzard because it looks amateur to me",False,1,1778176056
2357570,224973298,76561199213694563,2435,super gra polecam,True,0,1778172059
2357570,224973249,76561199013025388,118,JEBAĆ BLIZZARD,False,0,1778172011
2357570,224971510,76561198891955040,1755,fajne bo jest kotek meowl :),True,1,1778170311
2357570,224923741,76561198985969945,17631,Junowatch,True,1,1778105688
2357570,224912902,76561199139930792,1491,"Fajna gierka. Ciekawe, że zrobili całą gierke na podstawie filmików z D.VĄ (granie czymś innym niż tankami to skill issue)",True,0,1778093770
2357570,224909237,76561198712540043,9810,"ni ma tragedii
",True,0,1778090067
2357570,224885334,76561198838692505,978,"Honestly even tho its past its (ov1) peak, its still a very fun game",True,0,1778063523
2357570,224883699,76561198339044103,21997,I think it's decent,True,0,1778060686
2357570,224822408,76561199163292237,12400,"mój chłopak mnie w to wciągnął, teraz często mam ochotę rozwalić głowę o biurko",True,1,1777983720
2357570,224820996,76561198215648373,4701,Waste of ♥♥♥♥♥♥♥ space,False,0,1777981908
2357570,224749359,76561198047941906,14544,I have never had bigger mental problems than because of this game,True,0,1777893320
2357570,224722138,76561198283831909,69,"Overwatch 2 to po prostu żałosny cień dawnej świetności i bezczelny skok na kasę. Blizzard koncertowo zarżnął duszę tej gry, obiecując złote góry w PvE, z których ostatecznie wypluł tylko ochłapy za grubą walutę. Teraz to głównie frustrujący festiwal niezbalansowanej rozgrywki 5v5 i agresywnych mikrotransakcji, gdzie więcej czasu spędzasz na irytowaniu się durnym matchmakingiem niż na faktycznej zabawie. Z genialnej strzelanki zrobili przeładowany sklep z dodatkiem gry, w którą odechciewa się klikać po dwóch meczach. Totalna porażka i zmarnowany potencjał.",False,5,1777852644
2357570,224704014,76561199092341103,5174,glupia gra 10/10,True,0,1777834973
2357570,224615807,76561198187294753,7600,megakocik,True,0,1777747637
2357570,224604644,76561199839810165,2704,fajna gra,True,0,1777738755
2357570,224595829,76561199219896330,41,słabiutkie,False,0,1777731676
2357570,224528124,76561199120691672,4311,gówno,False,0,1777658788
2357570,224296995,76561198415939515,10229,"I wanna rip my insides out 
10/10 giving birth simulator",False,0,1777395721
2357570,224229749,76561199121500920,7135,"Devs are the softest soycucks I ever had to deal with, 
1 month ban for saying that france is riddled with welfare stealing african immigrants
its free speech until its speech they dont agree with",False,0,1777312839
2357570,224168668,76561199109731348,8641,"DO NOT PLAY THIS GAME, IT CAN DESTROY YOUR HEALTH AND GIVE YOU MENTAL ILLNESS PLEASE RUN AS FAST AS POSSIBLE BECAUSE YOU HAVE SOMETHING WORTH MORE THAN THIS GAME, YOU HAVE FREE MIND AND WILL",True,11,1777232611
2357570,224125627,76561198749693011,2454,tak,True,0,1777194422
2357570,224095461,76561199755509096,12600,Lepsze Marvel Rivals,True,0,1777156798
2357570,224091898,76561199801301965,5956,Ta jebana gra ♥♥♥♥♥ mnie oszukuje z bycia mvp,False,0,1777153226
2357570,224074237,76561199482420022,15892,najgorsza gra która tylko marnuje życie,False,1,1777138339
2357570,224064174,76561198353389661,31613,NIC DOBREGO ODINSTALUJ TERAZ,False,0,1777130280
2357570,224007199,76561198285216077,8483,"Kobita która przegrała ze mną zakład na to kto więcej zrobi heala w drużynie, nie dotrzymała słowa.. zakład był taki że bierze rozwód. DELETE",False,0,1777063734
2357570,223814027,76561198141065670,7103,Maśniuteńka giera,True,1,1776819165
2357570,223807211,76561198960365813,941,gra nie jest okropna ale z cenami no ♥♥♥♥♥ pojebało,False,0,1776810133
2357570,223796550,76561198447629217,43015,meow meow,True,0,1776799068
2357570,223794187,76561199121984880,7992,fix ur ass servers,False,0,1776797005
2357570,223764751,76561199101126999,2194,jebać tą grę :),False,0,1776767916
2357570,223702838,76561199502473343,946,"nice but bether o battle net
",True,0,1776692500
2357570,223646935,76561198159113812,833,klasa,True,0,1776622368
2357570,223611942,76561199887926003,16194,KURWWA KURWY,False,0,1776595239
2357570,223609571,76561198188378918,5741,dobrze się gra,True,0,1776592895
2357570,223561152,76561198200979426,2678,"Gra niegrywalna, szkoda czasu. Powinni zamknąć serwery, bo to całkowita porażka.",False,0,1776540087
2357570,223470350,76561199227589872,440,ok,True,0,1776452144
2357570,223468978,76561199089548984,17793,"So, actually I like that game so I should give an up vote, but...man... ♥♥♥♥ that cat. even Imp from PvZ GW2 wasn't that annoying like that ♥♥♥♥♥♥♥ cat",False,3,1776451019
2357570,223463070,76561199875001815,7726,fajne,True,0,1776446157
2357570,223455592,76561198325162852,19839,Gówno,False,0,1776440506
2357570,223442400,76561198934275870,4105,bro i just said one nword and they give me a ban for a long time they are terible like nword,False,0,1776429971
2357570,223394802,76561198770246103,3481, FFHJFG,True,0,1776369032
2357570,223392106,76561198351339991,5994,Lesser Marvel Rivals,False,0,1776366426
2357570,223382883,76561199401401557,1458,not bad,True,0,1776357231
2357570,223378789,76561199832229102,6200,Bardzo fajna gra .,True,0,1776353262
2357570,223327341,76561198900591792,79,♥♥♥♥♥♥ gowno,False,0,1776280783
2357570,223315220,76561199045329293,115,"Ta gra odmieniła moje zycie, jeszce 2,6 godziny temu byłem szcześliwym rodzicem miałem żone i dzieci po upływie 30 minut w tę genialną gre zaczełem szanować osoby LGBTQ+ , 1h temu zadzwolniłem do kolegi żebym mógł mu obciągnąć,l kiedyś byłoby to nie do pomyslenia a teraz uwielbiam wielkie czarne kutasy i aktualnie szukam chłopaka/dziewczyny/osoby nie binarnej alby mogła zrobic mi kastracje ponieważ chciałbym wstąpić w szeregi partii komunistycznej i obciagac każdemu kutasy. Dziękuje za moją spowiedz. ps Lubie w dupe",False,2,1776268450
2357570,223314346,76561199575600855,49886,"bany leca za nic, spolecznosc wrazliwa na krytyke, fake reporty, administracja nie istnieje. odradzam
",False,0,1776267618
2357570,223310037,76561198355296316,3142,Nie mogę grać ponieważ wywala mnie na amerykańskie serwery z 200-400 pingu a blizzard od ponad roku nic z tym nie robi i odsyła do dostawcy internetu xD,False,7,1776263387
2357570,223309261,76561199000603839,9941,.,True,0,1776262610
2357570,223286891,76561199816342303,6694,to jest dobra gra ale powinny być dodane to co było w 1 część ovewatch czyli za gady poziom powinne byc skrzyki np epickie lubco 5 poziomów legendarne,True,0,1776225976
2357570,223270401,76561199224999120,1071,Nice game,True,0,1776202078
2357570,223260243,76561198976419748,32611,jak gram to glownie gram stopa bo mam zajeta reke jak gram genjim,True,1,1776191473
2357570,223256039,76561199230339256,81,ta gra to tf dla osob z adhd i autyzmem jebac ja,False,0,1776187570
2357570,223237990,76561198408133236,1978,"best chance to hop in,
overwatch is in best state since YEARS",True,1,1776169100
2357570,223229252,76561199167478977,3676,gites,True,0,1776155453
2357570,223209152,76561198121543591,29749,Fix the ♥♥♥♥♥♥♥ input lag,False,0,1776120541
2357570,223204553,76561198206524451,3828,ta gówno gra nic nie daje od siebie bo ludzie zarabjający tysiące złoty nawet nie umieją zablansować postaci w grze która na rynku jest prawie 10 lat i do tego ♥♥♥♥♥♥ serwery które działają jak odkurzać,True,0,1776114748
2357570,223194996,76561199158780174,80,"a idź pan. przy logowaniu nerwica gwarantowana, a sama gra to taka bardzo średnia",False,0,1776104565
2357570,223190420,76561199592904887,9233,Winton,True,0,1776099843
2357570,223175483,76561198378965984,75,blizpies,False,0,1776084268
2357570,223157759,76561199441781418,6102,spoko,True,0,1776052698
2357570,223136873,76561198813552201,114,juz wole w boom arene zagrac zamiast tego. 300 lewel poszedł i co mam w zamian jakies ujemne sezony. idzie z tym . prosze wiecej takich nie produkować,False,0,1776025770
2357570,223127612,76561198350823767,3032,nie podoba mi sie,True,0,1776017806
2357570,223108964,76561198802446569,16349,aha,True,0,1776003090
2357570,223061514,76561198004676395,106069,"Gram w Overwatch od czasów bety zaczynałem kiedy bastion miał tarczę przed sobą a Mercy potrafiła podnieść całą drużynę klikając jedno ""Q"" Ale to było dawno temu. Jak jest teraz? Prawda jest taka, że gdyby nie Marvel Rivals to Overwatch dalej byłoby średnią gierką a tak dzięki NetEase zostali zmuszeni do ruszenia tyłków i wyszło im to naprawdę dobrze. Mamy naprawdę mnóstwo bohaterów jest ich ponad 50! Mamy też mnóstwo map do grania, jest mnóstwo różnych trybów gry począwszy od zwykłych gierek po mecze rankingowe i różnego rodzaju tryby w arcade. 

Oczywiście jest też sklep ale w nim są tylko elementy kosmetyczne które owszem są drogie ale tanio to już niestety było :/ Na szczęście przepustka kosztuje standardową cenę czyli okolice 50zł i niestety nie zwraca się w całości :/ 

Czy warto? Ciężko mi odpowiedzieć na to pytanie ponieważ mam w tej grze prawie 3000h więc moja odpowiedzieć może nie być obiektywna ALE jako, że gra jest za darmo więc tak na dobrą sprawę nic nie tracicie a może Wam się spodobać! Dodatkowo dodam też, że co sezon dostajecie nowego bohatera, nową mapkę, jakieś zmiany w bohaterach lub mapach tak więc Blizzard dłubie przy tej grze i to jest na duży plus. Dodam też, że zdecydowanie warto grać z kimś kto najlepiej ma jakieś większe pojęcie o grze bo nowy gracz może zrazić się ogromem wszystkiego. Ogólnie polecam! :)",True,4,1775948825
2357570,223061279,76561199734840386,6844,dobra gier pozdro 67 hdmi jalapeno,True,0,1775948574
2357570,223043965,76561198836889582,189,"chujowa gra
",False,0,1775932633
2357570,222963668,76561198329850746,11638,H*jowa ta gra ale i tak bedę grać,True,0,1775846684
2357570,222945463,76561199324709036,34960,zniszczylo mi to zycie,True,0,1775830143
2357570,222930714,76561199447266331,789,guwno,False,0,1775811088
2357570,222904016,76561198149118789,1629,"The game is in a terrible state, completely unlike Overwatch 1. Unbalanced characters, terrible maps, and a feeling of having no impact on the game. Tanks are made of paper. Everything literally one-shots you. The experience is terrible, and it's the last game I'd recommend for any kind of free time. It's sad how such a beautiful game can be turned into such a mess.",False,1,1775769873
2357570,222887300,76561199232490398,4176,same cwele w to graja szczerzw,True,0,1775753188
2357570,222863703,76561198150443293,4976,"kiedyś było fajne, później nie, a teraz jest fajne polecam




winton",True,0,1775725665
2357570,222860369,76561198992847248,32469,this game sucks,True,0,1775719937
2357570,222818014,76561199130318755,25476,meow,True,0,1775665170
2357570,222730173,76561199508278724,526,guwno to jest niesamowiciue,False,0,1775557998
2357570,222688202,76561198201961632,299,,True,0,1775501102
2357570,222679497,76561198929243796,7588,nie mam taty,True,0,1775493419
2357570,222659532,76561198434774026,7077,ok,True,0,1775475255
2357570,222656901,76561199437600181,1226,gra powoduje utrate muzgu nie grajcie w to,True,0,1775472139
2357570,222580984,76561197963265306,1588,"overwatch my ♥♥♥♥
",False,0,1775395346
2357570,222574630,76561199020414420,11410,latający kot,True,0,1775389623
2357570,222538962,76561199209213497,9737,goated,True,0,1775347504
2357570,222529813,76561199192782404,1681,jebac was kurwy z  blizzardu  nie da sie grac w to gowno oddajcie gre,False,0,1775338078
2357570,222484826,76561199889418736,19,"jkhkkhujklhi

",False,0,1775301491
2357570,222442722,76561198398879161,8014,Rozpirzyć to,True,0,1775253159
2357570,222435501,76561198875256919,1526,fajna,True,0,1775246952
2357570,222428200,76561199697401084,1374,Support men>>>,True,0,1775241044
2357570,222427273,76561199501222496,16028,bradzo fajna gra,True,0,1775240272
2357570,222365259,76561199195168040,466,"Te ♥♥♥♥♥♥ kurwy z blizzarda, jebac was szmaty, juz ♥♥♥♥♥ 6 albo 7 raz podaje numer, wy jebani mossadzy agenci",False,2,1775172578
2357570,222335139,76561199170011423,11946,This would be good game if Ramatra wasn't added to this game.,True,0,1775144533
2357570,222325110,76561199166581188,18800,wale konia do tej gry,False,1,1775135347
2357570,222281848,76561199107515574,54735,"Nie polecam nikomu tej gry. Ta gra mnie zniszczyła, dostałem utraty połowy mózgu najgorsze w tym wszystkim jest to że ta gra doprowadziła mnie do uszkodzenia mojej nerki po 100H jeszcze było dobrze po 200H dostawałem hipohondri jaj po 300H nie staje mi po 400H zaczym cos czuć do chłopców po 500H zacząłem tracić chęci do życia po 600H moje życie nabierało kolorów po 700H czułem się jak pedał po 800H dowiedziałem się że istnieją kobiety po 900H ZOSTAŁEM GEJEM!.",False,0,1775078616
2357570,222279147,76561198149264698,12957,"Gra od pewnego czasu stała się mało grywalna. Co chwila pojawiają się lagi i wywalanie z gry. Ping skacze do 300 i nie spada. Restart nie zawsze pomaga, a jak już to po czasie, dostajesz bana i nie możesz wrócić do gry. Porażka",False,7,1775075961
2357570,222259018,76561198123628131,5353,.,True,0,1775057697
2357570,222258578,76561198134398993,4544,wsio,True,0,1775057288
2357570,222256173,76561198085720695,12084,"Na sobie nowy dres, cały klub buja się",True,0,1775055086
2357570,222220079,76561198693294848,73,chińka tania podróbka tf2 dla dzieci,False,0,1775005902
2357570,222207674,76561199580273703,10611,"Kiedy lootboxy wróciły, najlpesza gra na świecie. ( ale nowe postacie dubaikaka)",True,0,1774991332
2357570,222200569,76561198196398234,6073,"fajna giera, duzo postaci, szybkie gry",True,0,1774985017
2357570,222199216,76561199155508711,6204,"Co chwilę wywala grę, niegrywalne",False,0,1774983795
2357570,222196798,76561198253733219,4117,Jedynka była lepsza,False,0,1774981734
2357570,222195555,76561198912317498,13415,lubie w to sobie pograc,True,1,1774980658
2357570,222166129,76561198096990280,74,It's not fun,False,0,1774952573
2357570,222128769,76561199470343008,4464,NIE,False,0,1774902093
2357570,222106573,76561198847199484,4782,I love D.Va,True,0,1774882559
2357570,222104820,76561198447976279,6083,gowno kto w kto gra je gowno i rzygi i was jebac brudasy,False,0,1774881036
2357570,222053007,76561197967747165,7481,.,True,0,1774817483
2357570,222044341,76561198970446826,4932,Kiedyś obciach teraz klasa.,True,0,1774810766
2357570,222037007,76561198283752889,40060,Polecam ♥ Juno  i Bastion są cool :3,True,2,1774805549
2357570,221993973,76561198121534017,34,XD to juz nie 2016 gra umarla,False,0,1774771095
2357570,221965981,76561198004148164,802,First Overwatch much better. Good work Blizzard :),False,0,1774740448
2357570,221945455,76561198450880845,28756,guvno dla rzydów j3banych,False,1,1774723823
2357570,221940685,76561199066289469,1102,ok,True,0,1774720382
2357570,221886441,76561199112022483,3399,"After so much time i tried overwatch2 because i heard it got better... and it did fr i love it rn but there are things they can fix and i need more content fr but like i said i love it rn after those updates 

idk what else to say it is just our overwatch (i know people hate on lootboxes but you cant even buy them like in overwatch1 soo idk i like the skins and stuff)",True,2,1774671076
2357570,221870679,76561199219350825,40641,gownob ♥♥♥♥♥♥,False,0,1774654232
2357570,221852725,76561199307416924,1674,"
",True,0,1774638762
2357570,221835532,76561199714850322,3586,gówno,True,0,1774625291
2357570,221822329,76561199520366820,246,gra typu zagraj raz i odinstaluj {moim zdaniem},False,1,1774614325
2357570,221790159,76561198320193261,11,"Nie polecam. Do zagrania kazali mi założyć konto battlenet i podać numer telefonu. Podałem telefon i nie działa. Pojawia mnie się błąd :""Wprowadź numer telefonu korzystającego z usługi abonamentowej"". Śmieszne, że do zagrania potrzebny jest telefon w abonamencie.",False,0,1774572677
2357570,221768726,76561198013467637,18523,"chillowalem jako support na tylach ekipy a hammond stwierdzil ze to moj czas i rozjebal mi leb swoim dupskiem, ogolnie polecam",True,5,1774552099
2357570,221735685,76561198431890532,4631,r34 adaptation,False,1,1774524263
2357570,221684864,76561198864941272,856,Jeżeli możesz to graj w deadlock'a,False,0,1774464316
2357570,221662566,76561199187486296,365,"A idź w pizdu, są lepsze gry z gatunku ""heroshooter"" a Blizzard to chćiwe mendy",False,4,1774446423
2357570,221622288,76561198815932778,7398,I suck at this game so it must be broken,False,0,1774397535
2357570,221594999,76561198434042064,7126,"i got banned for  caliing my team mates trash 0/10 no free speech
",False,0,1774373769
2357570,221587838,76561199123608519,1033,spoko gierka,True,0,1774368392
2357570,221530814,76561199381021504,11887,spoko się tera gra,True,0,1774306718
2357570,221523867,76561198946292434,468,"my wife recommended this game to me
I lost all my braincells and gained probably 600 tumours since then
please end my misery 
i am very sad from this game 
bad
I'd rather stick to Valorant <3",False,6,1774300445
2357570,221495433,76561199680288923,320,fujna gru pulycam guram 3 gudziny xd,True,0,1774279145
2357570,221462551,76561199065610840,13721,"Najgorsza społeczność wszechczasów, deweloperzy to leniwe (wstaw dowolne byle obraźliwego). Model biznesowy to też jakiś hit ale to wystarczy sobie przeliczyć ile sobie życzą za skórkę mityczną",False,1,1774245027
2357570,221436914,76561198359334053,41492,winston,True,3,1774218629
2357570,221425832,76561198204712329,7295,niedojebana gra dla frustratów,False,1,1774210303
2357570,221326953,76561199446902588,26222,"I was forced to play this game by a fine woman
*I LIKE THIS GAME VERY MUCH TRUST ME

The game is running smoth on 120fps no changes in fps on good settings so its optimized",True,1,1774135823
2357570,221267149,76561198844928264,9130,peak is back,True,0,1774097219
2357570,221216636,76561199229754536,6300,"NIE POLEAC,",True,0,1774054455
2357570,221204924,76561199141943027,3067,Lepsze niż Goonvel Rivals,True,0,1774044913
2357570,221204894,76561198055683851,825,overwatch <3,True,0,1774044891
2357570,221194289,76561198025796689,25961,"Serwery: zlagowane
Matchmaking: Tragiczny
Balans: Znikomy
Na trybie stadion fpsy potrafią spadać z 144 stałych na 16.
Jedyny powód dlaczego nadal w to gram to nałóg",False,0,1774037286
2357570,221172125,76561199023947646,23273,"g^wno w d^pie, ch^jowe dobieranie teammatow na rankedach",False,4,1774023146
2357570,221163882,76561198966289854,12753,"ok
",True,0,1774018642
2357570,221086678,76561198024864437,397,"nie podoba mi sie, marvel lepszy",False,0,1773960798
2357570,221083207,76561198345717735,5,jakas weryfikacja lapka w dol team fortress 2 górą !,False,0,1773957508
2357570,221079856,76561198148361249,6049,"jebac wieprza, moire, kota, vendette, sombre, tracer",False,0,1773954341
2357570,221074962,76561199255723200,9873,kot i moira izraelici manipuluja moja gierka,False,0,1773949788
2357570,221062077,76561199040132185,18831,ciężko się gra vendettą samą lewą ręką ale jakoś se radze,True,0,1773938770
2357570,221011071,76561199016975670,7976,MEGA,True,0,1773873656
2357570,220993085,76561198293470856,1421,healerzy to cwele,False,1,1773855135
2357570,220985792,76561199742440702,1508,zaj@bista gra,True,0,1773848229
2357570,220923494,76561198271897616,9513,still a good game,True,0,1773780297
2357570,220921905,76561199528411395,20273,wspaniała gra,True,0,1773778808
2357570,220919709,76561199210723416,7587,doesnt work on a high end pc,False,2,1773776720
2357570,220913498,76561199200511344,13651,nie lubie tej gry !,True,0,1773771141
2357570,220911145,76561199778982437,3379,chujowa gra jak 150,False,0,1773769026
2357570,220890888,76561199191019802,5069,gówno w huj,False,0,1773749593
2357570,220854868,76561198221490484,53579,chujowa gra,False,0,1773698910
2357570,220852799,76561198271111257,15020,Najgorsza Gra w jaką kiedykolwiek grałem Nie polecam,True,0,1773696868
2357570,220783919,76561198974498196,13169,Gra dla spasłych pdf-ili,False,0,1773615053
2357570,220763499,76561198887097511,14835,elo,True,0,1773598231
2357570,220759273,76561199630124478,3889,tank diff,True,0,1773594992
2357570,220737437,76561198301874288,4268,"super gra pozdrawiam 
",True,0,1773577990
2357570,220697405,76561197976232568,1186,"Doesn't support 4:3 resolutions, runs like raw arse even on lowest graphic settings and crashes every 10-15 minutes. Unplayable due to technical shortcomings - can't rate gameplay merits properly.",False,1,1773533034
2357570,220690539,76561198055233405,106,Nie da się znaleźć żadnego meczu,False,0,1773526352
2357570,220642513,76561198959929294,5166,powiem tak wszystko fajnie fifa rafa ale kurwy jebabne dodały kota wiec pierdole ta gre. a tak to spoko nawet,False,0,1773487050
2357570,220631296,76561199135161847,2670,"polecam
",True,0,1773474495
2357570,220594006,76561198100414085,7009,"Add another shield based character, will ♥♥♥♥♥♥♥ make the game better",False,0,1773433097
2357570,220567585,76561199275682975,5550,fajna,True,0,1773410906
2357570,220532376,76561198992652129,413,"Super
",True,0,1773363308
2357570,220529275,76561199170739937,4352,spoko gra na luzne napierdalanie szybkie mecze nie trzeba sie pocic jak bita ♥♥♥♥♥ tylko se grasz i masz luz jak majty po grubym dziadku esia 😋😋😋,True,1,1773359625
2357570,220526001,76561198394526311,18775,"dostałem perma bana za nazywanie graczy ""odrzutowej kotki"" retardami - i nie, nie żałuje tego",True,0,1773355763
2357570,220496931,76561199088431797,1240,yes,True,0,1773327843
2357570,220455976,76561198832069453,1710,The NIER collab skins look awful.,False,0,1773270097
2357570,220442718,76561199107111856,4163,bardzo fajna gra,True,0,1773256511
2357570,220417968,76561198755824792,412,tak yes tak yes tak yes tak yes tak yes tak yes tak yes,True,0,1773232585
2357570,220403834,76561198809153867,10204,ludzie chrupki ale jest git,True,0,1773210756
2357570,220395037,76561199244650991,5233,Słońce wstaje,True,0,1773196878
2357570,220379357,76561198878380796,8943,tank diff no push,False,1,1773178054
2357570,220369641,76561198373316619,5672,ta gra to gvwno zxsdddd,True,1,1773169033
2357570,220366337,76561199034134753,6195,"Uwielbiam hanzo :3
",True,0,1773166215
2357570,220350892,76561198354250914,10163,"Rankingowy na rangach silver/gold jest dosłownie niegrywalny bo dobiera kretynów
Edit.1 CHUJA SIĘ CO ZMIENIŁO ",False,1,1773152083
2357570,220337228,76561198290391127,24917,oi oi oi,True,0,1773135554
2357570,220303993,76561199509414544,306,"chyba polecam, only solder 76, thats go poppyn, ohh yeah
",True,0,1773090539
2357570,220302658,76561199088513199,7099,"dalej jest chujowo i tak ja pisałem mam 100 h i pewnie zaraz bede miał 200
dalej brak kolegów",True,0,1773089325
2357570,220290456,76561199586564864,66,"Gra bardziej do walenia konia niz do grania 
A jak juz grac to jedna reką bo dupsko tracer zajmuje pół ekranu :P",True,9,1773078777
2357570,220266354,76561199794855077,22938,"spoczkens, mozna cosik pohealowac",True,1,1773056257
2357570,220236352,76561199058041642,28841,"lost father figure, fully blinded, retarded, died twice will proceed to still play the game",False,6,1773017268
2357570,220224831,76561199026208297,8920,szmaciana gra dla zeszmaciałych ludzi.,False,1,1773006630
2357570,220217199,76561199154301181,1534,"Spoko gra o spoko klimacie, ALE... no nie wiem postacie sa zbyt troche jednolite takie i jeszcze w dodatku ta ognista nowa postac jest tak zbalansowana ze tanka sama potrafi rozwalic z palcem w nosie, ale takto fajnie jest na 1v1 i w wiekszosci to tyle",False,0,1773000737
2357570,220217180,76561198296358828,28,CO TO ♥♥♥♥♥ JEST ZA GÓWNO XDDDD,False,0,1773000728
2357570,220216930,76561199231886921,1119,Ogólnie polecam fajna gra dużo się dzieje wystawiam recenzje negatywną bo nie pozytywną ale gra zasługuje na pozytywną po usunięciu z tytułu 2,False,0,1773000555
2357570,220210605,76561198033019914,60141,overocz,True,0,1772996010
2357570,220177155,76561198351893730,2214,ok,True,0,1772971524
2357570,220171755,76561199252612126,4637,no,False,1,1772966530
2357570,220138325,76561199388225809,1423,ale sraka wtf kto w to gra ♥♥♥♥♥ gra dla cuckoldow szmaciarzy i zjebow pozdrawiam jerrego,False,0,1772932789
2357570,220129639,76561198996492378,1201,xdd,False,1,1772924713
2357570,220112686,76561198128989230,7248,unstable servers fix the game ♥♥♥♥♥♥ ass blizzard,False,3,1772911989
2357570,220112180,76561199497053224,23793,Its aight,True,0,1772911648
2357570,220108398,76561199094190224,17977,ramattra yuri,True,1,1772908987
2357570,220095492,76561199043777354,19931,ok,True,0,1772900119
2357570,220087759,76561199862727695,362,so good game its good but if u are begginer u cant win,True,0,1772895060
2357570,220021919,76561198896943545,64,"Nie wiem czy gra jest dobra czy zła, bo nawet mnie nie wpuściła i chyba za samo to zasługuje na ocenę 0/10. W moim koncie jest podany numer telefonu, ale gra z uporem maniaka powtarza, że mam aktywować weryfikację przez sms. Po kliknięciu w przycisk, albo jest błąd 403, albo mnie pyta o moje dane, w tym o numer telefonu, który jest już używany... no nie wiem ♥♥♥♥♥, bo go używam?? Support ma to kompletnie w dupie i położył na to żur. Zmarnowałem 3h na to żeby pograć ze znajomymi i nic z tego nie wyszło, więc stwierdzam, że nawet nie chciałbym nasrać na to gówno...",False,0,1772834423
2357570,220008070,76561198995869980,6501,/.,True,0,1772824015
2357570,219995280,76561199105291458,1784,"Mega fajna strzelaninko-gra, polecam :D",True,0,1772815084
2357570,219980821,76561199097422597,18505,if you are looking for a nervous breakdown I recommend it,True,0,1772804924
2357570,219906629,76561199159950409,36894,"chuja nie gra, niepolecam nikomu zdrowemu na umysle",False,1,1772737208
2357570,219820248,76561198279144440,887,kurde spoko sie gra skacesz do gory masz jet pack na plecach jeszcze odbijasz sie do gory rakietami i nagle uruchamiasz słowo klucz. wpierdzielasz im salwe rakiet z góry jak anioł bóg ktory go zdradził i stworzył piekło wszyskich pożerach tymi rakietami i konczysz gre posuwajac pociag do celu gry,True,1,1772649714
2357570,219819825,76561199127557452,3349,"Bad game, Good porn",True,1,1772649371
2357570,219752725,76561198165680184,20423,Mauga usiadl mi na buzi 10/10,True,3,1772583658
2357570,219751395,76561198168573166,3852,G,True,0,1772582403
2357570,219736543,76561199044887428,14482,"""utracono narzędzie renderujące"" k y s blizzard",False,1,1772569235
2357570,219718332,76561198993685960,23,♥♥♥♥♥♥ ♥♥♥♥♥ gowno,False,0,1772554647
2357570,219650629,76561199186460966,5006,+3 -40 ♥♥♥♥ my life,False,1,1772474277
2357570,219649710,76561198786333222,2359,zajebusta,True,0,1772473444
2357570,219579968,76561199104052844,2500,"Od czasu do czasu jest spoko sobie w to pograć, ale jakbym miał grać codziennie to chyba bym sie zabił",True,11,1772397186
2357570,219555102,76561198772342506,419,/,True,0,1772379977
2357570,219524742,76561199544375426,1302,mega,True,0,1772355537
2357570,219500993,76561198307905124,4751,gra spoko ale serwery do pizdy. Wydajcie złowtówki na serwyery smiecie ♥♥♥♥♥♥,False,1,1772331600
2357570,219479845,76561199524094078,1783,Alien gra moirrą,False,0,1772313296
2357570,219470860,76561198410057801,2651,ok,True,0,1772306905
2357570,219414955,76561198399575525,55617,i love moira overwatch,True,0,1772260594
2357570,219391603,76561198817593351,4072,"Overwatch jest ostatnio naprawdę fajną grą i co najważniejsze, w końcu ma się wrażenie że gameplay jest fair w stosunku do gracza",True,2,1772236504
2357570,219361696,76561199223533720,13298,Ramatra is fun,True,0,1772212215
2357570,219305751,76561198142344405,9739,winton,True,0,1772150815
2357570,219300898,76561199058982027,9202,spoko gra,True,0,1772144690
2357570,219295480,76561197963728819,2073,Warto spróbować.,True,0,1772139059
2357570,219282188,76561198410971402,13,"chuja warte
",False,0,1772126301
2357570,219271289,76561198449850720,15319,"Depresja, płacz, smutek, wszystkie te słowa są po tym jak w enemy hanzo z aimbotem przez sciany wali headshoty, ogólnie wkurwianie się , napierdalanie myszką o ścianę, klawiaturą też, polecam serdecznie gdy ktoś chce pogłębić depresje którą już ma :D",True,0,1772116414
2357570,219270630,76561198330761887,17283,Jest coraz lepiej,True,1,1772115772
2357570,219254496,76561198167711380,2910,si,True,0,1772095111
2357570,219230132,76561198031228313,15,"Grałem na bnecie, tu zainstalowałem tylko w celu udzielenia wyczerpującej recenzji dotyczącej tejże gry którą to niewątpliwie overwatch (specjalnie z małej litery) jest. Bez dalszej zbędnej paplaniny przechodzę do sedna.

Szkoda prądu.

pozdro z fartem",False,0,1772060047
2357570,219223844,76561199486722020,9830,"Bardzo fajna gra, jeśli nie obchodzi Cię twoje zdrowie psychiczne.",True,0,1772053026
2357570,219183232,76561198312882339,5022,"wróciłem do tej gry po 8 latach, i dalej jest tak samo zaje*ista. Złomiarz i Sigma dalej są tak samo fajnymi postaciami i kocham nimi grać, a ostatnia aktualizacja jeszcze bardziej utrwaliłą mnie w tym, że twórcy chcą zrobić z tą grą coś dobrego. 

Krótko mówiąc, polecam dla każdego!!",True,1,1772011299
2357570,219167830,76561199560410263,49,nie,False,0,1771988113
2357570,219157598,76561199159565415,16840,calkiem skibidi,True,1,1771975806
2357570,219156767,76561198770253499,1278,tak,True,0,1771975308
2357570,219156727,76561198272171038,25473,goog and flying cat,True,0,1771975287
2357570,219155689,76561199080639489,8007,oke,True,0,1771974760
2357570,219151958,76561198051169566,3102,"Umarł król, niech żyje król!",True,1,1771971037
2357570,219144359,76561198280022839,4879,"very nice , but nerf cat :)",True,0,1771963865
2357570,219142296,76561198015860802,2185,Spoko chillera,True,0,1771962060
2357570,219127982,76561198865233841,14790,Gra sie powoli poprawia (balans postaci) ale dobieranie graczy muszą mocno poprawić  jak poprawią dobieranie graczy to polecam jak nie to nie,True,0,1771949657
2357570,219113937,76561198352524437,9111,Naprawde Sztos OVERWATCH TO MY !!!,True,0,1771936133
2357570,219110046,76561198411938264,18780,"Bawię się tak dobrze jak 10 lat temu po raz pierwszy od czasu ""Overwatch 2""",True,0,1771931322
2357570,219077160,76561198770763371,12626,Trzeba lubić bardzo dynamiczne gry. Bardzo fajna i wciągająca gra.,True,0,1771887055
2357570,219076516,76561199066858295,21690,super gierka elo,True,0,1771886325
2357570,219071532,76561199186937969,1928,super gra polecam,True,0,1771881330
2357570,219071264,76561199145486169,626,Swędzi mnie noga,True,0,1771881049
2357570,219068689,76561199036731941,7077,"Tragiczna gra, od godziny próbowałem się zalogować ale battle.net uznaje że nie jestem człowiekiem. Nawet filmik gdzie Indyjczyk tłumaczył jak to naprawić nie pomógł.",False,0,1771878666
2357570,219052237,76561198277140848,1408,"Jak kiedyś opowiadałem wam, świętej pamięci mój wujaszek, mialem bardzo mało lat o ziomus z 5, 6 lat ziomus nie wiem, ale bardzo mlody bylem i wujek u babci byl, i dla ŻAAAAAAAAAAAAAAAAAArtów,  podkreślam, dla żartu zrymowałem do wujka wujek - kujek przez ""k"" przez ""k"" bo to mi się rymowało, powiedziałem wujek kujek i wujek wyjebał mi liścia w pysk i od tamtej pory już żadnego żartu nie zrobiłem w stosunku do wujka",True,0,1771864012
2357570,219043978,76561198977974240,8975,to jest tak jakby okej,True,0,1771856495
2357570,219038786,76561199573589648,9874,overhated,True,0,1771851326
2357570,219026367,76561198275118404,20238,good,True,0,1771836019
2357570,219024181,76561198860742331,368,Delirios dogma powiedxial ze overwatcg 3 i want to belive 😇,False,0,1771833016
2357570,219001407,76561199275504331,535,gowno,False,0,1771803856
2357570,218992402,76561199553166355,6948,gumnwo,True,1,1771795480
2357570,218991778,76561199118407570,1702,Fajna gra polecam,True,1,1771794971
2357570,218987142,76561198981503354,14113,"ogl mega zajebista jest ta gra, wazne jest zeby po prostu nie plakal lol plakal 67",True,0,1771791399
2357570,218983989,76561199141534909,3427,jest lepiej,True,1,1771789064
2357570,218965193,76561199181374827,335,"predkosc, powinni placic ludziom za to ze to instalują

gdybym byl w posiadaniu adhd i autyzmu to pewnie bym w to napierdalał ale ze nie posiadam takowych chorob to stwierdzam iz ta gra to jebany gniot

",False,0,1771775346
2357570,218964939,76561198877865554,11134,unplayable alone,False,0,1771775160
2357570,218956816,76561198107642274,21,"gowno nie da sie polaczyc, jebac",False,0,1771769125
2357570,218851816,76561198878399340,3224,Niszczy psychike jak liga legends,False,0,1771669839
2357570,218851627,76561198399031436,596,Bardzo fajna gra.,True,1,1771669619
2357570,218818972,76561198318272480,15,Can't play without entering phone number,False,0,1771631214
2357570,218790927,76561199810048417,5919,GIT,True,0,1771609385
2357570,218770986,76561198152487193,13009,They've finally made it playable after all these years,True,0,1771591796
2357570,218722000,76561199122371964,369,chujowa nie pobierajcie,True,1,1771530742
2357570,218717711,76561198280056487,163,After playing 3 hours with friends as a newbie in game getting banned with no reason X D,False,0,1771526963
2357570,218705590,76561199203970167,27,"Logujesz się na konto ? Chuja się zalogujesz bo numer telefonu jest już w użyciu, i chuj że w użyciu na tym właśnie końcie na które chcesz sie zalogować i tak wyskakuje powiadomienie z jedną obcją wywalenia do pulpitu i nic nie da się zrobić, przelogować się ? Nie bo jedyne powiadomienie co wyskakuje to ""inne konto dla numeru telefonu, wywalanie do pulpitu"" jakie są obcje do wyboru: Kliknij OKEJ, i to tyle. Próbujesz skontaktować się z supportem ? Mają w to wyjechane i tylko odysłają do forum społeczności. Tragedia, nigdy już nie zagram w nic od Blizzard, zero szacunku do klienta",False,0,1771516340
2357570,218695292,76561198279025499,6910,],False,0,1771506535
2357570,218685199,76561198309917080,3325,swietna gra ale gracze lucio to femboye(i doomfista),False,0,1771493003
2357570,218661270,76561198423974050,12699,Wuyang low cortisol gameplay,True,0,1771459580
2357570,218660998,76561198986238971,235,początek tej zacznej gry x lat temu był czymś prozaicznym. Dzisiaj to tylko wspomnienie ;c,True,0,1771459266
2357570,218660535,76561198424264794,3660,SPOKO,True,0,1771458730
2357570,218658299,76561198227317416,2708,"nie podoba mi sie
",False,1,1771456198
2357570,218657698,76561198974120788,7772,mega sigma sigma 676767677676776,True,0,1771455559
2357570,218655869,76561198903972793,3848,fajna giera,True,0,1771453593
2357570,218646823,76561199567692261,10468,kocham,True,0,1771444583
2357570,218637619,76561198887559041,51,",",False,0,1771436243
2357570,218631210,76561199601811083,1217,hmmmmmmmmmmmmmmmmmmmmmmmmmmmm,True,0,1771430796
2357570,218629706,76561197991344700,13113,WAY BETTER THAN MARVEL,True,0,1771429364
2357570,218629031,76561198115052740,438,"Fajnie, że gra odżyła, ale ostatnio wywaliło mnie z rankeda, bo servery padły - gdy zresetowałam gre dostałam kare za wyjście z meczu :) i pewnie przegrany mecz, więc GG WP.
Jednak plus mały, że w końcu można w tą grę grać od kilku lat.",False,0,1771428757
2357570,218555569,76561198049176690,35214,"Tytuł w najlepszym stanie od wielu lat, czuć powrót zapału do rozwoju u developerów.",True,1,1771352089
2357570,218553437,76561198213483129,2559,"♥♥♥♥♥♥♥ game
",False,0,1771350290
2357570,218533465,76561198056486554,2371,"Nowe postacie są zarówno fun jak i nie wydają się na ten moment przegięte. Gra dalej jest przyjemna, szybka, dynamiczna i ładna",True,2,1771331715
2357570,218504280,76561198317858347,14176,Najlepsza gra na swiecie lecz 1 byla 2103491% lepsza,True,0,1771289500
2357570,218492229,76561198836323422,1793,spoko gra,True,0,1771276579
2357570,218489748,76561199338885000,4175,love Mercy,True,0,1771274217
2357570,218488687,76561199174592010,14,"gra dla cvveli i pedaIów, weryfikacja godzine i nie działa finalnie",False,0,1771273225
2357570,218482040,76561199033884226,37825,"Moira good
",True,0,1771267541
2357570,218481550,76561199350152606,4435,sigam comuniti,True,0,1771267120
2357570,218474688,76561198062299035,214,"Blizzard to jednak geniusze zła – totalne 300 IQ. Najpierw porzucili rozwój Overwatcha 1, żeby wydać 'dwójkę' (będącą w sumie tym samym produktem), tylko po to, by teraz po cichu wrócić do starej nazwy. Po co ta cała szopka? Sprawa jest prosta.

Overwatch 1 był grą płatną (B2P – sam dałem 40$), gdzie skiny zdobywało się uczciwie za granie i wbijanie poziomów. Overwatch 2 posłużył wyłącznie jako zasłona dymna do wprowadzenia agresywnego modelu Free-to-Play, gdzie za wszystko trzeba płacić. Gdyby Blizzard spróbował wrzucić ten sklepik do płatnej 'jedynki' bez udawania, że to 'nowa gra', gracze by ich zjedli. A tak? Numerka już nie ma, ale drenaż portfela został.",False,0,1771261201
2357570,218464593,76561198419304437,4447,"niekompetentni deweloperzy, ciągłe problemy z serwerami ,bugi i kto wie co jeszcze",False,0,1771251948
2357570,218461205,76561198035354618,5631,"Nie polecam - serwery z ziemniaka- po DC dostaje bana nie z mojej winy więc p****ole taki serwis.
Jak w każdej grze multi -  matchmaking jest słaby.
Fajny FPS żeby potrenować sobie aima, gdyby tylko Blizzard skupił się na rzeczach istotnych.",False,0,1771248281
2357570,218461169,76561198834730401,14872,serwery bum szkalaka,False,0,1771248249
2357570,218447639,76561199076237900,21053,Overwatch>Marvel rivals,True,3,1771228568
2357570,218407717,76561199259120771,14,"logowanie totalne gówno, nie moge nic zrobić gdyż gra uważa że zna lepiej mój numer telefonu, co chwile musiałam podawać kod z gmail tylko po to aby nic nie móc zrobić",False,3,1771182899
2357570,218400945,76561198263582787,311,"syzyfowa gra
",False,0,1771177667
2357570,218397927,76561199734488408,10962,.,True,1,1771175361
2357570,218393975,76561198820217770,16484,duxpax,False,0,1771172313
2357570,218389238,76561198320318792,17992,"Szczerze? Bywa zła, ale bywa też dobra, pozdro",True,2,1771168605
2357570,218387243,76561199267814227,1178,gkjmnR5LWEBOIUYGNEWRijpgb0u4wyB FIHErghb98yWBN IJ Hweb hf0iuyWN FPOJIW4,True,0,1771167001
2357570,218386512,76561199265880501,9339,"went from amazing, to ♥♥♥♥, to even bigger ♥♥♥♥, to decent. to good. i would highly reccomend for hero shooter fans and gooners. (porn is good too)",True,1,1771166385
2357570,218342529,76561198044534787,19211,10 year anniversary is so underwhelming its insane. It is direct reflection of how devs care about this game. They fing don't. It seems it is easier to make recolors through AI or smh beacuse no human would do this embarrasing ♥♥♥♥ and call it a reward for anniversary.,False,0,1771115857
2357570,218341235,76561199099673098,21,GOOD MORNING HELLO MR AHMED THIS GAME HAVE A DUZO BLEDUF NIE MOGE ZALOGOWAC SIE DO BATTLENET PONIEWAZ NIE MAM TELEFONU KOMURKOWEGO I NIE POSIADAM ODPOWIEDNICH KWALIFIKACJI NA TEN KIERUNEK (ZALOGOWANIE SIE DO GRY KOMPUETROWEJ) NAPRAWCIE TO BO TA GRA TO JEST GORSZYM SCIEKIEM NIZ BYLA.,False,2,1771114311
2357570,218335265,76561199433425214,6476,guwno,False,0,1771108201
2357570,218335161,76561199327602177,12973,Usuncie winstona i najlepsza gra,True,0,1771108114
2357570,218334907,76561198319032755,3018,Sir. Overwatch is back.,True,0,1771107879
2357570,218334897,76561198060494378,12,Godzina walki z zepsutą weryfikacją czy jestem robotem chciałem zacząć swoją przygodę z tą grą ale zabezpieczenia nie dały mi takiej możliwości,False,0,1771107871
2357570,218331417,76561198988438528,71584,"Imagine grać w jakiś TF2 czy Marvel Rvials, które nie ma podjazdu do tego arcydzieła, jedynie Paladins ma, bo mega oryginalne i fajne, ale inne gry? Mogą się schować, poddać nigdy nie pobiją tego dzieła.",True,1,1771104644
2357570,218330810,76561198194083494,3391,"The 2016-2020 overwatch experience is never coming back. The game has changed into gameplay/ui bloated, overly monetizatied slop. New character's are either Ten-cent inserted asians (being asian is their only personality and style trait) or just straight up super model with really boring backstory to sell overpriced skins. Game just has gone to ♥♥♥♥, don't waste your time like me hoping it's ""fixed"" or ""refreshed"" OR ""maybe it's just me and my inability to consume games in todays world"" nah bro the game is straight ass now, invest some time and play an older singeplayer title for your own sanity sake as your favourite teenage game has changed into whatever even this is.",False,6,1771104113
2357570,218323397,76561199861266457,2211,jest  skibidi sigmastyczna,True,0,1771097755
2357570,218299398,76561198862838556,83,ej gdzie ukradli overwatch 2,True,0,1771078083
2357570,218292466,76561199314115548,1352,GUT,True,0,1771071484
2357570,218290411,76561198213090003,1850,"jest kot, jest like",True,0,1771069223
2357570,218285924,76561199115917288,510,"Gra się rewelacyjnie, nie wiem skąd te  głupie komentarze kur.wa XD",True,1,1771064103
2357570,218281262,76561199147207805,889,;>,True,0,1771058419
2357570,218258110,76561198047931988,3265,w końcu da się grać,True,0,1771027920
2357570,218257310,76561198236254006,803,"gra może i lepsza ale gówna do drużyny dobiera tak samo, dodajcie opcje poddania się i będzie może jakos sie dało grać",False,0,1771026983
2357570,218256856,76561199227425502,21071,"Servers are not prepared for the new season. Good job blizzard!!! Keep it up!!!!!!!!!!!!!!!!!!!!!!!!!!!!!!!!!!!!!!!!
",False,0,1771026505
2357570,218254693,76561198026413295,2492,"Idzie w dobrym kierunku, przyjemnie się gra",True,0,1771024023
2357570,218254479,76561198045692460,2438,"W obecnym stanie fajnie się gra, poprawili dużo rzeczy",True,0,1771023753
2357570,218249577,76561198439694380,2055,"Gram w overwatcha od 2018 roku i wiem ze TF2 przeżył overwatch 1 i overwatch 2 wiec idzcie w tf2 zagrac a nie to gówno wypełnione płatnościami  i niezoptymalizowanym i niezbalansowanym gameplay'em.
Dodatkowo szukanie meczu rankinkowego trwa 20-40 minut, patologia.",False,1,1771018963
2357570,218233620,76561198052278592,1909,No mi się spoko gra,True,0,1771004806
2357570,218228570,76561199170826552,1741,"blizzard pozwolil mi sie zalogowac i tera tylko w to gram prawie

fajna gierka i postacie",True,0,1771000446
2357570,218228036,76561199122777547,13832,Good game but nerf the cat,True,0,1770999982
2357570,218227507,76561199849463187,959,gra jest 1 na 10 bo wywala mnie z gry w randomowych momentach i dostaje za to kary czasowe,False,0,1770999526
2357570,218219150,76561198202213587,20,"Can't even play due to not having phone number set on account, as you try to set a phone number to the account then it says you cant set it up, because they are picky with the number you use. So I cant even play it, even if I wanted to play it. Great game 10/10",False,6,1770992156
2357570,218219138,76561199564226952,50,fajne,True,0,1770992141
2357570,218218770,76561198277009412,8830,git gut,True,0,1770991770
2357570,218218086,76561198967730425,216,"Wolałbym trafić do czyścca gdzie nie znajduje się nic oprócz telewizora w którym leci earrape ""zielony gnom"" autorstwa przemekbestgames  i gdzie raz na 10000 lat leci ""mój przyjaciel grubas"" gimpsona  niż zagrać kolejną grę z ♥♥♥♥♥ Dominią w enemy. jebany overwatch 1,5 nie pobierać tego gówna",False,21,1770991087
2357570,218217690,76561199146326426,463,liga jest ♥♥♥♥♥ lepsza,False,0,1770990681
2357570,218203270,76561198058456268,792,super powrot do korzeni 6v6,True,0,1770971129
2357570,218180726,76561198203092792,129,as excepted form porn based game its just bad,False,0,1770937458
2357570,218175374,76561198866798941,8295,domina,True,0,1770931280
2357570,218171338,76561199503370703,31,"Zgłaszam do Steam Support to gówno jakim jest weryfikacja telefonu
",False,0,1770927169
2357570,218169936,76561198334050872,12187,Usuńcie tego pieprzonego kota z tej gry proszę was. Ta postać po prostu prosi się o nerfa a najlepiej za usunięcie tego czegoś z gry ,False,0,1770925722
2357570,218164817,76561198801042337,6525,mommy domina can dominate me frfr,True,1,1770920852
2357570,218161265,76561199499556045,790,gut,True,0,1770917513
2357570,218157679,76561198120661391,37178,3 overwatch 3 najepszy,True,2,1770914156
2357570,218148885,76561198219973977,16048,"Nawiało debili z innych gier i stwierdzają, że to dobry pomysł iść na rankedy i psuć innym grę. Dzięki blizzard.",False,2,1770905540
2357570,218143009,76561198159960787,20270,We are so back,True,2,1770898853
2357570,218137597,76561198835801753,25,gówno,False,0,1770891231
2357570,218134481,76561199157369227,495,fajne,True,0,1770886509
2357570,218109931,76561199103519063,23039,mam nadzieje że ten sezon 1 uratuje gre,True,0,1770851552
2357570,218101892,76561198367861154,10384,"cat
",False,0,1770842738
2357570,218101107,76561198848877002,5030,overwatch is back again :),True,0,1770841940
2357570,218098872,76561199819551612,374,fajna gra polecam,True,0,1770839757
2357570,218097841,76561199233530367,4500,best hero shooter,True,0,1770838712
2357570,218087629,76561198778334872,371,peak gra tylko mocno ja rozwalili cale sczęscie nie grałem w jedynke,True,3,1770829144
2357570,218087401,76561198060574352,1062,Szkoda że ta gra się tak stoczyła,False,4,1770828916
2357570,218085406,76561198119457758,837,Co to za tanie menu????,False,1,1770827022
2357570,218084578,76561198129064292,12342,Blizzard had to change the minimalist UI that everyone loved and turn it into a cluttered mess that looks like ♥♥♥♥. Even in their breast milk drinking brains back in the classic ov they had the correct idea not to change something that looked slick and matched perfectly to the style of the game.,False,1,1770826246
2357570,218062816,76561198120038152,814,PEAK,True,1,1770799571
2357570,218061654,76561198308766460,8497,"Znowu sprzedałem duszę, drugi raz po 10 latach",True,2,1770797619
2357570,218047306,76561198148082178,20845,:3,True,1,1770776241
2357570,218045624,76561198176316918,8620,W końcu można dać łapkę w górę,True,1,1770774078
2357570,218044559,76561198850476565,1440,weźcie ♥♥♥♥♥ ogarnijcie sobie ta captche zajebana,False,0,1770772727
2357570,218040632,76561198062559839,11749,We are so backkk!,True,0,1770767805
2357570,218039609,76561198417388144,22448,"Overwatch is back, nie było aż tak źle a jest coraz lepiej.",True,2,1770766499
2357570,218039297,76561198257822463,2596,Po aktualizacji do sezonu 1:Conquest sama gra jak i gameplay jest bardzo dobry,True,15,1770766123
2357570,218036638,76561198282690162,12156,klaSA,True,0,1770763121
2357570,218035726,76561198420175276,4197,Overwatch 3,True,0,1770762139
2357570,218034017,76561198301922040,18939,"Strasznie zaniedbana gra przez twórców. Gdyby była rozwijana, a nie tylko zaplanowana może i było by ok. Gram tylko dlatego że jest crossplay i z dziewczyną mogę grać. Fajna gra dla dzieci ale poza tym nic więcej.",False,0,1770760399
2357570,218031737,76561197964065430,5153,Nie ma lepszego hero shootera,True,0,1770758042
2357570,218029239,76561199019101099,13501,TAK,True,0,1770755643
2357570,218028271,76561199155818152,43443,♥♥♥♥♥♥ GÓWNO NIE ODPALA DAJCIE MI ZAGRAĆ MAŁPISZONEM !!!!!!!,False,0,1770754790
2357570,218027943,76561199486271121,19637,<3,True,0,1770754493
2357570,218025709,76561198073911440,51027,Logowanie nie powiodło się,True,0,1770752530
2357570,218025644,76561198109822716,10826,"Zmiany są zawsze mile widziane <3
six seveen",True,0,1770752474
2357570,218025369,76561198321486942,506,yes cause they removed 2,True,0,1770752210
2357570,218024571,76561198407384164,18313,Epstein nie wiedzial o holokauscie,True,0,1770751499
2357570,218024213,76561198197498257,18507,new sezon and u cant play f game,False,1,1770751167
2357570,218024074,76561199017775445,280,"Wow they really just ereased twomad's soul by removing the ""2"" from the title huh",False,0,1770751037
2357570,218007614,76561199658021445,2958,never play sombra NEVER,True,0,1770736239
2357570,218001931,76561199029864228,8933,spoko gierka,True,0,1770730120
2357570,217994091,76561198065534963,5047,boring game,False,0,1770719030
2357570,217949143,76561198880142099,20380,"GOAT GIERKA
",True,0,1770657177
2357570,217949128,76561199103853108,543,to napewno jest gra,True,0,1770657155
2357570,217931987,76561199144096260,25430,"kocham symetre, jebać cie homiku",True,0,1770637934
2357570,217898905,76561198981149692,13289,w speed game,True,1,1770587324
2357570,217881904,76561199061833011,7574,syfik,True,0,1770573065
2357570,217881021,76561198410294667,11,Gra jest dobra ale twórcy zjebani.,False,0,1770572344
2357570,217873826,76561198428641791,13687,🛀,False,0,1770566492
2357570,217855864,76561199031103675,1750,Yooo gang ohnajiggleusnapangfakumanyken,True,0,1770553226
2357570,217852364,76561199867006088,870,"Bardzo fajna gra. Polecam :)
",True,0,1770549567
2357570,217846550,76561198088862340,2282,"sraka, zeby w to grac trzeba podac numer telefony, jebac was kurwy z blizardu, nowy sezon 10.02.2026 gra jeszcze bardziej rozjebana",False,9,1770542914
2357570,217822846,76561198138448729,24201,Tesla Monke,True,0,1770512459
2357570,217819892,76561198982255667,8974,"delete this ♥♥♥♥ from steam 
ps. revieve doomfist",False,0,1770508974
2357570,217808205,76561197989480744,121450,Nie polecam. Najgorszy matchmaking w historii gier.,False,1,1770497813
2357570,217803208,76561198817944772,14916,cwele dajcie unbana,False,0,1770493635
2357570,217802491,76561199641481144,4030,Fajnie się gra jeśli masz znajomych bo z losowymi ludźmi nie da się grać,True,0,1770493015
2357570,217796950,76561198971041569,69053,Let this game die,False,0,1770488327
2357570,217766477,76561199094158455,10139,Niech kitsune was prowadzi bo ja ♥♥♥♥♥ nie mogę,True,10,1770460723
2357570,217736250,76561198372195958,9732,.,False,1,1770422215
2357570,217733643,76561198879493651,25315,"jebac tych pedałów

",False,0,1770419277
2357570,217732058,76561197973175763,1430,"Good game overall, u just need to be sweaty asf",True,1,1770417618
2357570,217730211,76561199045803468,7100,"Lekko Gorszy ale dalej Overek
",True,1,1770415726
2357570,217725177,76561199446972323,1234,Super. odinstalowac  jak najszybciej,True,1,1770410927
2357570,217714238,76561198943174922,14070,"10/10 gierka dla goonerow

edit: serwery to gowno nie polecam",False,0,1770401129
2357570,217691620,76561198934879215,14139,crazy comeback,True,0,1770378868
2357570,217655462,76561198408751932,23657,Just don't.,False,1,1770327481
2357570,217646767,76561199067299694,28086,yay flying cat,True,1,1770318681
2357570,217589118,76561198155387588,26935,"Tfuuuu na system dobierania przeciwników,raz wygrasz i 100 razy potem przegrywasz,bo robisz 40 kili w meczu i dostajesz do swojego teamu warzywa grające na touchpadzie",False,0,1770244467
2357570,217585010,76561198405235407,1573,"2 godziny tworzenia konta przez popsutą weryfikacje, wymuszanie na graczu zakupu karty z abonament. TF2 lepszy",False,19,1770239714
2357570,217566400,76561198436935321,24,"WYJEBCIE ten system weryfikacji konta Battle.net bo to ♥♥♥♥♥♥ gówno! Dopiero pobrałem grę, podekscytowany jak dziecko, a spędzam 25 PIERDOLONYCH MINUT na tej jebanej CAPTCHA i ""tylko ludzie mogą się zalogować""
klikam te chuje obrazki z autami i skrzyżowaniami, a system myśli, że jestem rosyjskim botem!
Teraz odinstalowuję tę zajebistą grę, bo wasz zjebany launcher mnie wkurwił na maksa! Ogarnijcie to syfowe ""detecting humanity"", bo gracze uciekają jak szczury z tonącego statku!
",False,3,1770220792
2357570,217456623,76561198072986756,2510,Terrible,False,0,1770073721
2357570,217451653,76561198813696780,30681,"gra zrobiona przez ****** zwłaszcza rywalizacja, gdzie się nie sprawdza twój skill a tylko ilość zwycięstw. Soooo jeśli PRZYPADKOWO wygrałęś/ąś jeden mecz to możesz zpomnieć o kolejnych zwycięstwach bo będziesz mieć nie teammatów, a ogródek warzyw bez mózgu, które nie ogarniają co się ***** dzieje w tej grze. NIe zależy od rangu bo takich ******* spotkasz wszędzie. Gra *******, rywalizacja *******, gracze w większości *******, ci którzy zrobili tę grę muszą pójść do psychiatryka albo lepiej nigdy więcej nie robić gier. TOTALNIE NIE POLECAM.",False,3,1770068002
2357570,217438054,76561199140773870,4897,nie wiem kiriko jest hot <3,True,0,1770055188
2357570,217195747,76561198244437212,2703,Nie jest aż tak zły,True,1,1769806505
2357570,217194666,76561198392912010,4638,gra nietuzinkowa słabo gra się jedną rękom ale i ta g pamiętajcie overwatch nie jest dobrom grom tylko dobrym porno,False,0,1769805720
2357570,217128092,76561199083759317,5,Gówno jak chuj 1 better,False,0,1769729703
2357570,217054053,76561198271934407,803,nie ma chuja,False,0,1769639585
2357570,217036554,76561199161506272,48710,hujowe,False,0,1769622467
2357570,217006758,76561199506907356,503,nothing special,False,0,1769587371
2357570,216862644,76561198275741441,6763,zaczynam grać w gre i już gram na platyny co ot ma być kurna nie polecam diff vendetta czy jaki chuj jej tam,False,1,1769448578
2357570,216860832,76561198051542177,229,just unbalanced unfun game,False,0,1769446897
2357570,216849407,76561199124816665,760,polecam :],True,0,1769435910
2357570,216689245,76561198168696358,48433,"speaking as a top 50 player, i regret most of my time in this game. the time i dont regret is the time spent with my friends laughing and having fun. otherwise, the game is just insanely bad. balance is bad, always is bad, always will be bad. there are too many characters low skill really high reward. the community isnt a plus aswell. everyone is toxic, using vc doesnt have a purpose, 90% of the time u just hear insults all around. theres no real content in the game, most people think there is, but no - there is not. overwatch players think there is content just becuase theyre used to this game. they dont play other games, they dont see the difference between this game and others. in overwatch, the ""content"" you get is stadium (most pepole dont care about it, its a side arcade gamemode) and skins. thats pretty much it. every 120 days (2 seasons) you get a new character, once a year theres a new mechanic, such as back then they added self heal after x seconds of not fighting, then they added perks.

in short:
game is bad, theres no content
most of the updates they do are just new skins
balance is horrid
community is horrid
3/10",False,1,1769264735
2357570,216643076,76561199404251045,4784,♥♥♥♥♥♥♥ gowno,False,0,1769208256
2357570,216502892,76561198210118644,43009,"I was download this game as tf2 big fan (what i become even bigger bcs of this ♥♥♥♥) and saying ♥♥♥♥♥ like this is tf2 copy etc. Giving it a chance at first i was very amuset and happy just enjoy this game then when i learn, watch youtube pro scene (XD blizzard) then full tryhard and rankeds (d2 90 lp pick) i know its not high BUT playing against doom phara sombra hanzo genji over and over and over again this game is boring everyone plays cancer characters what dont have any cons but yeah nerf ashe and create new melee character what have melle range but add 30 different dashes what oneshoot 250 YEAH YEAH great and shield what block 100%! dmg i just dont recommend this game i was having fun Yeah i was spend alot of money yeah but man its not worth watching and feeling the same over and over its not meta it just ♥♥♥♥♥♥ up for people without hands spaming 1 button (not junkrat junkrat is top celling flor character btw) then i just start nerding tf2 and appreciate how this gameplay is writte so much better mechanic and orthers and balanse as should be",False,1,1769033549
2357570,216497874,76561199180520423,58311,Beautiful game with beautiful community <3,True,2,1769028081
2357570,216465512,76561199873339607,14410,hej,True,0,1768993630
2357570,216352773,76561198226811488,17820,"New characters are disgusting design-wise.
Game balance is trash.",False,9,1768852145
2357570,216349995,76561199471911000,349,kocham junkrata,True,0,1768849789
2357570,216337500,76561198216635607,13493,"Kobiety: fajne
Gameplay: ujdzie w tłoku",True,6,1768838917
2357570,216286880,76561199149092785,256,"O tej grze
„Najlepsza rozrywka, jakiej możesz doświadczyć online” – PC Gamer

Teraz za DARMO!

Tu nie ma żadnego haczyka! Graj ile zechcesz, tak długo, jak ci się podoba!

Najwyżej oceniana darmowa gra wszech czasów!

Jedna z najpopularniejszych gier akcji online wszech czasów, Team Fortress 2 to ciągłe darmowe aktualizacje – nowe tryby gry, mapy, ekwipunek oraz, co najważniejsze, czapki. Dziewięć unikalnych klas postaci to szeroki zakres możliwości taktycznych oraz osobowości pozwalających odnaleźć się graczom o różnych predyspozycjach i umiejętnościach.

Pierwszy raz w TF2? Nie martw się!

Niezależnie jaki styl gry preferujesz i jakie masz doświadczenie, mamy dla ciebie odpowiednią postać. Szczegółowe treningi oraz tryb praktyki offline pomogą ci w rozwinięciu umiejętności, nim rzucisz się w wir jednego z wielu oferowanych przez TF2 trybów gry. Przed tobą Zdobądź flagę, Punkty kontrolne, Ładunek, Arena, Król wzgórza i wiele innych.

Stwórz własną postać!

Setki rodzajów broni, czapek oraz przeróżnych przedmiotów czekają na zebranie, wytworzenie, zakup i wymianę. Spersonalizuj swoją ulubioną klasę, aby dopasować ją do swojego stylu gry i gustu. Nie musisz płacić, aby wygrać – praktycznie wszystkie przedmioty ze Sklepu Mann Co. mogą zostać znalezione również podczas rozgrywki.",False,27,1768773535
2357570,216281203,76561199125132175,1485,Team Search słaby,False,0,1768768279
2357570,216198773,76561199497103421,699,kiedyś gra była mega kox ale się zeszmaciła i chuj,False,0,1768685538
2357570,216176189,76561199468443970,191,mam takie funny feeling ze w nierakingowych wsadza mnie do jakis spocochow ktorzy KURNA NADUZYWAJA REINHARTA AAAAAAAAAAAAAAAA,False,1,1768668081
2357570,216152064,76561199503137470,2609,arcydzieło,True,0,1768646830
2357570,216112809,76561199486821320,11771,"eeeeeeeee tak
",True,0,1768600497
2357570,216030095,76561199407083528,1705,Największy upadek gry jakiej widzałem,False,2,1768500503
2357570,215898151,76561199024735890,267,niezła,True,0,1768317738
2357570,215722170,76561198966818506,159,lepsza wersja marvel rivals,True,2,1768116857
2357570,215695145,76561199429639223,1176,guwno tf2 lepsze,False,0,1768086807
2357570,215694335,76561198894458704,26817,"I previously gave this game a negative review, but tbh the game realy has been improving quite a bit. It's in a solid state rn and honestly im having fun playing it now.",True,0,1768086078
2357570,215683668,76561199246900074,21165,"listen to me, if there will be any point in your life that'l make you feel like playing this game, dont, just dont this game is the most malicious depressing heart breaking game ive ever played i feel no joy playing it, this game sucked me into it i can stop playing this ♥♥♥♥ i it made me feel such level of frustration ive never felt in my whole life please i beg you before its too late dont play this magnificent wonderfull whimsical masterpieace that won goty 2016 i need to remind you its not 2016 its been 10 years this game sucks goodnight, its still ♥♥♥♥, its still bad in 2026 OKAY EMRE MIGHT BE GOOD, its NOT as bad,
overwatch got genuinely better ale ksawery to gej

",False,7,1768077654
2357570,215586323,76561198842496014,436,Hujowo zrobiona gra,False,1,1767987097
2357570,215512398,76561198443066298,5356,Przyjemna gierka,True,0,1767907201
2357570,215409299,76561198339948504,3388,Fajna giera,True,0,1767800810
2357570,215267838,76561198301603226,21569,"matchmaking sucks
and servers... game randomly put u on (wrong)server and u play with 140ms instead of 20",False,1,1767654411
2357570,215254400,76561199779129853,1909,tak,True,0,1767643896
2357570,215155581,76561199278185267,2354,"spoko giera taka o
",True,0,1767555718
2357570,215089731,76561198999595690,9840,"CANT EVEN PLAY WITH AN OLD BLIZZARD ACC, REQUIRES PHONE VERIFICATION FOR NO REASON.
but in general its fun to play.",True,0,1767500946
2357570,215058104,76561198819996443,9557,pozdro,True,0,1767474289
2357570,215016555,76561199089394251,3437,jebac tych ukraincow co w to graja,False,1,1767445321
2357570,214987460,76561199544608818,2567,LEPIEJ POGRAĆ W CS,False,0,1767415572
2357570,214961446,76561199521303662,19258,people often say that porn is better than actual game. THEY ARE RIGHT,True,10,1767392200
2357570,214954861,76561198929135398,1400,polecam maselnito,True,0,1767387491
2357570,214925278,76561199134829748,13555,"spoko gierka ,o ile nie gracie z szkoropem...",True,1,1767366924
2357570,214842231,76561199258523705,2340,,False,0,1767292447
2357570,214836743,76561199082251197,16737,the only thing keeping me up in this game is ramattra and still he has no concent but if u want to have a robot to simp yeah play this game,True,1,1767288461
2357570,214819362,76561199510458125,52011,"obrzydliwe, nie
",False,0,1767275295
2357570,214656496,76561198880102928,2176,"odskocznia od innych gier
",True,0,1767113549
2357570,214529933,76561199871691995,5322,spoko giera,True,0,1767003624
2357570,214475769,76561199122527577,5716,guwno nie gra kto w to wgl gra,False,0,1766952112
2357570,214457287,76561198996423624,36725,ale gówno wciąga.,True,0,1766939439
2357570,214414579,76561198281935202,38672,cs na team spinnerów jest mniej irytujący niż to,False,1,1766902933
2357570,214376660,76561199886850119,143,gra nie chce potwierdzić że jestem człowiekiem,True,1,1766869073
2357570,214171010,76561199067010393,55,guwno huj z fiutem,False,1,1766686471
2357570,214164558,76561199037406304,564,"Wieprznięcie!
",True,0,1766681373
2357570,214106054,76561198848797447,8852,gowno,False,1,1766608820
2357570,213909008,76561199131967916,784,zostałam zmuszona w zagranie tego czegoś,False,2,1766406616
2357570,213769465,76561198832539857,7859,d,False,0,1766269719
2357570,213681190,76561198142275928,8502,g,True,0,1766186353
2357570,213663682,76561199365595444,10892,"Jest to super gra do zrelaksowania. Zwłaszcza jak do ekipy dołącza kolega z dodatkowym chromosomem, ponieważ możesz się bardziej z nim utożsamić.",True,6,1766169335
2357570,213602372,76561198334444245,3366,♥♥♥♥♥♥♥ fest..lepszy marvel rivals,False,0,1766101153
2357570,213598100,76561198841367957,3216,"fajna gierka ale Vendette to trochę przekoksili, niech mi udami zmiażdży głowę
",True,1,1766096166
2357570,213464964,76561198954777481,566,"nnnn
",False,0,1765928038
2357570,213363596,76561198973877610,718,"♥♥♥♥♥♥♥♥ game
recommended",True,0,1765817284
2357570,213151852,76561198884521877,24203,krasnal goat szybka platynka i do domu,True,1,1765578925
2357570,213136974,76561199131910331,12194,guwno ♥♥♥♥♥♥,True,0,1765564554
2357570,213110072,76561198965705233,2048,"""I love playing Kiriko/Juno"" Translating ""Glory to Netanyahu and my fellow IDF Soldiers!""",True,1,1765538067
2357570,213091644,76561199810905334,1494,"najgorsze gowno w jakie mialem okazje grac,  majac kilka godzin dobiera mi jakichs popierdolonych ludzi 2kgodzin+ postacie niezbalansowane chaos i zero satysfakcji z wygranej czy przegranej jedno wielkie gowno big dislajk nigdy wiecej w to nie zagram oby ta gra upadla bo sie od tego uzaleznilem",False,4,1765511438
2357570,213067210,76561198875579202,2660,"Balans postaci? A co to? 
tanki mają wiecej dps niz dpsy, a jakas ♥♥♥♥♥ z mieczem lata sobie po mapie i oneshotuje ci całą druzynę,
podczas gdy ty jak nie wybierzesz postaci która jest w mecie mozesz sobie co najwyzej pierdnac im w morde, a potem idz ♥♥♥♥♥ godzine z respa do punku tylko po to aby zostac zoneshotowanym przez healera z autoataku
Polcam! :)",False,7,1765481073
2357570,213050303,76561198165395834,65,"80 zł za skina, którego ledwo widzisz podczas gry btw XD",False,6,1765463688
2357570,213014621,76561199027731760,1336,nie grajcie w to,True,1,1765408668
2357570,212954383,76561198392070399,1263,"they added a big strong woman with a sword that is very strong, just buff it plz i want to call her mommy again",True,8,1765332086
2357570,212936577,76561198321220860,236,"If ur new to the game forget about any sense of balancing. You get put up against people with lvl 70-100 heroes that absolutely stomp you while you still try to figure out whats even going on, character balance is a joke, you can have fun in this game if you overdose on LSD and cocaine at the same time. Thats the only way I see this game being even playble",False,9,1765310393
2357570,212932729,76561198398904959,26932,misthievv andd magiiiiiic,True,0,1765306496
2357570,212918140,76561198315049699,18318,"Granie w tą grę ma dwa uda

Albo się uda albo się nie uda",True,0,1765291807
2357570,212912806,76561199036112668,436,przez głupi internet wywala mnie z meczu i z dupy dostaje 2h blokady. Człowiek próbuje  spokojnie pograć a tu dostaje w pysk od blizarda. ściek!!,False,1,1765285760
2357570,212813798,76561198873240829,4919,obejrzałem zwiastun na ph i muszę przyznać że gra jest tak samo dobra na jaką się zapowiadała,True,12,1765148733
2357570,212722199,76561198212294317,441,"still no pve
",False,0,1765053532
2357570,212626786,76561198854933712,919,"⠀⠀⡔⠉⠑⢤⡀⠀⠀⠀⠀⠀⠀⠀⠀⠀⢀⣰⠋⠉⠉⠓⡆⠀⠀
⠀⣸⠁⠀⠀⠀⠙⢦⡀⢸⡉⠓⠲⣄⡀⢀⡞⠀⠀⠀⠀⣀⣽⡤⠀
⠀⡇⠀⠀⠀⠀⠀⠀⠙⣦⠷⠄⠀⠀⠙⠞⠀⠀⠀⠀⠀⠒⠚⡏⠁
⠀⡇⠀⠀⠀⠀⣀⣀⡚⠓⠒⠒⠀⠀⠀⠀⠀⠀⠀⠀⠀⠀⠀⡇⠀
⠀⡇⠀⠀⠀⡎⠀⠀⠈⡆⠀⠀⠀⠀⠘⢄⣀⣀⡀⠀⠀⠀⣸⠁⠀
⠀⠈⣇⠀⠐⡶⠖⣲⣶⡆⠀⠀⠀⠀⣶⣶⡒⠲⡒⠀⢀⡼⠁⠀⠀
⠰⣖⠺⠧⢸⠁⠀⣿⣿⠇⠀⠀⠀⠀⣿⣿⠇⠀⡇⠀⠉⣩⠇⠀⠀
⠀⠈⣳⠀⣨⢃⠀⠈⠉⠀⠒⠂⠀⠀⠈⠁⢀⠄⡡⠀⢼⡁⠀⠀⠀
⠀⢰⣃⣈⣀⠁⠀⠀⠀⠦⠔⠓⠲⡲⠃⠀⠀⢈⣀⣀⣀⣹⡄⠀⠀
⠀⠀⠀⠀⠀⠉⢳⠲⠤⢄⣀⣀⣀⣠⢶⠒⣏⠉⠀⠀⠀⠀⠀⠀⠀
⠀⠀⠀⠀⠀⠀⠈⣳⠒⢲⠋⢱⠤⠧⠚⠋⠘⡆⠀⠀⠀⠀⠀⠀⠀
⠀⠀⠀⠀⠀⠀⠘⠓⡆⠈⠒⠁⠀⠀⠀⠀⠀⢹⡀⠀⠀⠀⠀⠀⠀
⠀⠀⠀⠀⠀⠀⠀⣼⣁⣀⣀⣀⣀⣀⣀⣀⣀⣀⡇⠀⠀",True,2,1764954084
2357570,212425721,76561199192521084,12965,Ta gra niszczy życie nie polecam.Grając w to mam ochotę powiesić się.,False,2,1764702228
2357570,211975087,76561199035570692,9712,yyy tak,False,0,1764518221
2357570,211880445,76561198372788301,24904,goated,True,0,1764508187
2357570,211861960,76561199273693891,28218,gej,True,0,1764501878
2357570,211780734,76561198366908574,209,.,False,0,1764465067
2357570,211626511,76561199802805679,619,love ti,True,0,1764416558
2357570,211531467,76561199117449359,12033,"NIGDY nie zostałem tak mocno wyruchany w dupsko przez małpe 
-polecam",True,0,1764375153
2357570,211510916,76561199737129242,244,Ta gra uważa że moja osoba nie jest człowiekiem i przez 40 minut próbowałem zostać człowiekiem. Nikomu nie polecam tego ścierwa.,False,3,1764366874
2357570,211493689,76561198816119877,5809,Nie polecam,True,0,1764360972
2357570,211291003,76561198195272335,141,Git,True,0,1764285117
2357570,211242038,76561199582500800,73744,wedlug mnie najlepsza gra hero shooter,True,0,1764269227
2357570,211196769,76561198021073216,3078,"Wróciłem po 2 latach przerwy na chwilę i jednak OW2 to najgorszy typ competitive shootera jaki znam. Nudzi kiedy wygrywam, nudzi i wkurza kiedy przegrywam. Dawno tak nie zmarnowałem swoich 2 godzin życia.",False,7,1764258407
2357570,211058325,76561199324911100,9363,sraka,False,1,1764215943
2357570,210933143,76561199085524166,8128,trochę fajne,True,0,1764177732
2357570,210929531,76561199157773330,7623,Git gierka,True,0,1764176952
2357570,210844273,76561198171711111,132,"Dno, dawno TAK niezbalansowanej gry nie widziałem. Grając tym co ci się podoba/odpowiada robisz nic. Chcąc coś osiągnąć MUSISZ grać championami po prostu popsutymi... żenada",False,4,1764158747
2357570,210681687,76561198046494868,31005,:),True,0,1764109296
2357570,210511039,76561198355340959,14896,This is video game.,True,0,1764082416
2357570,210206922,76561198189183641,27903,Trash,False,0,1764025218
2357570,210152466,76561198989523390,12771,niestety ta gra zachorowala na syndrom CS2. normalne mecze sa w miare zbalansowane ale gry rankingowe to jest jakis zart. team przeciwny to normalni gracze a ja dostaje 1 randoma z drugiego konca swiata oraz 3 ruskow ktorzy maja problem z wcisnienciem m1 albo nie zmienia bohatera bo tak tylko stoja widowmaker na drugim koncu mapy lub tankiem ida pod spawn przeciwnika i gina po pierwczym spotkaniu z przeciwnikiem. polecam ta gre dla osob ktore albo maja juz wodoglowie albo chca szybko obnizyc swoj poziom IQ o +- 50 punktow. polecam rowniez osobow zdrowym bo ta gra sprawi ze wasz lekaz dostanie palpitacji serca po zobaczeniu waszych badan dotyczacych zdrowia psychicznego. pomijajac juz mikrotranzakcje jakie musi miec kazda spierdolona gra koszaca hajs z graczy.,False,1,1764017917
2357570,210145957,76561198016651694,119789,Lubię tę grę.,True,0,1764017229
2357570,210099319,76561198170540182,42014,overwatch is back!,True,0,1764012942
2357570,209940145,76561198780264513,4173,chujnia straszna,True,0,1763911074
2357570,209927344,76561199816549700,18,"Overwatch® 2 warto mieć w bibliotece, choć sama gra jest średnia.
Grałem na konsoli i wciąż widać solidne podstawy, ale nic rewolucyjnego.
Mimo wszystko dodanie do kolekcji się opłaca — choćby dla trybów i znajomych online.",True,0,1763900397
2357570,209879479,76561198777059985,12,"klasa
",True,1,1763847045
2357570,209847108,76561198197185229,23600,fajna gra nwm o co chodzi ludziom pozdrawiam i zycze milego dnia,True,1,1763821010
2357570,209785023,76561199181253303,11792,nie dostałem mvp,False,1,1763751056
2357570,209718759,76561199146392335,1843,pomocy ta gra daje depresje i chce sie zabic po graniu na mauge,True,2,1763669372
2357570,209637855,76561198036895007,811,♥♥♥♥♥ jego mać jak sie do tego gunwa zalogować to dawno w rankedach sie nie spociłem napierdalam ten zasrany nr telfonu i co okazuje sie że nie możesz dawać spacji ♥♥♥♥♥ ale to pierwszy kamień miliowy potem huj trzeba połączyć konto steam z gunwonetem huj z tym że trzeba najebać 20 chapcha wymyślanych chyna przez grok.ai i to wszystko tylko aby wejść do gry activision plz ♥♥♥,False,1,1763575675
2357570,209389250,76561199230888499,1766,"Gram w tą grę od około 7-8 lat od kiedy dostałem z nią płytę na xbox one. Nie grałem prawie w ogóle od kiedy druga część pojawiła się na sklepowych ""półkach"". Ostatnio do niej wróciłem i powiem że gra mi się w nią bardzo przyjemnie. Jedyne co spisuje na straty to czasami problemy z wydajnością które mi się nie zdarzały na konsoli xbox, lecz przyczyną tego problemu może być to że w tą grę gram tylko na steam deck. Rzeczą która mi się również nie podoba to nowi niezbilansowani bohaterowie typu jakiś grubas z dwoma karabinami maszynowymi który czasami umie zniszczyć cały fun z gry.",True,0,1763302398
2357570,209373456,76561199103620002,21457,<3,True,0,1763288992
2357570,209307585,76561199097504493,608,OVERWATCH Porn is better than this ♥♥♥♥.,False,3,1763228955
2357570,209227453,76561199287699751,8494,pierdolone gówno,False,0,1763157760
2357570,209068705,76561199065143978,2524,spoko fajna gra,True,0,1762986603
2357570,209056237,76561199058423622,10508,.,False,0,1762978001
2357570,208905625,76561199097198075,10,"Gra wymaga weryfikacji numeru telefonu xd, już się pisze, aby dawać korporacji mój numer telefonu, abym mógł otrzymywać telefonu od fotowoltaiki",False,9,1762804126
2357570,208885688,76561199171593718,261,"total sh1t
",False,0,1762785545
2357570,208877476,76561199173493108,22030,Gut,True,0,1762776422
2357570,208837482,76561199108998873,8308,"Gra zajebista, tylko twórcy kurwy",False,0,1762721697
2357570,208740393,76561198115025358,1664,.,True,0,1762628633
2357570,208737494,76561199020483443,19926,.,False,0,1762626349
2357570,208637660,76561199426426082,5562,mega chujowa gra,False,1,1762529253
2357570,208592124,76561198866026723,7764,giga ściek (gram w to codziennie),False,2,1762471567
2357570,208583736,76561198871937790,53287,casual friendly,False,0,1762463063
2357570,208551750,76561198368574358,22756,fun,True,0,1762435129
2357570,208427481,76561198955979938,849,Dupa,False,1,1762291898
2357570,208333007,76561199586523254,4652,Super gra. Dajemy czadu z synem.,True,0,1762193103
2357570,208243785,76561198354889874,6101,fajna gra ale idzie dostać pierdolca,False,1,1762103387
2357570,208156366,76561199067100901,3770,TUFF 67 MANGO,True,0,1762022074
2357570,208090577,76561199143010266,5912,nie lubie w te gre grac,False,0,1761955850
2357570,207982816,76561199582048395,21667,this game is so fajna it is mega fajny,True,0,1761850784
2357570,207826008,76561199132696747,8988,Małpa Winston jak szlugi B),True,0,1761688607
2357570,207809404,76561199159859053,19107,♥♥♥♥♥♥♥ widows,False,0,1761674959
2357570,207787493,76561198871976099,17097,"Domagam się zwrotu pieniędzy za tamtego battlepassa, gra ssie za bardzo żebym wracał.",False,3,1761656889
2357570,207724616,76561198807234940,5155,super!!!!!!!,True,0,1761580178
2357570,207683613,76561198442776278,1230,kompletny ściek lepszy tf2 oraz paladinsy,False,2,1761524447
2357570,207669149,76561198119106593,674,Where is my Free PVE,False,1,1761510016
2357570,207624802,76561199407533813,709,By dar the worst game in have ever played. People keep leaving ranked games even those that are free win,False,1,1761474022
2357570,207572681,76561199042451821,1201,.,True,0,1761417605
2357570,207548105,76561199290014874,20784,Ta gra codziennie rucha mnie w dupe ale i tak ją kocham💗💗💗 (Prosze dodajcie mythica dla mei lub frei),True,4,1761400201
2357570,207408963,76561198338970800,181,nahh,False,0,1761246730
2357570,207393007,76561198415581576,20904,you will suffer as I have suffered,True,0,1761233287
2357570,207333620,76561198174960531,42491,The amount of smurfs in high plat/diamond is disgusting. And ofc matchmaking always puts them in enemy team.,False,1,1761160243
2357570,207289082,76561198040752520,658,tak,True,0,1761109500
2357570,207161705,76561198929123936,22016,SYF,False,0,1760958089
2357570,207161030,76561198777069977,12578,"Really fun and surprisingly addictive. I went in not expecting much and ended up playing for hours. Great job, devs, nice game ever!",True,0,1760957097
2357570,207160566,76561198778403313,12595,"Simple to pick up, hard to put down. The game delivers on all fronts – gameplay, visuals, and atmosphere. Worth every minute",True,0,1760956394
2357570,207159756,76561198777045525,12316,Well-polished and immersive. The developers clearly put a lot of heart into this. I had a great time playing and will definitely be coming back for more.,True,0,1760955264
2357570,207159341,76561198776802973,12605,"Surprisingly good! I didn’t expect to enjoy it as much as I did. The gameplay is smooth, the graphics are solid, and the overall experience is very satisfying. Definitely worth checking out!",True,0,1760954694
2357570,207158820,76561198776957789,12204,VERY NICE GAME,True,0,1760954023
2357570,207137690,76561199183500680,6391,gra fajna tylko ludzie kvrwy.,True,0,1760921663
2357570,207100614,76561198274192498,10929,"♥♥♥♥♥♥ gowno, nie grajcie w to",False,0,1760887372
2357570,207089982,76561199102678760,203,zajebista gra kolega nie  moze  sie zalogowac od godziny a mi jakis  cwel  miiauczy  do uszu,False,4,1760879161
2357570,207073160,76561199142082660,16682,nah,False,0,1760862085
2357570,207046363,76561199336663055,423,siwy wąsacz nie daje mi spokoju  śni mi sie po nocach usuńcie go z gry nie polecam,False,0,1760827854
2357570,207032413,76561198049878655,92,"jest okej, na pewno gorsze od paladins ale lepsze od rivals

Grafika bardzo ładna, gameplay jest spoko i w sumie tyle. Brakuje mi bardzo customizacji umiejętności postaci. Czasem gra bywa chaotyczna, a postacie często giną na 2 strzały, balans jest dużo gorszy niż w innych tytułach. Mimo to gra jest dobra chociaż na chwilę",True,5,1760814899
2357570,207014613,76561198079800909,11570,.,True,0,1760800790
2357570,207008547,76561198348053524,12165,heplo,False,0,1760795998
2357570,206961878,76561198367537178,21467,"Ta gra wzieła Overwatch, podtarła sobie nim dupsko i wydała w okrojonej, bezdusznej formie. Also... naprawcie system POTG bo to żart xd.",False,2,1760741738
2357570,206946157,76561199171693120,1629,"gay
",False,0,1760726351
2357570,206920653,76561199848060306,5126,"I had fun, good game",True,0,1760703373
2357570,206888602,76561197991877325,2921,"Spoko gra, ludzie zbombardowali tę grę za niespełnione obietnice związane z misjami fabularnymi, ale fakt jest taki że to fajna, relaksująca gierka online",True,0,1760655208
2357570,206859426,76561198398171298,26575,piekna gra,True,0,1760627303
2357570,206803112,76561199262212624,5788,fajna gra bardzo lubie w nią grać w ov1 grałem skromne 2000 h,True,0,1760554283
2357570,206796100,76561199123768511,11950,This is the game that i absolutely fell in LOVE with <333 It has a nice playerbase and lots of ways to have fun!,True,6,1760547875
2357570,206782184,76561199889671198,324,"szkoda ze łaski, widow i moira wyruchcac nie mozna ale tak to dobrze
",True,0,1760535241
2357570,206781253,76561199441226455,48467,"wydalem wiecej niz na roblox
polecam",True,0,1760534340
2357570,206775509,76561199119462442,1180,"Overwatch 1 był czymś absolutnie wyjątkowym. To nie była tylko gra — to był klimat, styl, emocje i to uczucie, że każda postać ma duszę. Blizzard wtedy naprawdę stworzył coś, co łączyło graczy. Kolorowa, ale nie dziecinna grafika, świetnie wyważony gameplay, bohaterowie z charakterem i to uczucie, że każda potyczka może się skończyć czymś epickim.

Overwatch 2 miał być kontynuacją tego marzenia — nowym rozdziałem. W praktyce… wyszło różnie. Sam trzon rozgrywki jest dalej fenomenalny – strzela się wyśmienicie, każdy bohater daje inne emocje, a mecze potrafią być prawdziwymi rollercoasterami. Balans bywa różny, ale to standard w takich grach. Overwatch dalej ma ten „flow”, którego nie da się podrobić.

Niestety, Blizzard trochę pobłądził z mikrotransakcjami i systemem progresji. W Overwatch 1 skiny zdobywało się z przyjemnością, teraz często trzeba po prostu płacić. Widać jednak, że studio zaczyna słuchać graczy – powoli wprowadzają zmiany, poprawiają system nagród i balans bohaterów. Jest jeszcze sporo do zrobienia, ale przynajmniej kierunek wygląda lepiej niż na premierę.

Community... cóż, potrafi być toksyczne, zwłaszcza w rankedach. Ale jak trafisz na fajnych ludzi, to od razu przypomina się magia starego Overwatcha – teamwork, emocje i satysfakcja z dobrze rozegranego meczu.

Mimo wszystkich błędów i kontrowersji, Overwatch 2 to nadal jedna z najlepszych strzelanek drużynowych w historii. Jeśli lubisz dynamiczne walki, bohaterów z osobowością i uczucie pełnej kontroli nad postacią – trudno znaleźć coś lepszego.


🔥 Plusy:

genialny gameplay i balans postaci

niesamowity styl graficzny

unikalny klimat i bohaterowie

gra wciąż potrafi wciągnąć na setki godzin

💀 Minusy:
– mikrotransakcje i battle pass
– toksyczna społeczność w rankedach
– niespełnione obietnice z kampanią PvE


🎯 Podsumowanie:
Overwatch 2 to gra, która przeszła trudną drogę. Ma swoje wady, ale jej fundamenty są tak dobre, że wciąż błyszczy.
Nie idealna, ale wciąż wyjątkowa.
8/10 – z serca dla serii, która zmieniła gatunek.",True,21,1760527597
2357570,206771126,76561199481750820,3703,"Wszystko, na nie",False,0,1760520783
2357570,206742318,76561198296927118,48179,Jak dodadzą kolejnego kiriko skina to usuwam tą gre pozdrawiam,True,0,1760477784
2357570,206724839,76561198838756849,30119,fajna,True,0,1760461302
2357570,206639976,76561197994986707,5906,yup,True,0,1760368858
2357570,206597933,76561199467646710,4028,Wiowewe,True,0,1760315171
2357570,206591896,76561199227522823,1757,"blizzard zrobil z tej gry syf dla goonerow, gralem w to na konsoli, ale dodalem to na steam tylko po to aby wystawic zla recenzje, nie moge sie doczekac gdy serwery wkoncu zostana zamkniete, najlepiej caly blizzard, motyw z omnikami ma potencjal na jakas gre roku, ale wiadomo lepiej sie skupic na robieniu goonerskiego skina do wdowy za 160 zl, przykre strasznie, odradzam kazdemu kto szanuje siebie i swoj czas, serio nie warto",False,9,1760308412
2357570,206584008,76561198264901039,45603,"i hate it, but also i love it",False,0,1760301329
2357570,206561596,76561199088657193,14698,bany za nic sie dostaje    btw ta gra ma fajne community na ph,False,0,1760285099
2357570,206485548,76561198886178243,9342,"good
",True,0,1760217790
2357570,206435661,76561199044705565,12709,.,True,0,1760184316
2357570,206435355,76561198066887209,6478,junkrat,True,0,1760184067
2357570,206417547,76561199229349731,16293,"serdecznie zapraszam do tej niesamowicie idealnej produkcji. wypuśćcie mnie. proszę,",True,0,1760168221
2357570,206356125,76561199152717236,703,"tak polecam 
",True,0,1760118135
2357570,206290802,76561198860918509,173,takie troche gorsze paladinsy ale przynajmniej ktos w to gra hanzo goat,True,1,1760044769
2357570,206284412,76561198363340322,21,nie,False,0,1760038749
2357570,206258272,76561198784356569,42302,sucks,False,0,1760016267
2357570,206209971,76561198277668410,4489,"jebac ta gre 
(dalej tak uważam )",True,0,1759948901
2357570,206064956,76561198825077495,10166,"dobra gra z dorbym lore i fandomem, marvel powinien zniknąć",True,0,1759780501
2357570,206045571,76561198961541814,5229,garbage matchmaking destroys a game that could be cool,False,0,1759764559
2357570,205984809,76561198879415893,13317,"Łapka w górę, ale chyba tylko z sentymentu.  Na początku było fajnie. Zapowiadało się dobrze, ale z biegiem lat no cóż.. Community i Twórcy siebie warci.. Warto zajrzeć i spróbować i to chyba tyle.",True,5,1759695331
2357570,205953700,76561199131663440,10848,♥♥♥♥♥ po aktualizacji ktora znowu zmeinia nazwe gra dziala jak gowno,False,0,1759673624
2357570,205940494,76561198366120167,11497,Delete mei and vendetta from the game.,False,0,1759663331
2357570,205889130,76561197991385801,63,Playable,True,0,1759608715
2357570,205882293,76561198055575236,7548,ZAJEBISTA,True,0,1759603468
2357570,205811194,76561198113227797,84,ludzie co w to grają nie mają mozgu i są spierdoleni umysłowo,False,3,1759533195
2357570,205722294,76561198971840417,15973,absolutely magnificent game,True,0,1759438361
2357570,205703298,76561198359093470,357,Niegrywalna,False,0,1759421803
2357570,205642551,76561198848112144,7264,gra super tylko szkoda ze tak malo osob gra,True,0,1759348304
2357570,205626380,76561199384192304,1427,trash,False,0,1759333660
2357570,205625957,76561198011326174,9709,"bo tak
",True,0,1759333273
2357570,205485004,76561199516591938,8995,fajna,True,0,1759166083
2357570,205448659,76561198377395878,44111,"Do bigosu dodaje się tradycyjne przyprawy, takie jak liść laurowy, ziele angielskie i pieprz, a także majeranek, kminek i jałowiec dla wzmocnienia smaku i dodania korzennego aromatu. Wzbogacić danie można również o suszone śliwki, które nadają słodyczy, a także o różnorodne mięsa i wędliny. Podaje się go najczęściej z pieczywem, ale pasuje też do ziemniaków lub kopytek. 
Przyprawy
Liść laurowy i ziele angielskie: Dodają głębokiego, korzennego smaku. 
Pieprz czarny: Podkreśla smak kapusty i mięsa. 
Majeranek i kminek: Idealnie komponują się z kapustą kiszoną, wzmacniając jej aromat i dodając lekko pikantnego charakteru. 
Jałowiec: Nadaje wyrazisty, leśny aromat, zwłaszcza gdy dodaje się dziczyznę. 
Sól: Dodawana z ostrożnością, gdyż kapusta kiszona i wędliny są już słone. 
Opcjonalnie: Można dodać paprykę (słodką lub ostrą), goździki, a nawet szczyptę cynamonu dla świątecznego aromatu. 
Inne składniki wzbogacające bigos
Suszone śliwki: Wnoszą słodycz i owocowy posmak, kontrastujący z kwaśnością kapusty. 
Mięsa i wędliny: Do bigosu można dodawać różnorodne mięsa, takie jak boczek, karkówka, kiełbasa czy żeberka, a także resztki wędlin. 
Suszone grzyby: Nadają bigosowi intensywny smak i aromat, zwłaszcza w wersji postnej. 
Wino: Odrobina czerwonego wina wzbogaci smak. 
Z czym podawać bigos 
Pieczywo: Tradycyjnie podaje się go z chlebem lub innym rodzajem pieczywa.
Ziemniaki: Pasują do bigosu, zwłaszcza w połączeniu z kluskami śląskimi czy kopytkami.
Makaron: Rzadziej spotykana wersja, ale również może być podana z bigosem, np. z dodatkiem łazanek.

",True,2,1759116637
2357570,205434667,76561199134693225,30,jebac  battlenet cwela,False,0,1759097667
2357570,205417531,76561199184678842,2851,This game is ♥♥♥♥,False,0,1759081848
2357570,205416840,76561199239812719,8802,"The worst game i ever played, everything is sooo unbalanced dont play that ♥♥♥♥",False,0,1759081275
2357570,205408347,76561199099843910,7714,"Bardzo fajna gra polecam zagrac jesli nie masz przyjaciol, nie wychodzisz z domu, i nie lubisz dotykac trawy, a jesli nie, to gdy zagrasz to zaczniesz taki byc (no chyba ze w rzadkim przypadku znajdziesz przyjaciol co w to graja to chociaz ich bedziesz miec ale trawy juz i tak w zyciu nie dotkniesz) a jesli masz przyjaciol a grasz w ta gre (znowu rzadki okaz) to na co czekasz? namow ich do grania razem! zniszcz ich zycie ta gra jak zniszczyles swoje! 





nie no zarcik spoko giera (jakiego koloru jest trawa??)",True,0,1759074382
2357570,205390499,76561199068914565,1797,nie da sie miec korzysci z game passa dlatego nie gram w nia na steamie pozdro,False,2,1759058655
2357570,205269651,76561199048047853,8245,Nie.,False,0,1758922956
2357570,205241057,76561199380098332,39,"No dobrze, napiszmy konstruktywną recenzję. Dlaczego ludzie „bombardują” Overwatch 2 recenzjami?

Zapłaciliśmy za Overwatch, wspieraliśmy go przez cały okres jego istnienia, był popularny i lubiany przez społeczność, a każdego roku przynosił zadowalające zyski.

Kiedy Blizzard ogłosił Overwatch 2, swoją wielką nową funkcję, cała idea, która sprawiła, że ​​gra „warta była kontynuacji”, to tryb kampanii PvE. Drzewka talentów bohaterów, konfigurowalne umiejętności, rozbudowana kampania kooperacyjna, która wzbogaciłaby fabułę i historię. Powiedziano nam, że będzie to tak dużo pracy, że nie będą już publikować aktualizacji do Overwatch, tylko przesuną zespół do pracy nad tym nowym projektem.

Bez aktualizacji i bez zawartości Overwatch zaczął się nudzić… ludzie byli zmęczeni i znudzeni, spędzali mniej czasu w grze lub odchodzili. Wielu z nas zostało z produktem, grając po trochu co tydzień, żeby być na bieżąco… czekając na nowy tryb kampanii. Dla wielu z nas granie stało się obowiązkiem, czymś, co robiliśmy z przyzwyczajenia, żeby być gotowym na nową kampanię...

Ale nowa kampania nie była założeniem, które stworzyło OW2, była jedynie pretekstem. To było kłamstwo. Blizzard porzucił kampanię PvE na cały ROK przed premierą OW2, ale nadal promował ją w marketingu jako wielką nowość. Jest nawet w zwiastunie zapowiadającym OW2 i na planach rozwoju. Wiedzieli, że odłożyli ją na półkę 12 miesięcy wcześniej, ale wiedzieli, że tego właśnie chcą ludzie, więc wciąż stawiali ją na pierwszym planie, żeby zdobyć pieniądze, żeby zachęcić ludzi do zaangażowania się w projekt. Wzięli nasze zaufanie i je spieniężyli.

-----

Co tak NAPRAWDĘ oferuje OW2? Nad czym pracowali przez te dwa lata, co było tak ważne, że nie mogli stworzyć treści do OW1, produktu, za który ludzie zapłacili i który wspierali?

1) Przebudowali silnik graficzny:

Wcześniej Overwatch działał płynnie na stosunkowo słabych komputerach. Teraz zacina się i tnie w menu. Dodali to dziwne, błyszczące, plastikowe wykończenie do wszystkiego w świecie gry, zarówno bohaterów, jak i otoczenia – więc tam, gdzie wcześniej bohaterowie „wyłaniali się” z tła i byli łatwi do śledzenia, teraz wszystko ma tę samą teksturę i zlewa się w wizualny szum – szczególnie z większych odległości. Zrekompensowali to, jak źle to wygląda, dodając mnóstwo dodatkowych, efektownych efektów i eksplozji, przez co znacznie trudniej cokolwiek dostrzec w tym chaosie. Gra PvP w takim tempie opiera się w dużej mierze na szybkim ujednoznacznieniu tego, co się widzi, aby móc zareagować i walczyć, a nowy silnik uniemożliwia to bez wyłączenia wszystkich efektów… co oznacza, że ​​dwa lata rozwoju to funkcja, którą najlepiej wyłączyć.

Nowy silnik ma też dziwny, „śliski” charakter. Recenzenci, którzy grali w Overwatch przez 50 godzin, przyszli do Overwatch 2 i pisali: „Patrzcie! To ten sam Overwatch, którego kochacie, ale teraz darmowy! Wystarczy zignorować monetyzację, a będziecie mogli grać w tę świetną grę za darmo!”. Doświadczeni gracze z tysiącami godzin na koncie narzekali na Reddicie, że ich hitboxy są chaotyczne, a strzały, które wcześniej „wydawały się” celnym trafieniem, były kompletnie niecelne, i nie rozumieli dlaczego. Wszystkie timingi są pomieszane.

2) Przerobili większość bohaterów:

TLDR: zepsuli balans gry. Wcześniej jedną z największych zalet Overwatch było to, że można było znaleźć bohatera pasującego do stylu gry i grać nim, doskonaląc się w tym, co najbardziej odpowiadało. Niektórzy lubią snajperkę lub strzelanie z użyciem hitscanu, inni nie są dobrzy w celowaniu i wolą skupić się na pozycjonowaniu, taktyce i strategii. Możesz znacząco wpłynąć na swoją drużynę, grając Lucio lub Mercy, zwracając uwagę na otoczenie i ustawiając się w odpowiednim miejscu i czasie, aby zrobić różnicę.

W Overwatch 2 mechanizm zadawania obrażeń i leczenia został mocno przeprojektowany. Teraz jedyny tank w drużynie jest niesamowicie gruby i prawie niemożliwe jest szybkie zabicie go – ze wsparciem uzdrowiciela może po prostu stanąć na linii ognia i się śmiać. Wszyscy inni giną niemal natychmiast, niezależnie od tego, kto ich atakuje.

Walka drużynowa jest teraz bardzo jednotorowa: masz jednego tanka, który jest nieśmiertelny, jeśli ma wsparcie, a za nim podążają cztery postacie DPS z hitscanem – nie ma dużej różnicy między postaciami wsparcia a postaciami DPS. Drużyny starają się wyeliminować postacie DPS/Wsparcia przeciwnika, a kiedy wyeliminują kilka, mogą wykończyć tanka i zdobyć cel. I tak w kółko. Nie ma miejsca na żadną zmienność stylu gry. Albo grasz DPS-em i próbujesz zabić DPS-a przeciwnej drużyny, albo grasz tankiem i starasz się odpowiednio ustawić – może eliminując wrogiego bohatera, który zbliży się do ciebie za bardzo.

Rozumiem, że wiele z tego wynikało z opinii na poziomie profesjonalnym, gdzie gracze wsparcia narzekali, że chcą mieć bardziej bezpośredni wpływ na walki drużynowe, chcieli, aby gra była bardziej…",True,0,1758897542
2357570,205121410,76561199188055087,523,nie polecam jako doswiadczony gracz wielu gier uważam ze ta gra possysa nie liczy sie skill tylko fart jebac ta gre pozdrawiam,False,2,1758746173
2357570,205089592,76561199041636150,3042,skibidi,True,0,1758693081
2357570,205053210,76561198177378326,2235,"old overwatch better, change my mind",False,0,1758657504
2357570,204963017,76561199220392650,18735,"Overwatch 2 is that game that gives you fun and stress at the same time. As a support main, you feel like the team’s personal medic. You heal everyone, clutch fights, and somehow still get hit with “no heals”… classic...

The gameplay is fast, full of chaos, ults flying everywhere. When you get a good team, it feels amazing. When you don’t, you’re staring at the respawn screen questioning your life choices.

The funny part? Even when you’re done and say “yeah, I’m uninstalling,” you always come back. One clean heal, one clutch ult, and boom. back in queue.

Long story short: Overwatch 2 is annoying, addictive, and fun all at once. Support main life. it’s rough, but we survive",True,2,1758562986
2357570,204908766,76561199092501800,3225,better than rivals,True,6,1758494170
2357570,204863028,76561198371473702,12257,Dobra gra.,True,0,1758455992
2357570,204858614,76561198102888812,200,super,True,0,1758451665
2357570,204848272,76561199215219592,4981,👍,True,1,1758440338
2357570,204842387,76561199219462632,9900,hitsechs,True,0,1758433225
2357570,204725501,76561199795901368,832,",,",True,0,1758313838
2357570,204648525,76561199818147520,5000,OK,True,0,1758229222
2357570,204632790,76561198289601658,22819,"Bardzo Fajna gra. Tak. Dużo piu piu. Bam, SzTang! Kszszsz i ogólnie cała masa innych dźwięków. Poza tym gra nie ma do zaoferowania nic więcej. Polecam 2/10,",True,2,1758215991
2357570,204623858,76561198164211004,1026,♥♥♥♥ today's blizzard,False,0,1758208261
2357570,204540014,76561199760962627,5707,"fan (or rather developer) favorite heros get all the atention while all of the actually interesting ones are left behind, also tf2 is free",False,3,1758102456
2357570,204511144,76561198144101984,4682,paladins,True,1,1758061899
2357570,204499605,76561198262707505,4761,[,True,0,1758050715
2357570,204494048,76561198424080851,1022,Ściek,False,3,1758046098
2357570,204469975,76561198135964602,23857,"Śmieszna giera, polecam zagrać, jak najbardziej palyable, jest też gambling więc łapka do góry za to <3",True,0,1758022027
2357570,204433462,76561198272903707,1048,"Chłam, scam i jebanie na kasę to co od jebał blizzard z tą grą przechodzi ludzkie pojęcie nie interesuje mnie to że może gra jest teraz lepsze bo takie głosy słyszałem gra na premierę byłem zwykłym scamem i przerobieniem dobrej gry i fajnej marki filmów porno na maszynkę do zarabianie pieniędzy a takich decyzji nie szanuje w chuj",False,5,1757971765
2357570,204418702,76561199160559878,1563,chujowa gra nie polecam,False,1,1757961572
2357570,204376818,76561199101509977,2243,Jes git,True,0,1757911471
2357570,204310656,76561198078942414,513,gówniana gra tylko człowiek się wkurwia ale poza tym to spoko,True,2,1757844843
2357570,204269920,76561198319778112,1960,"Trochę starego, trochę nowego",True,0,1757797347
2357570,204262130,76561198051540223,9950,:),True,0,1757790214
2357570,204260630,76561198986188911,330,no,False,1,1757788882
2357570,204252055,76561199014037421,14212,"gay ass game, devs didnt reset ranks for players who played 4 years ago. Almost every game is bastion, torb or hog pls dont touch this ♥♥♥♥ ahh game for your own good",False,2,1757781809
2357570,204177336,76561199105431425,1127,Nie warte czasu,False,0,1757701751
2357570,204158388,76561199064715712,39,That game suck cuz i spend more time fighting game support with phone problem rather than anything else not saying that 0.6h is in main menu with error on screen worst desin ever,False,1,1757685607
2357570,204101768,76561199438565759,6178,mega fajna gierka,True,0,1757617606
2357570,204071723,76561199440704185,13281,boze co za osoby w to graja bez zycia masakra,False,2,1757586410
2357570,203871708,76561198201265158,8445,♥♥♥♥ game,False,0,1757335048
2357570,203858000,76561199085502379,4091,"bawie się tak na 6,7/10",True,1,1757315870
2357570,203811006,76561198374011456,53459,git,True,0,1757263945
2357570,203779949,76561198872279013,99300,GRATULACJE DLA TWÓRCÓW GRY PIERWSZE LV ZABIJAJĄ 109 LV BEZ PROBLEMU TO JAKI SENS GRY .,False,2,1757240634
2357570,203775807,76561199117733233,2598,mimo zjebania mikroplatnosci dalej jest fun,True,0,1757236731
2357570,203730171,76561199477953909,647,fajna gra polecam,True,0,1757190129
2357570,203498317,76561198853832478,17215,mega,True,0,1756989323
2357570,203461940,76561199196496637,1057,bardzo fajna gra,False,0,1756927773
2357570,203452280,76561198869334715,534,tf 2 lepsze,False,0,1756916418
2357570,203346853,76561198345573232,214,fajna gra,False,0,1756758981
2357570,203274274,76561199163996237,39,"SŁABA GRA NIC SIE NIE ZMIENIŁO KUPIŁEM SKURKI ZA DARMOWĄ KASĘ TO ICH NIE DOSTAŁEM  NIECH PRZYWRÓCĄ OVERWATCHA 1 

Pierogi to tradycyjne polskie danie – cienkie ciasto z mąki pszennej, wody i odrobiny soli, wypełnione farszem. Nadzienie może być różne: klasyczne ruskie (ziemniaki i twaróg), z kapustą i grzybami, mięsem, owocami czy nawet na słodko z serem.

Ciasto rozwałkowuje się cienko, wykrawa kółka, nakłada farsz i skleja brzegi. Pierogi gotuje się w osolonym wrzątku do momentu, aż wypłyną na powierzchnię. Podaje się je z masłem, skwarkami, cebulką albo śmietaną – w zależności od farszu.",False,2,1756666579
2357570,203271972,76561199116646445,634,zajebista gra na podsawie postaci z porno polecam,True,0,1756664382
2357570,203252462,76561198997499255,18992,over oglądaj godly gon pik,True,0,1756645728
2357570,203247558,76561199242880788,4951,niekiedy można dostać depresji ale ogólnie super ;3,True,0,1756640222
2357570,203181083,76561199222136339,522,noice,True,0,1756560371
2357570,203115744,76561198391369139,12,Cant even play the game because of some phone number issues on battle net,False,2,1756478349
2357570,203075435,76561199388864487,2323,fajne,True,0,1756419270
2357570,203063179,76561198961301704,20725,najlepsze porno jakie widzialem,True,9,1756405249
2357570,203061548,76561198399196315,3406,"Still not fixed error ""rendering device lost"" which caused me temporary ban, game was made and is maintenanced by bunch of pathetic imbeciles",False,0,1756403470
2357570,203055670,76561198994101450,2187,Green fn,False,1,1756397144
2357570,203052887,76561198397658494,5176,"Until the drivers for rx6600 are fixed, this game will rest in my trashbin.
Edit: In single update they fixed the problem and added cat character- lovely.",True,0,1756394367
2357570,203006332,76561199335775822,20832,nienawidze tej gry,True,0,1756327193
2357570,202994493,76561199202340593,44421,aids,True,0,1756313883
2357570,202989878,76561199880132694,1067,git,True,0,1756309037
2357570,202939075,76561197961575580,1291,"Nie da sie zalogowac .. pokazuje caly czas ze jest 20k graczy przedemna .,.. aktualizacje zrobili i na gorsze to wyszlo",False,1,1756238167
2357570,202937066,76561198850028515,26419,"amazing game, don't play",True,1,1756235998
2357570,202937039,76561199279222544,58191,za każdym razem jak jest nowy sezon to trzeba czekać 3 godziny by się dostać do ow bo serwery przeciążone,False,0,1756235968
2357570,202936291,76561199077358582,6801,♥♥♥♥♥♥ gowno,False,0,1756235231
2357570,202935969,76561199136143012,4758,♥♥♥♥♥♥ gówno same cwele w drużynie i serwery z gówna zlepione ale kontent na r34 jest,False,1,1756234898
2357570,202933267,76561199052045358,9722,"Marvel Rivals was the best thing that happend to overwatch 2. Now devs actually do something good
-206h on record (battle.net)",True,1,1756231990
2357570,202911495,76561199131787376,2819,hujowa gra,False,0,1756208831
2357570,202877442,76561198870188268,69319,gowno gra nie polecam,False,0,1756154963
2357570,202873061,76561198946039644,790,Nienawidze tej gry,False,1,1756149889
2357570,202869963,76561198829591603,30799,"W skrócie to gra się staczała już od jakiegoś czasu, teraz pora wszystko rzucić i wyjechać w bieszczady",False,10,1756146478
2357570,202854016,76561198996152878,31912,"good game very gay
",True,1,1756129429
2357570,202817082,76561199571901588,1193,"polecam zagrać lucio genjim i bastionem bardzo fajne i dobre postacie
",True,1,1756072517
2357570,202811698,76561199021476501,15402,a,True,0,1756066616
2357570,202807987,76561199486786297,4327,jebać to gówno,False,0,1756063013
2357570,202803321,76561199062154939,26830,PIERDOLONA W CHUJ DUPE SKURWYSYNSKA GRA DZIELO JEBANEGO SZATANA HITLER BY SIE NIE POWSTYDZIL WSZYSTKO JEST ROZJEBANE chuj nie grajcie w to pierdolone gowno,False,0,1756058444
2357570,202777106,76561198073286011,47961,"Długo by pisać o przypadłościach O2, bo jest ich wiele...
- Obietnice (ha)TFUrców z Blizzarda bez pokrycia;
- Niezaliczające się zawsze zadania dnia/tygodniowe;
- Bezmyślnie rozłożone na raty drobne aktualizacje jak zapisywanie profili w trybie Stadionu...

Natomiast czarę goryczy przelał MM w trybie rywalizacji.

15 Rozgrywek pod rząd jedną klasą i tylko 1 wygrana na 15...
Wychodzisz z siebie, wspinasz się na wyżyny refleksu i taktyki...
Opanowanie oraz przewidywanie, dajesz nieocenione wsparcie medykiem...
By koniec końców, dobrało Tobie znowu, jeszcze silniejszych przeciwników...

Może i Wargaming, World of Tanks, jest równie albo i bardziej kłamliwym jak i niedotrzymującym obietnic (ha)TFUrcą oprogramowania, natomiast ma mniej wpieniający system MM a po przegranej rozgrywce masz jakąkolwiek satysfakcję, wystarczy że ogarniasz, co jest niewystarczające w O2 gdzie po przegranej, możesz być tylko i wyłącznie w plecy...

Dla tego dnia 24/08/2025 O2 został odinstalowany...

Parafrazując Klasyka:
""𝚂𝙿𝚁𝚉𝙴𝙳𝙰𝙼 𝙾𝚅𝙴𝚁𝚆𝙰𝚃𝙲𝙷 𝟸. 𝙽𝙸𝙲 𝙽𝙸𝙴 𝙳𝚉𝙸𝙰Ł𝙰. 𝙼𝙰𝙼 𝙳𝙾ŚĆ 𝚃𝙴𝙹 𝙺𝚄𝚁𝚆𝚈.""



UPDATE [11/11/2025]

Szukałem alternatywy, chciałem, próbowałem...
Testowałem, poległem, zainstalowałem ponownie...

[i]""𝙺𝚞𝚛𝚠𝚊... 𝚗𝚘 𝚗𝚒𝚎...
𝙽𝚘 𝚙𝚘 𝚙𝚛𝚘𝚜𝚝𝚞... 𝙺𝚄𝚁𝚆𝙰 𝙽𝙾 𝙽𝙸𝙴!
𝙱𝙾Ż𝙴 𝙲𝚉𝚈 𝚃𝚈 𝚃𝙾 𝚆𝙸𝙳𝚉𝙸𝚂𝚉 ...!?""[/i]",False,3,1756031432
2357570,202705898,76561199152356773,2641,nie moge seksowac symmetri wtf,False,0,1755943905
2357570,202649508,76561199845900623,21802,Jak ktos kto ma ♥♥♥♥♥ gm-a wykręca negatywne staty na diamond lobby,False,0,1755869592
2357570,202643822,76561198361887015,6255,we are so back,True,0,1755863595
2357570,202643607,76561198802951555,13370,fajna gra,True,0,1755863358
2357570,202611601,76561199200451514,918,Ch**stwo pod kase. Animacje na internecie za to sa na plus.,False,0,1755814035
2357570,202597984,76561198200585094,429,"Praktycznie cała ( jak nie cała ) historia rankedów i innych trybów z Overwatch 1 usunięta, 0 zapisów odnośnie zwycięzców sezonów z NORMALNEJ wersji gry ( w tym top 500 ), ludzie strasznie toksycznie od samego początku, cudowne i bardzo jednostronne nakierowanie gry na osoby LGBTRGB+ i innych chorych umysłowo. Pięknie zmarnowane setki godzin grania po których zostały jedynie skiny x)",False,2,1755798300
2357570,202480485,76561198185526815,5,jebany spyware,False,0,1755639204
2357570,202396507,76561198991151963,8873,femboys>women,True,0,1755531124
2357570,202314066,76561199378963225,197,mega goated,True,0,1755429901
2357570,202267055,76561199339148935,17115,when hitting my keyboard I found a couple of button combinations that do cool stuff,True,0,1755367727
2357570,202266642,76561199069352926,16535,zabrala mi checi do zycia pozdrawiam cieplutko,False,1,1755367354
2357570,202249948,76561198038402797,796,"Ostatnio odblokowało mi się wspomnienie, jak to fajnie się grało kiedyś w Overwatch'a 1. Na premierę Dwójeczki pograłem trochę, ale byłem niezbyt zadowolony odblokowywaniem postaci, zmniejszenia drużyn do 5 vs 5, brak obiecanego trybu pve itd… Nie śledziłem tej gry od tamtego czasu i teraz postanowiłem sprawdzić, co się pozmieniało. Jestem naprawdę pozytywnie zaskoczony, bo od tamtego czasu balans się pozmieniał, i to na lepsze. Widocznie twórcy potrzebowali trochę więcej czasu, aby dostosować lepiej postacie do nowej wielkości drużyn. Wszystkie postacie są odblokowane od razu, więc nie ma jakiegoś dziwnego FOMO by zmuszać się w celu zdobycia kogoś nowego. Nie ma problemów ze zdobywaniem skrzynek i kupowaniem skinów za darmową walutę in-game. Pojawiło się sporo nowych map, nowych postaci (jednych fajniejszych, drugich mniej), także jest większa różnorodność. Zmiana, która mnie zaskoczyła, to atuty. W trakcie grania meczu dostajemy 2 razy możliwość ulepszenia swojej postaci, głównie poprzez zbuffowanie w jakiś sposób swoich skilli aktywnych lub pasywnych. Ciężko nazwać to robieniem build'ów, ale ogólnie zmiana jest na plus. Zaskoczony też jestem ilością graczy, bo mecz wyszukuje mi w ~20 sekund.

Jeśli sporo grałeś/aś wcześniej w Overwatch'a 1 i rzuciłeś/aś dwójkę ze względu na słabe zmiany, to polecam teraz dać szansę. Naprawdę gra się bardzo przyjemnie.",True,9,1755350879
2357570,202065810,76561199153991088,8530,przez ta gre stracilam wiele nerwow i wpadlam w depresje,True,1,1755115644
2357570,202038393,76561198101178460,32494,"Polecam. 3k godzin bez żadnych ostrzeżeń blokad itd. i dają perma bez powodu a jeżeli chcesz się odwołać albo chociaż poznać powód to odpowiadają że ich decyzja nie podlega dyskusji i nie możesz się odwołać. Zajebiście blizzard - nie przemyśleliście że da się robić nowe konta i łączyć je ze steamem bez limitu.

EDIT miesiąc później: 
Grasz uczciwie, nieskromnie ujmując lepiej niż 99% graczy. I nagle dostajesz bana na koncie za cheaty XDDDDD 
40 godzin na nowym koncie z czego większość streamowana na kick, VOD'y wysyłane jako dowód w odwołaniu i dupa. Blizzard ma to w dupie i nie odbanują. Nie polecam - grasz za dobrze równa się ban.",False,7,1755085797
2357570,202034280,76561198929370896,37484,"10 lecie Overwatch, i najlepsza aktualizacja jaką kiedy kolwiek Blizzard stworzyl gratuluje, i nie zniszcie tej gry znowu XDD",True,0,1755079989
2357570,201996317,76561198055341748,557,gowno gra,False,0,1755025705
2357570,201982349,76561199291408180,9,zaj3baliści3 mi grę dzieciństwa skurwysyny,False,0,1755011156
2357570,201905874,76561199000585773,414,bomba,True,0,1754913726
2357570,201727112,76561198845893744,11429,moira,False,0,1754683754
2357570,201642120,76561198140558675,317,My expectations were low but holly ♥♥♥♥,False,0,1754580146
2357570,201597300,76561198203120456,14227,winston,True,0,1754516471
2357570,201595681,76561199164322809,3797,"gówno jak chuj, naprawcie ♥♥♥♥♥ kolejki bo czekam pol godz na mecz tylko po to zeby dostac tanka co do pały schodzi. walicie w chuja i tyle",False,1,1754514587
2357570,201577586,76561199081194981,8447,porno tak dobre że gre zrobili,True,2,1754495426
2357570,201560931,76561198209203511,2717,Rozumiem czemu ludzie daja zle opinie na steamie bo Overwatch 2 byl tylko na battle net a teraz jakby laske robia dla ludzi ktorzy lubia steama,True,0,1754475980
2357570,201524442,76561198802149094,386,"Super gra, najbardziej lubię zdychać 24/7",True,0,1754423130
2357570,201520407,76561199767218234,4930,"spoko gra tylko jak ci na łeb wyskoczy złamiaż ""_""",True,0,1754418902
2357570,201518794,76561198002982139,2055,Gówno,False,0,1754417242
2357570,201445061,76561199219590106,45134,BANGER shooter 5-5/6-6,True,0,1754325752
2357570,201432538,76561198994802254,1796,"they forced me, Mr. Judge, seriously",True,0,1754313355
2357570,201415850,76561198120487119,74190,nienawidzę tej gry,True,1,1754289818
2357570,201364974,76561199145075865,5558,"jestem chujowy więc gra też chujowa
dodajcie z 20 tanków może będzie dało sie grać",False,3,1754231255
2357570,201356133,76561198397685298,2018,skrzynki wróciły dużo nowych postaci oraz map i trybów przyjemnie się gra polecam,True,0,1754222808
2357570,201319309,76561199750044975,3780,Nwm ale dupki są git,True,0,1754174482
2357570,201296793,76561199474008689,5153,jedyna dobra rzecz z overwatcha to pornografia 🥀🥀🥀🥀,False,28,1754151987
2357570,201270251,76561198265004811,2483,"Genialne <3
",True,0,1754124206
2357570,201234030,76561199612613255,9428,nie polecam po prostu nie dodtknijcie trawy pozdro,False,0,1754077792
2357570,201227599,76561197979626457,9262,jest spoko,False,0,1754071097
2357570,201214118,76561198349804653,1724,porn was better,False,0,1754057957
2357570,201203485,76561199227930725,262,fajne gram jedną reką,True,0,1754046420
2357570,201149752,76561199218724128,16770,its overwatch 2.,False,0,1753977329
2357570,201149103,76561199102499073,162,"Ogólnie, gra jest w porządku... ale zrobienie z niej free2play'a oraz pokazanie środkowego palca dla osób, które zakupiły tytuł po pełnej cenie, sprawiły że dla mnie ta gra jest bardzo zła, bo... gdzie jest moje 100 zł, które wydałem na ten tytuł? Gdzie była wcześniej (w moim przypadku, był to rok 2018 na konsoli PS4) informacja, że ta gra zmieni się w F2P i zainwestowane wcześniej pieniądze w Overwatch 1 staną się zmarnowane, bo gra kiedyś wyjdzie za darmo w postaci KONTYNUACJI.

 Ta gra jest taką kontynuacją, jak Battle for Neighborvile jest Garden Warfare 3. Tutaj nic się praktycznie nie zmieniło. Faktycznie, postacie są lekko odświeżone, dodali nowe, są również nowe tryby, ale czy to powoduje, że ta gra ma być kontynuacją? Bo dla mnie to brzmi jakby dodali aktualizacje, która zmienia lekko strukturę gry, dodaje dwójkę w tytule, zmienia się z płatnej gry na F2P, ale to jest dalej ten sam tytuł. Twórcy tłumaczyli się, że powodem tworzenia kontynuacji jest wprowadzenie osobnego trybu fabularnego PVE, który będzie złożony i zawierał nawet drzewko umiejętności. I co? Twórcy zrezygnowali z tego pomysłu, skupiając się nad ulepszeniem trybu PVP. 

 Czyli w skrócie; jedyny argument, dzięki któremu sensowne było tworzenie kontynuacji stał się nie ważny, ponieważ twórcy z niego zrezygnowali. Tak, tak, stworzyli tam jakieś misje, które duuużo się różnią od tego, co otrzymujemy każdego roku z okazji wydarzenia tf. 

 Podobno twórcy się teraz interesują teraz tworzeniem trybu fabularnego, ale to mnie nie zachęca do powrotu. Czemu by miało? Jedyna rzecz, która zachęcała mnie do tej kontynuacji to własnie ten tryb PVE, który anulowali, chociaż się jednak nim interesują??? Bez sensu. Tak samo jak fakt tego, że te misje PVE są płatne oraz są bardzo krótkie jak na dlc, które kosztuje 15 euro.

 Podsumowując; Nie polecam się angażować w tą grę, bo nie jest to warte. Twórcy nie interesują się graczami, ale pieniędzmi, które z nich pozyskują. Bez trybu fabularnego PVE, ta gra jest tylko cash-grab'em dla tych, co kupli pełną wersję jak ja oraz dla osób, które lubią sobie kupić skina w gierce za duże pieniądze.

 Lubiłem Overwatch, ale nie cierpię Overwatch 2. Nie polecam.",False,1,1753976743
2357570,201110983,76561198875063435,17397,"Gra jest super dopóki na twojej drodze nie spotkasz fioletowo włosej ziomalki która w dodatku sie teleportuje i powoduje w twoim mógu dziure do końca życia. Bllizard leci na hajs a ich laleczka tracer już nią nie jest, ale za to jest drugim koszmarem graczy. Z minusów to tyle czas na plusy.",True,2,1753927729
2357570,201082517,76561198981563616,7692,"meta w tej grze zmienia sie chyba srednio co trzy godziny, bany leca doslownie za nic xd, rankedy nie dzialaja, matchmaking nie dziala, lobby nie dziala",False,14,1753895411
2357570,201026128,76561198139078606,6668,"Najprzyjemniejszy hero shooter na rynku. Gierka jest w lepszym stanie niż kiedykolwiek była, wystarczy wyjść z nostalgicznej bańki",True,1,1753829507
2357570,200951884,76561199019639882,24916,j35ac phara main z latajacym pocket healem i ukraincow przy okazji,False,3,1753746799
2357570,200907475,76561199193101798,4773,spoko,True,0,1753701528
2357570,200759484,76561199731897802,22171,meh,True,0,1753540444
2357570,200757149,76561198306675188,5545,kocham ta gre 😍 jesli chcesz postrzelac mozesz tu to zrobic 😎🤙,True,0,1753538820
2357570,200744272,76561198036870084,17668,nienawidzę tej kurwy,True,0,1753526921
2357570,200713797,76561198869828095,28871,People who talk ♥♥♥♥ about Ov2 don't even know what's really going on in the game itself.,True,0,1753491204
2357570,200653776,76561199777423001,9373,sigma,True,0,1753432397
2357570,200613245,76561198353534656,861,"Nuda, micro płacenia i poprawność polityczna.
Lepsze od Team Fortress 2 i Marvel Rivals.
",False,0,1753390612
2357570,200597104,76561199813863807,1333,.,True,0,1753383072
2357570,200533861,76561199797760998,17882,ffaa,True,0,1753358199
2357570,200531384,76561199366042830,275,ta gra dalej ciagnie druta,False,1,1753357184
2357570,200468362,76561198089364767,4392,A worse version of marvel rivals,False,1,1753309709
2357570,200468015,76561198286411924,15193,fajna giera goonuje do michala,True,1,1753309263
2357570,200457805,76561198239846146,121,bring back old lootboxes,False,0,1753297648
2357570,200386757,76561199086140662,22432,better than jungle,True,0,1753208165
2357570,200386489,76561198313428822,35328,"Polecam każdemu, a kto mówi, że OW1 był lepszy ten maruda. Teraz gra się dużo lepiej. Gierka wciąga na długo, często są aktualizacje i zmiany, względem jedynki poprawiło się tempo gry, jest zdecydowanie dynamiczniej.",True,4,1753207921
2357570,200263278,76561198248048556,3839,After years its good game,True,0,1753049403
2357570,200246525,76561199206499640,3600,"still ♥♥♥♥♥♥♥ ♥♥♥♥♥♥ and unplayable game 
♥♥♥♥ izrael and ♥♥♥♥♥♥s",False,0,1753032518
2357570,200245981,76561198975320673,574,Nie,True,0,1753032002
2357570,200233135,76561198324753812,92850,Good game!,True,0,1753020245
2357570,200230686,76561199502830504,20,LOGOWANIE TRWA DŁUŻEJ NIŻ SAMA GRA. FAJNE JAK CHCECIE ZABIĆ CZAS I SIEBIE PRZY OKAZJI,False,2,1753017875
2357570,200225292,76561199572826915,6718,L,True,0,1753012152
2357570,200173415,76561198833981277,539,ale ♥♥♥♥♥ sraka,False,0,1752947112
2357570,200107040,76561199826555394,617,Nie,True,0,1752870057
2357570,200036841,76561199446698010,1081,niby spoko niby nie ale raczej spoko,True,1,1752784476
2357570,200032021,76561198843630977,4916,gówno niezbalansowane,False,0,1752779855
2357570,199975882,76561199572597996,11318,i hate yall i hope u all burn in hellfire for all eternity,False,1,1752712025
2357570,199972649,76561199247155517,11,"no git git, nie bede gral bo anime to chujstwo, gra podobna do... zapomniałem ale graficznie troche do valoranta ktory jest 🦷⬛⬛🦷",True,1,1752707659
2357570,199867654,76561199876528377,15760,.,True,0,1752594987
2357570,199866075,76561199396478830,5617,hghj chj c fhg,True,0,1752593644
2357570,199860928,76561198853942229,2820,Ivona jest bardziej żywa niż ta gra. Dlaczego to jest takie chuyowe? no na przykład twórcom się nie chciało (skill issue),False,0,1752589298
2357570,199815337,76561198096564295,608,tera git,True,0,1752532265
2357570,199738017,76561198047388059,74095,+1,True,0,1752440044
2357570,199607886,76561198862951043,8546,wypusccie mnie,False,1,1752315314
2357570,199607828,76561199201197252,13543,Szczerze? Mega mocne,True,1,1752315258
2357570,199572445,76561199071918953,186,xd,False,0,1752272097
2357570,199546204,76561199672541527,128,tf2 wygrywa samą prostotą,False,1,1752248776
2357570,199527433,76561198047221831,54604,Y'all are a buncha killjoys,True,0,1752231898
2357570,199476006,76561198837319114,576,Stracone 7 godzin,False,1,1752173017
2357570,199382649,76561199155749412,12051,I have bad aim thats why I play mercy and rage at my team for having bad aim,True,1,1752079011
2357570,199359676,76561199261911273,44834,"największe ścierwo w postaci gry jakie grałem całe moje życie. nie grajcie w to jeżeli wam życie miłe.

",True,0,1752058198
2357570,199317810,76561199366771577,62713,nie grajcie w to,False,0,1752008669
2357570,199266261,76561199803790528,15,"wszystko bylo by git , ale nie da sie nawet w ta gre zagrac bo przez te zrabana weryfikacje czy jestes botem nie da sie wejsc. nie polecam
",False,0,1751959575
2357570,199194149,76561199676719843,278,"bardo fajna gra
",True,1,1751889198
2357570,199172910,76561198088667871,1822,nasienie szatana,False,0,1751862644
2357570,199118398,76561198367661993,98,Those were the worst 98 minutes of my life,False,0,1751815145
2357570,199112910,76561199650823930,216,bardzo fajna gra jak chcesz się wkurwic i pograc z ziomkami polecam,True,1,1751811171
2357570,199064757,76561199504494528,66814,overwatch 2.,False,0,1751762797
2357570,199036856,76561199227317826,116,Super Gra Jak Umiesz grać na Typa który ma 400lvl to masz szanse polecam sie nauczyć na boty na normal dobre treningi,True,0,1751737536
2357570,199009312,76561199705892971,11164,ryje banie,True,0,1751715484
2357570,198973984,76561199806034864,37907,ts smells,False,1,1751675736
2357570,198910138,76561199871266903,4564,wszystko jest git ale mało graczy,True,0,1751622084
2357570,198740451,76561199514446126,439,"nie rozumiem złych opinii na temat tej gry, ludzie nie umieja grac i maja problem, ale od tego sa gry 8/10",True,0,1751465673
2357570,198585150,76561198437920626,483,NIE MOGE SIE ZALOGOWAC OD 4 GODZIN TA PIERDOLONA GRA,False,0,1751315361
2357570,198452801,76561198854253454,17761,nie,False,0,1751199732
2357570,198444516,76561198328239609,789,Blizzard = HIV,False,2,1751192561
2357570,198304687,76561199117914190,1323,.,False,0,1751058720
2357570,198303197,76561199439211888,600,Dynamiczna strzelanka gdzie dużo się dzieje,True,0,1751057416
2357570,198299142,76561199142062193,13,"Sam fakt tego że do gry nie da się zalogować jest wypadkową tych opini, pierdolone gówno",False,1,1751053735
2357570,198235981,76561198984947572,2139,Dobra gierka tylko skrzynki niech dadzą darmowe znowu bo lipa a tak to lepsze niż marvel rivals,True,0,1750990787
2357570,198196735,76561198959173719,1108,musze w niom grac z przymusu inaczej moja dziewczyna nie da mi dupy,False,5,1750953151
2357570,198184978,76561199059043502,10180,ponad zegarek 2 gaming,True,0,1750942562
2357570,198173332,76561199194896268,2702,"przyjemna gra, ładna grafika taki dużo lepszy valorant",True,0,1750928996
2357570,198145722,76561199199006186,2144,syf najwiekszy,False,0,1750891937
2357570,198123808,76561199113317112,21457,winston feet,True,0,1750870081
2357570,198112337,76561198861424796,28342,A lot has changed since the initial release and the game is in a good state right now,True,1,1750859574
2357570,198071315,76561198304479156,16673,god awful game,False,0,1750805366
2357570,198069795,76561199060319951,44747,<33,True,0,1750803588
2357570,198060834,76561199042458485,40270,stracone 456 godzin zycia ♥,False,3,1750794174
2357570,198056965,76561198207136052,21969,ni hao bu xin zhao xi xi ni mei,True,3,1750790511
2357570,198055905,76561199105062262,42028,7000 osób w kolejce.,False,1,1750789531
2357570,198054508,76561199225704980,56410,<3,True,0,1750788294
2357570,198053621,76561198806934299,4290,gowno ♥♥♥♥♥♥ dla zakompleksionych cveli,False,0,1750787530
2357570,198038387,76561199006813907,4801,"ta wasza niby gierka  ssię pod każdym wstlędem
",False,0,1750773838
2357570,197904244,76561198169899683,440,NIE,False,0,1750618710
2357570,197805501,76561199272865965,11707,fajne jest wyszstko,True,0,1750524928
2357570,197547708,76561198395521794,19173,dodajcie kolejne nowe postacie na supporta co biją więcej od DPSów,False,0,1750261107
2357570,197497472,76561199037466136,314,xd no co moge powiedziec,False,1,1750202351
2357570,197407291,76561199117403178,48798,"overpriced skins but i don't care for them and i love to get sweaty, look at the leaderboard and see that im regressing with every second lol",True,2,1750107066
2357570,197403858,76561198946200298,25069,spoko ale czasem mam ochote zakonczyc meki mojego komputera,True,0,1750104084
2357570,197384579,76561198215996819,25229,Tej grze udało się całkowicie zabić jakąkolwiek przyjemność płynącą z grania. Autentycznie wolę iść do pracy na 12 godzinną zmianę niż spędzić choćby pięć kolejnych minut w tym syfiastym tytule. Losowy crap na telefon dał mi więcej radości...,False,4,1750087008
2357570,197314656,76561199056835072,24542,"jest git
",True,0,1750004484
2357570,197244649,76561198905956344,2641,"1 była lepsza mid w chuj
",True,0,1749931685
2357570,197224505,76561199162340936,31865,szybko się nudzi,True,0,1749914900
2357570,197198821,76561199075523916,9050,"dużo osób hejtuje ale prawda jest taka ze gra jest zajkebissta, no nwm mi podsiadł overwatch i nawalam w niego, napewno lepszy niz team fortress, ostatnio duzo sie dzieje fajna do zagrania z znajomymi na początku mozesz byc gównem ale z czasem poznasz jak grac postaciami jak ci wlecą pierwsze mvp bedzie satysfakcja postacie są zbalansowane i tyle jebsac hejterów overwatcha to dobra gra",True,1,1749890468
2357570,197080034,76561199064975605,7984,Polecam,True,0,1749761733
2357570,197045212,76561199105294925,4686,"Wciągające
",True,1,1749733919
2357570,196931231,76561199566102868,19369,mam już dosyć,True,1,1749602966
2357570,196727112,76561198271219333,39822,jebta się,False,0,1749398505
2357570,196723415,76561199102797945,2559,"Overwatch tesknie, wypuście na maca pls",True,0,1749395892
2357570,196715302,76561199156004552,18515,u can get banned for literally anything and if you try contacting support you will just get a bot reply.,False,8,1749389666
2357570,196711399,76561198413280966,21976,miej litość kvrwa,True,0,1749386380
2357570,196596566,76561199681624081,26,gfg,True,0,1749275632
2357570,196572353,76561199012015574,3190,dobra gierka,True,0,1749247624
2357570,196569674,76561198015968516,22371,mid,False,0,1749244798
2357570,196566875,76561198296260608,2505,jedyne co dobre w tej grze to winton,False,0,1749242189
2357570,196564785,76561199124785802,39227,unikaj,False,0,1749240320
2357570,196543368,76561198352482373,854,Kolega kazał.,True,0,1749222274
2357570,196421251,76561198059626856,36475,nothing good comes to my mind when i think about this game,False,5,1749084044
2357570,196375755,76561199216763528,1604,♥♥♥♥♥ ale syf XDDDDD,False,3,1749039608
2357570,196375753,76561198762389488,26760,"gave it a 2nd chance and its a solid game worth a shot, its a bit scummy given its blizzard game, anyways its fun game",True,0,1749039605
2357570,196277202,76561198313830298,44608,"jak jeszcze raz zobacze skina do kiriko w sklepie, mój komputer magicznie znajdzie się po zewnętrznej stronie okna.
ps: venture smash",True,2,1748906769
2357570,196264282,76561199000180228,3778,D.VA ma fajną pupe,True,1,1748892611
2357570,196250501,76561198844144454,25493,"⣞⢽⢪⢣⢣⢣⢫⡺⡵⣝⡮⣗⢷⢽⢽⢽⣮⡷⡽⣜⣜⢮⢺⣜⢷⢽⢝⡽⣝
⠸⡸⠜⠕⠕⠁⢁⢇⢏⢽⢺⣪⡳⡝⣎⣏⢯⢞⡿⣟⣷⣳⢯⡷⣽⢽⢯⣳⣫⠇
⠀⠀⢀⢀⢄⢬⢪⡪⡎⣆⡈⠚⠜⠕⠇⠗⠝⢕⢯⢫⣞⣯⣿⣻⡽⣏⢗⣗⠏⠀
⠀⠪⡪⡪⣪⢪⢺⢸⢢⢓⢆⢤⢀⠀⠀⠀⠀⠈⢊⢞⡾⣿⡯⣏⢮⠷⠁⠀⠀
⠀⠀⠀⠈⠊⠆⡃⠕⢕⢇⢇⢇⢇⢇⢏⢎⢎⢆⢄⠀⢑⣽⣿⢝⠲⠉⠀⠀⠀⠀
⠀⠀⠀⠀⠀⡿⠂⠠⠀⡇⢇⠕⢈⣀⠀⠁⠡⠣⡣⡫⣂⣿⠯⢪⠰⠂⠀⠀⠀⠀
⠀⠀⠀⠀⡦⡙⡂⢀⢤⢣⠣⡈⣾⡃⠠⠄⠀⡄⢱⣌⣶⢏⢊⠂⠀⠀⠀⠀⠀⠀
⠀⠀⠀⠀⢝⡲⣜⡮⡏⢎⢌⢂⠙⠢⠐⢀⢘⢵⣽⣿⡿⠁⠁⠀⠀⠀⠀⠀⠀⠀
⠀⠀⠀⠀⠨⣺⡺⡕⡕⡱⡑⡆⡕⡅⡕⡜⡼⢽⡻⠏⠀⠀⠀⠀⠀⠀⠀⠀⠀⠀
⠀⠀⠀⠀⣼⣳⣫⣾⣵⣗⡵⡱⡡⢣⢑⢕⢜⢕⡝⠀⠀⠀⠀⠀⠀⠀⠀⠀⠀⠀
⠀⠀⠀⣴⣿⣾⣿⣿⣿⡿⡽⡑⢌⠪⡢⡣⣣⡟⠀⠀⠀⠀⠀⠀⠀⠀⠀⠀⠀⠀
⠀⠀⠀⡟⡾⣿⢿⢿⢵⣽⣾⣼⣘⢸⢸⣞⡟⠀⠀⠀⠀⠀⠀⠀⠀⠀⠀⠀⠀⠀
⠀⠀⠀⠀⠁⠇⠡⠩⡫⢿⣝⡻⡮⣒⢽⠋",True,0,1748879822
2357570,196143840,76561199149464114,16438,nie grajcie w to prosze was,False,1,1748770549
2357570,196107838,76561199512727463,26962,Better game on Earth,True,0,1748729122
2357570,196098647,76561198102152297,67944,just bad game,False,1,1748721067
2357570,196017966,76561199466290131,7519,"Apparently there are only 4 heros in the game, according to the skin updates.",False,0,1748641932
2357570,196005407,76561199240472836,21,Lepsze Paladins xDDDDDD,False,0,1748631442
2357570,195776770,76561199217586786,5275,To już nie to samo co jedynka. Na każdym kroku monetyzacja. Nie lubiem blizzarda.,False,0,1748367252
2357570,195767809,76561199143158105,244,gra może być lecz to nie to co kiedyś że po szkole ze znajomymi,True,0,1748357976
2357570,195717094,76561198186473845,5641,great,True,0,1748285495
2357570,195702369,76561198887998523,495,"Słyszeliśmy o nowym dziele Blizzard, grze zwanej Overwatch 2, i z nadzieją w sercach oczekiwaliśmy, że będzie ona godnym następcą chwalebnej gry, która wcześniej bawiła nasze umysły. Lecz, biada nam! Zawiedli nas twórcy, i to srogo.

Po pierwsze, zamknięto bramy do starego królestwa, Overwatch 1, i zmuszono nas do wędrówki w pustkowia nowego świata. Zniknęły skrzynie z łupami, które dawały radość i nadzieję, a w ich miejsce wprowadzono przeklętą walutę, którą zdobywa się z trudem i mozołem.

Obiecano nam epicką opowieść o bohaterach, lecz w dniu premiery ujrzeliśmy jedynie pustkę! Gdzie są legendy, które miały rozjaśnić mroki? Gdzie bitwy, które miały napełnić serca odwagą? Zamiast tego, spotkała nas jedynie gorycz i rozczarowanie.

Balans w grze chwieje się jak pijany rycerz na turnieju, a niektórzy bohaterowie są zbyt potężni, inni zaś zbyt słabi. Bitwy stały się przewidywalne, a radość z walki zanikła.

Mikrotransakcje, niczym złodzieje, okradają nas z naszych sakiew, a skórki i ozdoby są zbyt drogie dla ubogich.

Przepadła chwała starego Overwatch, a w jej miejsce otrzymaliśmy grę, która bardziej przypomina karykaturę niż godnego następcę. Smutek i gniew wypełniają serca graczy, którzy oczekiwali czegoś więcej. Niech Blizzard usłyszy naszą skargę i naprawi błędy, zanim Overwatch 2 pogrąży się w wiecznej ciemności! Amen.

2/10",False,24,1748271381
2357570,195571828,76561199514853953,8051,"kocham
",True,0,1748115859
2357570,195435685,76561198814828770,450,i played overwatch 1 for 150h+ but now oh mam... this game sucks,False,9,1747948789
2357570,195357673,76561199201380436,7593,i broke my desk D:,False,0,1747846948
2357570,195336358,76561198323019225,4955,its really fun without annoying fly in your ear telling you its not,True,0,1747819156
2357570,195295936,76561199173041988,805,zostałem zmuszony do grania w to help! ale nie dlatego odradzam po prostu to guwno.,False,0,1747771167
2357570,195274697,76561199091927631,3609,czuje tą aure gejowską jak w to gram,False,0,1747749839
2357570,195270738,76561198866269099,22258,genji,False,0,1747745324
2357570,195258369,76561198289942396,3543,GOAAAAAAAT,True,0,1747725202
2357570,195257552,76561198880065778,63220,"klaudyna tu była, polecam te gre!",True,0,1747723458
2357570,195230758,76561199381812083,8250,Zajebista giera.,True,0,1747681663
2357570,195209269,76561199730279326,102,kiedyś git tera lipa takie guwno japierdole,False,2,1747656892
2357570,195165313,76561198879028710,5205,hj,False,0,1747591416
2357570,195134163,76561198835591107,1374,"OMG 😭😭 Overwatch 2 is like soooo bad bro 😩💔 why they do dis to my fav game 😤🔥 it used to be LIT but now it's just 🗑️🗑️💀 nerfed all my mains wtf 😡💀 like bruh who asked??? 😭😭 every match is just pain and suffer 😩🔫 i can't even have fun no more 😭💔 uninstalling for my mental health frfr 😔🙏💯
",False,3,1747559641
2357570,195108573,76561198824985748,6282,Ruska baba strzela laserem uciekaj bohater lata sajper strzela tim lata jak kogut  mapa kręci się jak bąk na haju kumpel zamarł padniesz jak mucha w smole wstaniesz z drzazgami w sercu,True,3,1747522848
2357570,195044047,76561198297578446,36238,Powrót do gry jest dla mnie czymś najlepszym. Super że dodali te skrzynki z powrotem! Gra mi się wspaniale mam nadzieję że będę grał przez jeszcze długi czas!,True,0,1747446998
2357570,195009322,76561198146514252,2111,for real fck this game bro,False,0,1747406234
2357570,194908875,76561199166484547,2527,gowno...,False,0,1747262053
2357570,194758603,76561199586625130,109944,troche fajna ale jebać d.ve,True,0,1747062889
2357570,194749084,76561198730106110,34558,ściek,False,0,1747051317
2357570,194678714,76561198091570052,11753,maupa,True,0,1746964551
2357570,194636591,76561199837799313,1137,"zajebiste!!!!!! mega gierka ,ale czasami się słabe randomy zdarzaja",True,0,1746910330
2357570,194624562,76561199131783537,1356,fajna gra,True,0,1746899112
2357570,194569134,76561198006410253,13183,"I remember this game since it was overwatch 1. I had a lot of fun playing it then, then a break for a few years, overwatch 2 came out, and I have to say it's bad. Okay, some interesting characters have come out in the meantime. The current state of the game? Very annoying matchmaking. I had many situations where in order to win the game I had to carry it myself or lose. Therefore, many times it came down to a situation where I had 5-6 lost games in a row. I don't know how it selects players for the team, I may obviously be weak in this game, however, the system should select me players with similar skills so that I have some chance to win something once in a while. Having frequent losing series is really not fun even frustrating.

Another thing is the quests, they can be divided into daily and weekly. Another thing that is frustrating is that if a quest doesn't suit us, we have no way to change it.

I really wanted to give this game a positive rating because of how much fun I had playing overwatch 1, however, the system of matching players to teams takes away from the fun of the game.

However, on the positive side, we can see that recently this game has started to develop so, maybe when more players arrive it will start to select people of equal skill level.

Pros:
Lot of heroes, each with unique abilities.
Graphics in the game is ok

Cons:
Bad matchmaking. In my expierience, i didn't got players with similar level to mine and a lot of the time I was on losing streek If I didn't carry particular game. 
You can't switch quest which You don't like.",False,0,1746831726
2357570,194552895,76561199469656552,19133,fajna gra tylko szkoda jak jest początek rundy w stadione cie kikuje  huj nie zagrasz brak połaczenia z serwerem i cyk 15min czekania na unban jescze wienksze gówno,False,0,1746813497
2357570,194539576,76561198123826485,522,"this game had so much potential, now its just ""pay for skins"" and no one cares about the state of the game",False,0,1746800214
2357570,194535073,76561199012328627,8131,"good game, but dont play this",False,1,1746795451
2357570,194473563,76561199024241447,7381,superstopy,True,0,1746712211
2357570,194423374,76561199095034141,6861,Sombra to dziwka,True,1,1746639523
2357570,194400398,76561198811458666,241,"pomijając inceli, których spotkasz co grę, Ow2 jest lepszy niż Marvel Rivals pod dosłownie każdym względem",True,0,1746611342
2357570,194279622,76561198068768435,97691,!,True,0,1746441708
2357570,194241992,76561199071026474,1114,Fajnie się gra,True,1,1746391715
2357570,194151855,76561198124071015,35558,"fix the performance, it's awful after the stadium patch",True,0,1746300862
2357570,194123793,76561199139833241,30245,"Jedna z moich ulubionych gier, aktualnie mam przerwę bo strasznie mnie irytowała ale ta gra to najlepsze co spotkało ludzi. Co prawda Overwatch 2 to nie to samo co 1, ale wciąż czuć ten klimat i nostalgie, liczę że kiedyś jeszcze ta produkcja wróci do topki i znowu każdy będzie w nią grał.",True,0,1746275748
2357570,194081788,76561198814725188,2188,slinie sie do mccree,True,0,1746221781
2357570,194038290,76561199347292303,18216,Gra 10\10 dva ma niez\lego gyata,True,0,1746177779
2357570,194006006,76561199207735645,2715,"Fajna gra. Dynamiczna, fajna grafika. Tylko niektóre postacie są za op",True,0,1746133642
2357570,193954997,76561199172349284,88586,zajebiste.,True,0,1746080398
2357570,193920432,76561199803547237,33143,"trash game, wants more ♥♥♥♥♥♥♥♥♥♥",False,0,1746035865
2357570,193849551,76561199036375491,7110,kocham skrzynki,True,0,1745942887
2357570,193834979,76561198997538400,5839,Gorsza gra 4/10,False,1,1745926913
2357570,193803600,76561198244853306,54738,"Przerzuciłem się z Paladinsów po tym jak te straciły wsparcie, ogólnie gierka wciąga i konkurencja z Marvel Rivals nakręca twórców do pracy nad grą.",True,1,1745878480
2357570,193791194,76561198398004531,20659,Kill every Rammatra player with napalm,False,5,1745864292
2357570,193782176,76561198120103664,54777,git gierka,True,2,1745854366
2357570,193766790,76561199164218145,190,Oddajcie Overwatch 1,False,2,1745834218
2357570,193732224,76561198392891505,2599,"
strzelamy sie i ****. 

a jak cie zastrzelą w strzelaninie to czekasz
i wracasz sie strzelać
my sie strzelamy, my co gramy w ta gre
  to my lubimy
sie strzelac
no
 i ****",True,1,1745783332
2357570,193731585,76561199115301026,7861,dobra giera,True,1,1745782774
2357570,193729896,76561199645150595,691,fajne   ;]]]]]]]]]]]]]]]]]]]]]]]]]]]]]]],True,1,1745781303
2357570,193724973,76561199848157547,19,"co tu, k*a, poszło nie tak?**

Jako stary gracz Overwatcha, który spędził setki godzin w pierwszej części, trudno mi nie poczuć się perfidnie wydymanym przez Blizzarda. Overwatch 2 miał być świeżym startem, kontynuacją z prawdziwego zdarzenia, a wyszła z tego ledwo odgrzana zapiekanka. Zmiana z 6v6 na 5v5 kompletnie rozpieprzyła balans rozgrywki – teraz jak twój tank ssie, to masz prze***ane. Jeden gracz potrafi rozwalić całą dynamikę meczu, co w teorii miało dodać intensywności, a w praktyce tylko frustruje.

Nowe mapy? Kilka sztuk na krzyż. PvE, o którym pier***ono przez lata, zostało zredukowane do kilku misji, po czym Blizzard uznał, że jednak im się nie chce – i po temacie. Cały marketingowy bełkot można sobie wsadzić. Miało być tak pięknie, a wyszło jak zawsze.

Największy żart? System monetyzacji. Battle passy, sklepik z cenami jak z kosmosu i zero szacunku dla graczy, którzy wspierali grę od samego początku. Dali nam grę niby za darmo, a potem próbują nas oskubać na każdym kroku. To już nie jest Overwatch, to j***ny sklepik z lootem.

Jeśli miałeś nadzieję na powrót do świetności – daruj sobie. Jako weteran tej serii, mówię to z bólem: Overwatch 2 to nie sequel, to parodia samego siebie.

Ocena: 3/10, bo jeszcze jakoś wygląda.",False,5,1745776989
2357570,193643338,76561199047998980,1554,chujowa,False,1,1745687846
2357570,193495762,76561198403304710,21,"Jak dobrze że przestałem grać w to.. tą loterie boxów. Teraz po latach... zalogowałem się do OW2, bo wcześniej grałem na battlenet'cie, niedobrze mi sie zrobiło co zrobili z tą grą. ogólnie nie lubię hazardu, a tu do pie rniczyli na maxa to. Odrzuca mnie ta gra. Nie polecam.
Ps. zalogowałem się, gdyż dawali na disie paczki darmowe. Przy okazji sprawdziłem jak to wygląda. Już mnie nie skuszą tym samym, by się zalogować",False,4,1745516614
2357570,193477498,76561198386328964,14193,"Overwatch 1 - 7.8/10

Overwatch 2 - 4.8/10",False,0,1745500107
2357570,193467833,76561198817851079,23728,kocham overwatch,True,1,1745487910
2357570,193451130,76561198412506796,50734,no,False,0,1745462189
2357570,193434579,76561198985301254,48656,"Imo Bob>>>
",True,0,1745440126
2357570,193424547,76561199443971331,36923,Zeleży kto  co lubi,True,1,1745430011
2357570,193422234,76561198982248812,23855,szuper jest,True,1,1745427841
2357570,193416973,76561199235343768,984,"kocham te grę jak matkę która sprzedała mnie za 2 flachy
",True,0,1745422877
2357570,193416258,76561198819452107,3179,"Polecam, jedna z najlepszych gier jakie grałem!",True,0,1745422188
2357570,193402340,76561199106360073,26,"Ocena: 3/10
zawód na pełnej linii 
Po całym szumie i obietnicach, które towarzyszyły premierze Overwatch 2, trudno nie czuć się po prostu oszukanym. Gra miała być ""pełnoprawną kontynuacją"", a tymczasem otrzymaliśmy... właściwie patch do pierwszej części, tylko z większymi ambicjami marketingowymi.

Zmiana z 6v6 na 5v5 kompletnie zachwiała balansem gry. Niektóre postacie błyszczą, inne stają się niegrywalne, a tempo meczów jest nierówne i często frustrujące. Nowe mapy? Kilka, z czego część wygląda jakby była robiona na szybko. Tryby gry? Brakuje innowacji, a PvE – który był jedną z głównych zapowiedzi – został zredukowany do szczątkowej formy, a potem praktycznie porzucony.

Monetyzacja to osobna tragedia. Battle pass, mikropłatności, sklepy z kosmetykami za absurdalne ceny – wszystko wygląda jak chciwa próba wyciągnięcia pieniędzy od graczy, którzy wcześniej cieszyli się zrównoważoną zawartością. Overwatch 2 to przykład, jak można zepsuć dobrą grę przez złe decyzje biznesowe i oderwanie od społeczności.

Jeśli ktoś oczekiwał przełomu – nie znajdzie go tutaj. To bardziej krok w tył niż w przód.

",False,11,1745407290
2357570,193374595,76561198321653949,8677,its good,True,1,1745365918
2357570,193370869,76561199213341337,5640,As a console player with like 700 hours on record and as much as i hate blizzard i think they really fixed the game and its actually really fun right now. I feel like saying this game is ♥♥♥♥ just became a tradition thats why nobody recomends it but like I said after all the updates it became really fun to play :),True,0,1745361634
2357570,193364896,76561198835284496,22694,"Ogólnie rzecz biorąc Blizzardowi można zażucić wiele, ale jak weszło stadium to naprawdę można polubić tą grę.  Polecam i mam nadzieję, że Overwatch 2 dostanie więcej uwagi",True,0,1745355542
2357570,193359295,76561198146420421,806,Bardzo wciągająca strzelanka wraz z wciągającą fabułą polecam.,True,1,1745350548
2357570,193356638,76561198873727093,15598,...,True,0,1745348294
2357570,193353569,76561199393036763,1081,sasdsadada,True,0,1745345756
2357570,193352429,76561198398392836,47767,Same kurwy w enemy,True,0,1745344805
2357570,193351759,76561199116546942,8905,"Gra to takie 7/10
ale w momencie gdy twój tank ma nick Jakael niegrywalna.
Polecam",True,0,1745344278
2357570,193351537,76561198330924718,8730,"gra dla prawdziwych ...
7/10
gra tankiem jest nie sprawiedliwa szczegolnie jesli w druzynie masz gracza z nickiem toxicabi",True,0,1745344094
2357570,193349363,76561198028604185,1016,Grałem w 1 nawet lekki e sporcik ale 2 w chwili obecnej to jest sciek! Zmiana jefa i giera nie działa,False,2,1745342304
2357570,193330346,76561198967091471,17343,rozumiem czemu wszyscy po nim jebią ale to naprawdę nie jest zła gra XDDD od premiery drugiej części wyszli na plus i odkąd mają konkurencje to spieli dupe i starają się bardziej,True,2,1745322740
2357570,193329443,76561198275597248,56112,"Can't win with braindead teammates, especially when they don't speak human language",False,18,1745321541
2357570,193287651,76561198279121468,1516,xd,False,0,1745262110
2357570,193280745,76561198894515986,34086,winton,True,2,1745256011
2357570,193253146,76561198973860551,6534,Kocham tą grę komputerową dla debili,True,0,1745228608
2357570,193209397,76561199243380002,154,good game to commit handj*b and other j*bs  good characters (in gameplay too) good to goon etc overal gameplay 7/10 goon sesion 10/10,True,1,1745175272
2357570,193209338,76561198933462468,2093,Materac był za twardy ale wsumie ok,True,0,1745175223
2357570,193204359,76561199098973353,3297,"szczerze to polecam jezeli ktos chce isc do psychiatryka ale go nie przyjęli, bo po jednej grze w Overwatch macie gwarantowany oddział zamknięty",True,18,1745171075
2357570,193168695,76561199059085501,5350,kinda goonable,False,0,1745136679
2357570,193141817,76561198382384449,39113,"Po powrocie boxów, w końcu my po co grać. Nie tylko dla tego, lecz mogę się świetnie bawićm ze znajomymi",True,0,1745104395
2357570,193138040,76561199428466314,294,This game sucks. Porn is better,False,15,1745100813
2357570,193084783,76561199733654945,728,"NAJLEPSZA GRA
",True,0,1745051494
2357570,193049698,76561198005719732,20648,Ze wszystkich multiplayerowych slopów ten jest całkiem niezły.,True,1,1745008699
2357570,193006771,76561198263333105,2233,"Nigdy nie grałem w jedynkę więc nie wiem mniej więcej co jest nowe. Nie wiem jak wyglądała grafika, ale i tak się wypowiem. No fajne postacie fajne mapy ale jestem już za stary na giga przekolorowane gierki",True,0,1744968870
2357570,192988042,76561199097784602,616,"średnie czyli zajebiste
",True,1,1744944396
2357570,192962135,76561199512871645,13975,ai,False,1,1744915935
2357570,192947291,76561198395287138,1535,Ciężka praca się opłaca,True,1,1744902801
2357570,192921193,76561198059505420,12829,GOTY,False,1,1744870859
2357570,192819995,76561199168534359,4261,polecam super fajna jest moja bff klubuś i lubi te gre polecam,True,1,1744745374
2357570,192819781,76561199386116486,27067,"zajebiste, dostalem depresji po okolo 15 godzinach mainowania genjiego polecam",True,1,1744745150
2357570,192818412,76561199262177070,344,i will go play marvel rivals not thise sheat,False,1,1744743800
2357570,192796127,76561199498670154,190,what a sigma,True,1,1744722425
2357570,192747273,76561198327003146,99,superr,True,1,1744653075
2357570,192687956,76561198305478180,12766,"The game promotes capitalism and consumerism, which is harmful because that's not the true mission of video games.

Arise, ye workers from your slumber!
Arise, ye prisoners of want!
For reason in revolt now thunders,
And at last ends the age of cant!
Away with all your superstitions,
Servile masses, arise, arise!
We'll change henceforth the old tradition,
And spurn the dust to win the prize!

So comrades, come rally,
And the last fight let us face!
The Internationale
Unites the human race!",False,0,1744573631
2357570,192686640,76561199104057274,9366,"constant and pure agony
i hate every second of my life while playing this game
this game made me suicidal
zenyatta the best character
my life has never been so miserable since i started playing this 
lowkey im at my lowest just because this game is on my hard drive and probably stealing my data as im writing this
blizzard please give me back my files

(side note: kill yurself uprany)",False,5,1744572455
2357570,192680806,76561199141801968,2096,jebac tą gre,False,0,1744567430
2357570,192652736,76561198943527612,5264,Look how they masacrated my boy,False,0,1744542632
2357570,192608966,76561199017748940,71,czy ktoś to w ogóle tetował???,True,0,1744489913
2357570,192608455,76561199096714506,4888,yes,True,0,1744489401
2357570,192504264,76561199377936743,1385,nic,True,0,1744382682
2357570,192382699,76561199093253391,13068,gra dla rur,False,0,1744225995
2357570,192380889,76561198941320910,600,"gra ujdzie ,dupy nie urywa ale spoko jest ,aczkolwiek logowanie a dokładniej potwierdzenie że nie jestem robotem (bo jakiś by chciał w to grać xd) do battle net`u to takie gówno ""ustaw obrazki w taki sposób żeby były skierowane w tą samą stronę""-jakby robię to ale debile nie widzą gdzie buda psa ma przód, nie wiem kto wymyślił  ale powinien naprawdę przemyśleć swoje decyzje życiowe",True,0,1744224158
2357570,192314820,76561198419153749,1563,"W Ov1 grałem lata temu była to jedna z fav gierek at the time.
Co do Ov2 szczerze?
Pomijając fakt strasznie krzywego startu gry i serwerów które wypierdalały się z rowerka przez pierwsze parę dni i nie patrząc przez okulary nostalgii gra wciąż daje strasznie dużo funu.
W grę wciąż gra bardzo spora ilość graczy Co świadczy o tym że pomimo faktu opóźnionej i wciąż epizodycznie wydawanej kampanii PvE czy wcześniej opisanych problemów przy premierze lub też balansowych wpadek (które swoją drogą w Ov2 nie są niczym nowym bo w jedynce też takie się zdarzały)
Jest solidnym produktem na który ludzie wylali wiadro pomyj przez fakt  wonky premiery",True,1,1744142042
2357570,192305836,76561199031386972,2888,d,False,0,1744133615
2357570,192253891,76561198269270062,190,This game is ♥♥♥♥ like cmon geng,False,0,1744066684
2357570,192165792,76561199446280346,63197,mam mysli samobojcze po tej grze polecam,True,1,1743967809
2357570,192160928,76561199519827078,10805,ok,False,0,1743963969
2357570,192137523,76561199105927064,28553,lepsze po wprowadzeniu perkow,True,0,1743946600
2357570,192085288,76561199107463588,8732,♥,True,0,1743890961
2357570,192045018,76561199644119089,22692,Bardzo polecam                                                                                                                                                                                                                    jak masz blisko psychiatrę,True,0,1743860402
2357570,191976859,76561198372111368,8730,"żartowałem, okropne",False,0,1743789014
2357570,191825089,76561199135955006,10953,"Polecam z rodzinką serdecznie co nie, gramy sobie mega giga",True,0,1743622810
2357570,191800866,76561198931934950,6135,"No tak, od czego by tu zacząć... Nie będę narzekał na cały raban z PvE, bo już wszystkim przeszło. Ov był kiedyś grą dojebaną. Ludzie się zbierali i godzinami grali jak Chińczycy w domino. Było zajebiście do momentu wprowadzenia 2, a dokładniej całego zjebanego systemu monetyzacji. Loot Boxy i skiny były głównym powodem dla którego byłem zajarany na każdym evencie. Teraz trzyma mnie tylko rozwinięty gameplay, bo skiny można se kupić w sklepie i nawet nie ma tego poczucia wyjątkowości skina (no chyba, że te premium z ov league). Gra się zmienia cały czas i jak na kwiecień 25r jest ciekawie, ale coraz nowsi bohaterowie zaczynają być dziwniejsi. Zobaczymy co jeszcze wymyślą. Zdecydowanie wróciłbym do 1 gdyby jej nie usunęli, ale welp, nie ma co płakać nad rozlanym mlekiem. nara",False,4,1743601485
2357570,191761514,76561199228097114,25734,NOWYYYYYYYYYYYYYYYYYYYYYYYY TRYBBBBBBBBBBBBBBBBBBBBBBBBBBBBBBBBBBBBBB,True,0,1743548248
2357570,191684541,76561199160624732,441,mega sigma,True,0,1743463303
2357570,191648292,76561199166028510,5365,"cwel nie fajne nazywa sie overwatch
",False,0,1743429303
2357570,191640560,76561198375937960,34823,"Ta gra to kpina z graczy. SMURFY CHEATERZY i KONTA PO RESTARTACH . niedługo zmienic sie w plac zabaw do testowanie cheatów 
",False,6,1743421354
2357570,191588893,76561199202587781,616,"jebac battlnet suki ♥♥♥♥♥♥ mi sie nawet zalogowac nie dadza, nieche sie ♥♥♥♥♥ naprawija a nie ze nawet nie mozna sie logowac. dlatego marvel rivals jest lepsze. (jebac battlenet)",False,3,1743360013
2357570,191552898,76561199387780454,10,"Lobby wygląda jak symulator reklam i mikrotransakcjii
",False,0,1743331984
2357570,191540023,76561199093483320,278,"this game made me even more of a virgin, 10/10",False,0,1743318474
2357570,191507164,76561199179834418,11843,nie polecam,False,1,1743283781
2357570,191471197,76561199009654097,1093,"Świetna grafika , movement , brak cheaterów. Gra sprawia naprawdę przyjemność !",True,1,1743256284
2357570,191410327,76561199097065878,10338,nie,True,1,1743193504
2357570,191331886,76561198985836389,24320,"🔴 Colab=skórki za premium walutę wręcz masa ich, kontent jeśli nie kupisz ochłapy dostaniesz z wyzwań
🟢 Język polski fajne to
🔴 zapyziały support co siedzi spięty jak Grażyna na kasie co ma 40 na karku i buczy do klientów, generalnie chodzi o poziom toksyczności jest on przesadzony do granic możliwości W COD nie grałem ale, tam przymykają oko i to jest śmieszne.
🟢 Grafika git.
🔴czat tekstowy dla wszystkich podczas meczu niby jest ale po co? bardziej to irytuję zwłaszcza jak w enemy masz ludzi co sami prowokują.
🟢 Kwestie głosowe bo po polsku i są fajne.
🟢 Mapy są spoko nie za małe nie za duże 
Podsumowując Gra jest naprawdę spoko ale jak nie chcesz dostać bana bo ktoś cię podpuszcza czy nerwy ci strzelą lepiej nie pisz nawet wtf bo możesz bana dostać za głupotę jest to przezabawne ta gra jest zbyt mocno spięta polecę tą grę jak coś w tym kierunku kiedyś zrobią (wątpię) bo na razie to jest cyrk na kółkach z małpami w studio.
🚫Odmeldowuje się do września, Tobi bez odbioru
",False,3,1743111585
2357570,191258807,76561198425900990,5009,fanbase stinks and also the campaign is a scam,False,3,1743028970
2357570,191176078,76561199343337532,41,nie da sie zalogowac gowno totalne,False,1,1742933188
2357570,191170416,76561198119555428,36338,ruchaja nas bez wazeliny,False,1,1742928091
2357570,191165985,76561198215067232,1718,"Jako długoletni gracz Overwatch 2, muszę wyrazić ogromne rozczarowanie postawą Blizzardu wobec tej gry. Gra, która miała obiecywać innowacje i ulepszenia, niestety przekształciła się w kolejną próbę wyciśnięcia jak największej ilości pieniędzy z graczy, bez realnych usprawnień w samej rozgrywce.

Pierwszą rzeczą, która bije w oczy, to niezliczone problemy z balansowaniem postaci. Zmiany w meta są niemal niemożliwe do śledzenia, a każda aktualizacja wprowadza nowe problemy, które skutkują frustracją graczy. Niedopracowane postacie, które wprowadzają do gry jeszcze więcej chaosu i niesprawiedliwości, stają się częścią codziennej rozgrywki. Przykładem może być to, jak Blizzard zmienia bohaterów, nie biorąc pod uwagę opinii społeczności.

Drugą kwestią jest model biznesowy gry. Po zmianach w Overwatch 1, które wprowadziły mikropłatności, Overwatch 2 nie zdaje się być niczym innym, jak próbą wprowadzenia jeszcze większej liczby płatnych elementów kosmetycznych, a także przepustek bojowych, które skutkują tym, że gra staje się coraz bardziej “pay-to-win”. W dodatku, system progresji w grze jest teraz tak frustrujący, że wielokrotnie miałem wrażenie, iż moje wysiłki są po prostu zignorowane.

Do tego dochodzi brak odpowiedniej komunikacji ze społecznością. Blizzard, który wcześniej słynął z dbałości o feedback graczy, teraz sprawia wrażenie, jakby był całkowicie oderwany od realnych oczekiwań fanów. Pomimo licznych sugestii i uwag, niektóre kwestie pozostają nierozwiązane, a wprowadzone zmiany nie mają żadnego wpływu na poprawę jakości gry.

Podsumowując, Overwatch 2 nie jest tym, czym miało być. Gra stała się frustrująca, nieprzewidywalna i pełna mikrotransakcji, które tylko pogarszają doświadczenie graczy. Blizzard powinien wziąć odpowiedzialność za swoją grę i przestać traktować graczy jak źródło niekończących się dochodów. Z takim podejściem obawiam się, że Overwatch 2 będzie tylko wspomnieniem, a nie żywą i rozwijającą się grą, którą kiedyś była. 🗿",False,7,1742924103
2357570,191001850,76561198378808622,6934,"Crashuje gierke, daje ci bana, polecam",False,0,1742746840
2357570,191001755,76561198067662739,8030,"Powiem tak, ktoś to grał bardzo mało w jedyne (ja) i pamięta to grę postanie i o co w niej chodzi i wróci teraz do 2 jest na prawdę warto, nie patrząc na całe te złe opinie, te złe opinie pisza ludzie co ciagle wspominaja ze 1 była lepsza etc ale to co było już nie wróci trzeba patrzeć w przyszłość i powiadam wam warto zawsze spróbować.
Ja mam mega fun z tej gierki",True,6,1742746780
2357570,190979131,76561199146274052,12299,"Ta gra jest nędzna i niezbalansowana, jakaś wściekła macica z rosyjskim laserem i czarną dziurą jest silniejsza niż cały przeciwny team xpp. Nie polecam,",False,21,1742729795
2357570,190938416,76561199045752226,1905,kill all Moira players,True,1,1742687167
2357570,190834317,76561198399074637,7817,"Byłem absolutnym fanem jedynki. Dwójka to była dla mnie taki zawód że porzuciłem grę aż do teraz czyli sezonu 15. Powrót skrzynek czyli W KOŃCU gracz jest jakkolwiek nagradzany za grę, powrót ciekawych postaci, cinematiców i fabuły ogólnie, perki postaci które faktycznie dodają fajnej różnorodności każdej z postaci nawet jak się nie grało już od dawien dawna i wiele więcej. Wróciłem i nie żałuje. Każdemu innemu który się odbił (słusznie) od dwójki polecam ją spróbować teraz",True,4,1742591077
2357570,190832945,76561199061569090,18,Absolutne gówno lepiej zagraj w https://store.steampowered.com/app/440/Team_Fortress_2/,False,2,1742589913
2357570,190790117,76561198349462126,823,"Chłam jakich mało, pół godziny siedze i próbuje się zalogować i połączyć konto battlenet ze swoim kontem steam i nic z tego. Brawo. Mam już tego po dziurki w nosie i nie chce więcej widzieć tej gry na oczy - myślałam, że będziecie mieli coś do zaoferowania lepszego niż Marvel Rivals, ALE NIE! Jesteście fałszywi i dwulicowi, nie chcę wiecej słyszeć o tej grze, naprawcie to bo straciłąm wszystkie nerwy, jest poranek 21 marca MOJE URODZINY, a ja muszę się bawić w Wasze gierki. NARA",False,1,1742552976
2357570,190637600,76561198315057832,668,"g0wno jak stopiendziesiat, gra dla spelli, zagrajcie w marwel riwals, nie polecam",False,2,1742400915
2357570,190628061,76561199549586406,370,rage bait,False,0,1742393094
2357570,190567282,76561199241838160,135577,"gut gejm
",True,1,1742322953
2357570,190376977,76561198831007941,8625,"Nie wiem skąd hejt, gierka jak najbardziej w porządku, co prawda tak jak w każdej grze tego typu, nie brakuje tu ludzi, którzy jak zdawać się może mają pustego kokosa nad szyją, a nie głowę ale gra się zazwyczaj bardzo przyjemnie. Polecam grać ze znajomymi 😎",True,5,1742141376
2357570,190326279,76561199235516735,1006,f,True,0,1742098759
2357570,190314830,76561198080630000,5593,gg good game guys lonczy nas pilka,True,2,1742087554
2357570,190201087,76561199516834211,18202,♥♥♥♥ mauga,True,0,1741987929
2357570,190181507,76561198102849930,1669,to najgorsza gra jaka wyszła a bizard graczy ma w....,False,0,1741971576
2357570,190173164,76561199690425471,2204,Kocham Overwatch,True,0,1741965252
2357570,190170824,76561199175068478,8244,tak,True,0,1741963522
2357570,190050379,76561199238027135,513,gra dla cweli,False,0,1741818116
2357570,189904850,76561199488609292,29,jebać ten ściek,False,0,1741644883
2357570,189902462,76561198426840961,732,jebac ta pierdolona gre w dupe,True,0,1741642413
2357570,189887595,76561199142149022,3962,so widow yep thats it,True,0,1741628380
2357570,189885927,76561198421402786,27199,Ołwerszczoch,False,0,1741626884
2357570,189817728,76561199580862714,9107,""" nerf genji """,False,1,1741549603
2357570,189792721,76561199010989216,551,EWQ,True,0,1741532404
2357570,189782504,76561198124571983,1947,"W Overwatch 1 nie grałem, ale w dwójkę pykam co jakiś czas i szczerze to bardzo fajna gierka, i w sumie to nie rozumiem skąd tyle negatywów.",True,0,1741525333
2357570,189630908,76561198162800378,2171,"2/10
Team Fortress 2 is better in every aspect",False,0,1741385627
2357570,189625181,76561199243251466,6315,"jebac te gowno 
",True,0,1741380641
2357570,189624717,76561198452061074,2592,gunwo:C,False,0,1741380266
2357570,189616075,76561199448316293,6735,"Community: Could we please get overwatch?
Blizzard: We have overwatch at home
Overwatch at home: Overwatch 2",False,1,1741373096
2357570,189592281,76561198393636025,537,zajebista gra strzelankowa polceam serdeczniew :),True,0,1741355044
2357570,189505425,76561198145903744,3243,♥♥♥♥♥♥♥ ♥♥♥♥♥♥♥ game,False,0,1741261910
2357570,189471956,76561198067211356,3659,"Welcome to Season 16:
+Stadium
-10 Weekly Lootboxes",False,0,1741214195
2357570,189398264,76561198200977546,21952,delete zarya :),True,0,1741135180
2357570,189396530,76561199067933400,2847,nie,False,0,1741133138
2357570,189395467,76561199145318461,9607,This game is ♥♥♥♥♥♥♥,False,0,1741131967
2357570,189378626,76561198025886652,66486,"dynamika rozgrywki i chaos
",True,0,1741116720
2357570,189358076,76561198168572694,17775,"po zmianach, bardzo przyjemnie się gra",True,1,1741101764
2357570,189350451,76561199051281668,2079,trash game,False,0,1741096478
2357570,189296513,76561198404255985,11590,Overwatch 1: Look how they massacred my boy :(,False,0,1741036283
2357570,189292856,76561198048588680,547,"[h1]WSTĘP[/h1]

[i]24 maja 2016 roku[/i] na rynku debiutuje [i]Overwatch[/i] 
od [i]Blizzard Entertainment[/i]. Sieciowa strzelanka 
z bohaterami, gdzie każdy ma swoje unikalne zdolności 
i historię. Tytuł wyszedł jako pełnopłatny produkt, 
a twórcy obiecywali wieloletni rozwój [b]bez dodatkowych[/b] 
[b]kosztów[/b]. Tak też się stało – przez kilka lat do gry 
trafiło wiele nowych map, bohaterów oraz trybów.
Z biegiem czasu gracze zauważyli, że [i]Blizzard[/i] 
coraz mniej wspiera markę, a nowości pojawiają się coraz 
rzadziej. W [i]2019 roku[/i] zapowiedziano [i]Overwatch 2[/i], 
który miał być bezpośrednią kontynuacją jedynki. 
Miało dojść wiele zmian, takich jak:
[b]- pełnoprawna kampania fabularna[/b],
[b]- misje kooperacyjne[/b],
[b]- rozwój bohaterów[/b],
[b]- nowe aspekty PvP[/b].
Produkcja początkowo miała być ponownie pełnopłatna. 
Co więcej, obiecano, że gracze posiadający pierwszą 
część otrzymają dostęp do postaci z [i]Overwatch 2[/i] 
w trybie wieloosobowym, lecz [b]bez kampanii fabularnej[/b], 
która miała być ekskluzywna dla nowej odsłony.
Jednak [i]Blizzard[/i] zmienił plany. Z projektu odszedł jego 
główny szef – [i]Jeff Kaplan[/i], co nie wróżyło dobrze 
dla przyszłości gry. [i]Overwatch 2[/i] ostatecznie trafił 
na rynek [i]4 października 2022 roku[/i] jako [b]""darmowa""[/b] 
gra z mikropłatnościami – [b]bez wyczekiwanej kampanii[/b] 
[b]fabularnej[/b]. Co więcej, wiele elementów z pierwszej 
części zostało usuniętych. Gracze byli wściekli, 
a [i]Blizzard[/i] zapewniał, że fabularna kampania pojawi się 
w późniejszym terminie. Ostatecznie firma całkowicie 
zrezygnowała z tej koncepcji, oferując zamiast tego 
[b]trzy płatne misje[/b] i jeszcze więcej obietnic.
Jak wygląda [i]Overwatch 2[/i] po ponad dwóch latach 
od premiery? Zapraszam na recenzję.

[h1]FABUŁA[/h1]
Tutaj nic się nie zmieniło od pierwszej części. 
Historie bohaterów są przedstawiane w przerywnikach 
filmowych, które [i]Blizzard[/i] publikuje na swoim 
kanale w serwisie YouTube. Jednakże jakość i wykonanie tych 
materiałów znacząco odbiega od poziomu znanego
z pierwszej odsłony gry. Ze świetnych animacji w stylu 
studia [i]Pixar[/i] dostajemy ""prawie nieruchome"" 
dioramy w komiksowym wydaniu. Warto także zauważyć, 
że nowi bohaterowie z dwójki są zdecydowanie mniej 
interesujący niż [i]""stara gwardia""[/i]. Dodatkowo brak 
kampanii fabularnej, tak hucznie zapowiadanej
przed premierą, sprawia, że nie mamy zbyt wielu możliwości 
poznania dalszych losów bohaterów [i]Overwatch[/i].

[b]Ocena: 4/10[/b]

[h1]GRAFIKA[/h1]
Pierwsza część, jak na swoje czasy, prezentowała przyjemną 
oprawę graficzną – zarówno bohaterowie, jak i otoczenie 
były dobrze zaprojektowane, choć niezbyt szczegółowe. 
Animacje cieszyły oko, a lokacje były pieczołowicie 
wykonane. Tylko że… to było w [i]2016 roku[/i].
Od tego czasu technologia poszła naprzód, a [i]Blizzard[/i] się 
zatrzymał. [i]Overwatch 2[/i] nie oferuje żadnego przeskoku 
graficznego w porównaniu do pierwszej części. O ile jakość 
oprawy wizualnej w jedynce była akceptowalna w swoich czasach, 
tak brak jakichkolwiek znaczących ulepszeń w sequelu jest 
po prostu [b]żenujące[/b].

[b]Ocena: 5/10[/b]

[h1]MUZYKA I DŹWIĘK[/h1]
W tym aspekcie mamy bardzo podobną sytuację jak z oprawą 
graficzną – [b]wszystko zostało po staremu[/b]. 
Muzyka jest przyjemna dla ucha i dobrze wpasowuje się 
w klimat danej lokacji. Jeśli chodzi o udźwiękowienie 
postaci, jakość audio pozostała bez zmian, jednak dialogi 
bohaterów przed i w trakcie meczu są na tak 
[b]niskim i żenującym poziomie[/b], że w porównaniu z nimi 
kwestie z [i]Marvel Rivals[/i] to wręcz [b]wykwintna poezja[/b]. 
Już w pierwszej części [i]""rozmówki""[/i] między postaciami 
nie należały do najbardziej lotnych, ale w sequelu sięgnęły 
absolutnego dna. Co gorsza, część kwestii starych bohaterów 
została zmieniona, aby dostosować ich [i]""pazur""[/i] do poziomu 
przedszkola.

[b]Ocena: 3/10[/b]

[h1]ROZGRYWKA[/h1]
Pierwsza część [i]Overwatch[/i] oferowała satysfakcjonującą, 
szybką rozgrywkę napakowaną akcją – i w tej kwestii nic się 
nie zmieniło. Nadal umiejętności postaci są bardzo różnorodne 
i zapewniają sporo frajdy podczas potyczek.
Jednak… to wszystko już było. Co więcej, twórcy drugiej 
części doszli do wniosku, że 6-osobowe drużyny to zły 
pomysł i postanowili zredukować je do 5 graczy. 
Decyzja ta znacząco wpłynęła na balans i styl rozgrywki, 
pozostawiając wielu graczy sfrustrowanych.
Nowości? Prócz trybów znanych z jedynki dodano 
[i]""Przepychanie ładunku""[/i] – tryb, w którym robot przepycha… 
[i]""mobilną ścianę""[/i]. Po co on ją pcha? Nie pytajcie, 
bo sam nie mam zielonego pojęcia. Dodatkowo otrzymujemy trzy 
nieszczęsne, płatne misje fabularne, które miały być częścią 
pełnoprawnej kampanii, ale zamiast tego są tylko kolejną 
metodą na wyciąganie pieniędzy od graczy. Do tego dochodzi 
tryb [i]Mistrz Bohaterów[/i], który jest niczym innym jak 
zwykłymi wyzwaniami treningowymi, ale pod inną nazwą.

[b]Ocena: 6/10[/b]

[h1] PODSUMOWANIE [/h1]
Miało być pięknie, a wyszło jak zwykle. [i]Blizzard[/i] 
wydał [i]""darmową""[/i] wersję pierwszego [i]Overwatch[/i], 
zmienił jej numerek na 2, dodał pokaźny sklep 
z przedmiotami kosmetycznymi i… to by było na tyle. 
Oczywiście, jeśli ktoś chce nowy strój dla swojego 
bohatera, musi sięgnąć głęboko do portfela 
– ceny są absurdalne. Można nawet kupić malowanie 
na broń za [b]172 zł[/b]. System dobierania graczy? 
Działa dokładnie tak samo jak w [i]Marvel Rivals[/i] 
– dwie przegrane, jedna wymuszona wygrana i tak w kółko. 
O epickich potyczkach możemy co najwyżej przeczytać 
w książkach i komiksach, bo tutaj ich nie znajdziemy. 
Albo drużyna A rozjeżdża drużynę B, albo odwrotnie 
– zależy, czyja kolej, by ""wygrać mecz"".
Dopiero po premierze [i]Marvel Rivals[/i], kiedy spora 
część graczy opuściła [i]Overwatch 2[/i], [i]Blizzard[/i] 
postanowił się ""obudzić"" i przywrócić darmowe skrzynki 
z przedmiotami. Tylko że… trochę za późno, [i]Blizzard[/i].
[i]Overwatch 2[/i] jest cieniem swojego poprzednika. 
A szkoda.

[b]Ocena końcowa: 4,5/10[/b]",False,6,1741032933
2357570,189223922,76561198166799940,2117,no fun after some time,False,0,1740959964
2357570,189189550,76561198041491619,405,Fajna gra,True,0,1740932736
2357570,189182803,76561198099241840,9969,bezsensowny deatchmatch,False,0,1740928279
2357570,189166356,76561198142131355,4217,"worst competetive system ive ever seen and i achive top ranks in many games this piece of ♥♥♥♥ will try to grab your leg and burrow you under the ground if you slighty better than 50% (will intentionaly give you worser teammates on avg than enemy team cause you won 1 game so you have to go on a 3452 games lose streak to balance everything)

at this point just go play marvel rivals this game is waste of time on competeitive",False,1,1740917396
2357570,189086208,76561199174779675,499,ZAJEBIUSTA,True,0,1740851253
2357570,189077261,76561198209248973,36294,zajebista gra najlepsza na swiecie kocam owerłocza,True,0,1740845458
2357570,189011578,76561199231505100,41604,jebać to scierwo zajebane dają mi skruwysyny tanka co robi 5/12 zdycha jak debil co runde i mam streak 10 przegranych,False,4,1740793751
2357570,188997271,76561199006958825,329,"Otóż ta gra, jest bardzo bym powiedział... kontrowersyjna. z jednej strony jest fajną i przyjazną gierką, a z drugiej postacie maja ogromne cycuszki. polecam.",True,0,1740781483
2357570,188955888,76561199699555984,4995,"Genialna gra jedna z najlepszych gier za darmo bardzo polecam
",True,0,1740753837
2357570,188890287,76561198268160088,5507,pain,True,0,1740689462
2357570,188858802,76561199674164122,3146,"fun game
",True,0,1740655454
2357570,188839289,76561198230841492,8835,"I bought Overwatch Credits specifically to unlock the ""terrible tornado"" skin for kiriko because it's available for purchase. Every time I try to buy it, it says ""THE PURCHASE FAILED. PLEASE TRY AGAIN LATER.""
I wrote to support, they thought that many players have this problem and I didn't get the skin or a refund.
I don't recommend this game :)",False,0,1740626665
2357570,188810393,76561198799094267,5,"Gra mi nawet nie pozwoliła się de facto odpalić. Połączenie kont battlenetu i steama nie działa wcale. Blizzard jednak dba o moje zdrowie, abym za dużo czasu nie poświęcał ich grom, to jest zawsze na plus, firma z misją społeczną XD",False,1,1740592616
2357570,188752293,76561199012964646,1546,"ogólnie gra 10/33 sekstyliony 
ale najnowsze updaty fajne",True,1,1740516238
2357570,188750760,76561198124906142,26033,ヾ(≧ ▽ ≦)ゝ,True,0,1740514638
2357570,188745578,76561199028613364,8204,moze byc,True,0,1740509188
2357570,188715710,76561199138334988,2044,mam tylko 6 godzy a już mam depresje i długi,True,1,1740477474
2357570,188683864,76561198280104267,7933,jebaj to,False,0,1740432306
2357570,188675698,76561198020110437,14333,"Nikt się tego nie spodziewał ale Blizzard robi lepsze decyzje niż Riot Games, dlatego polecajka a riot J3b4c 8)",True,0,1740424425
2357570,188660233,76561199239836003,7503,ciap ciap polecam,True,0,1740409744
2357570,188657494,76561199179415452,2426,bro this game is so retarted marvel rivals better,False,2,1740406937
2357570,188607800,76561199132482379,974,najgorszy hero shooter jaki istnieje,False,1,1740340175
2357570,188607393,76561199186527961,832,.,False,0,1740339782
2357570,188605810,76561198404013918,259,https://store.steampowered.com/app/3545060/Team_Fortress_2_Classic/,False,1,1740338350
2357570,188604463,76561199112106916,46103,eee,False,0,1740337196
2357570,188586960,76561199671575589,149959,tak,True,0,1740323026
2357570,188579592,76561199652604016,671,bardzo fajna gra,True,0,1740316916
2357570,188572037,76561199008525611,4399,"Ta gra jest takim ścierwem.
Nie polecam.
",False,3,1740310368
2357570,188540351,76561198837584355,543,syf,False,0,1740271693
2357570,188539974,76561198865185235,1349,👎,False,3,1740271228
2357570,188532307,76561198272643782,1228,Wróciły skrzynki więc 2/10 mogę jako tako polecić,True,0,1740262686
2357570,188445294,76561198215465528,69103,"Gram tylko dla funu. Polecam tylko dlatego. Bo jednak Blizz narobił trochę bałaganu. Podstawy nadal ma dobre, bo taka gra od studia wysokiej rozdzielczości jest martwa, a gra od twórców na którym pewnym placu w 89 nie wydarzyło się absolutnie nic, nie przypadła mi do gustu. Więc obecnie pozostaję tutaj i do wspólnej gry z kolegami mogę polecić. Oczywiście doją kasę w ciul ale unikając tego da się grać.",True,5,1740175591
2357570,188439856,76561199101764947,3805,man I like this game...But the amout of times i played with a bunch of poptarts is annoying,True,1,1740171118
2357570,188430044,76561198208678152,1398,slaba gra,False,2,1740162553
2357570,188429617,76561199507429417,1608,Nie da się w to grać,False,1,1740162160
2357570,188429295,76561199542755603,177,♥♥♥♥ this ♥♥♥♥♥♥ game,False,0,1740161866
2357570,188415470,76561199056236897,1318,Ocena: 7.5/10,True,0,1740151173
2357570,188408709,76561198117334899,39107,lootboxers assemble,True,0,1740144774
2357570,188373884,76561198133283847,4951,"[h1] Wielki powrót Owerwatch 2? [/h1] 


[b] (W woli ścisłości jestem graczem ow1 ponad 400h) [/b] 

Po ostatnim update nabieram szczerej nadzieji, że ta gra może jeszcze coś sobą 
zaprezentować. Atuty to świetny pomysł, a i wielu starych graczy ow1 ucieszy się 
z powrotu zapomnianych umiejętności bohaterów. Dużo obecnie zależy od tego, 
co zrobi z tym obecny team powrót skrzynek to nie jedyna rzecz jaka trapiła tą grę
od premiery ""części drugiej"". Jak dla mnie obecnie warto zagrać, ale nie ma co 
się jeszcze ekscytować... wszystko w rękach nieszczęsnego blizzard. Dla mnie
nadal największą wadą są nieudane redesigny umiejętności postaci (Sombra to 
obecnie wymaga 31,27 iq żeby nią grać).  

[b] Plusy [/b]
 
+powrót skrzynek
+to dalej overwatch
+system atutów

[b] Minusy [/b] 

-absurdalenie drogie skiny 
-nadal brak obeicanej fabuły 
-niektóre postacie to już nie to samo 

[b] Dajecie grze jeszcze jedną szanse może uda się ją uratować [/b]",True,5,1740095722
2357570,188368953,76561197998078512,911,Blizzard co wy zrobiliście,False,0,1740089460
2357570,188368265,76561198986060488,7562,hot 10/10,True,0,1740088654
2357570,188361529,76561199113979350,3729,xfg,True,0,1740082341
2357570,188350223,76561198018515521,135,"Po ponad 600 godzin po premierze OW ta gra jest tylko cieniem tamtej wersji. Blizzard totalnie nie umie dbać o gry i generalnie polecałbym nawet jej nie pobierać, sam fakt ze czasem trzeba za dnia czekać za meczem już samo o tym mówi, patch z ulepszaniem skilli niby coś na plus a jednak nawet się nie postarali, unikać jak tylko się da i lepiej pobrać Marvel Rivals, szkoda czasu na OW.",False,3,1740071272
2357570,188336123,76561198200822597,12934,i like it :>,True,1,1740057857
2357570,188311648,76561198327000402,9296,"w koncu cos zrobili dobrze
",True,1,1740020452
2357570,188307387,76561199001331432,25688,Świetna Gra tak samo jak świetna była 1,True,0,1740014438
2357570,188304195,76561198069497934,9116,xD!,False,0,1740010024
2357570,188303336,76561198323137874,2313,overwatch,False,0,1740008844
2357570,188301854,76561198075636676,21954,aok,True,0,1740006931
2357570,188300896,76561198405664172,13066,fajna gra dla przyjemności gram se polecam,True,0,1740005779
2357570,188298333,76561198806877255,35645,"♥♥♥♥♥♥♥
",False,0,1740002866
2357570,188293311,76561198835820407,963,:(,False,0,1739997062
2357570,188292786,76561198163735938,5938,Nie polecam,False,0,1739996564
2357570,188292562,76561198028297147,25953,feeling like its 2017 again,True,1,1739996308
2357570,188292212,76561199023272609,5901,dobre dobre bo loot boxy wrocily,True,0,1739995890
2357570,188290461,76561198043987092,109,PORAŻKA,False,0,1739993974
2357570,188287701,76561198726893728,6184,mega gowno,False,0,1739991063
2357570,188286443,76561199653292767,3047,:),True,0,1739989755
2357570,188260950,76561199496854374,53492,loot boxy wrocily,True,3,1739962276
2357570,188252731,76561198241529882,2291,xD,False,1,1739950953
2357570,188213928,76561198411288217,16308,:p,True,0,1739910704
2357570,188213365,76561198313569874,3829,"Darmowa waluta w gejpassie, skrzyneczki (eta lotbox), cw3le w teamie, dobry feeling, nowe paladiny. Wszystko na swoim miejscu. Tanki = gejasy Zaria players = gays",True,0,1739910146
2357570,188212435,76561198867083825,839,"I played overwatch classic event, it was so good i wanted it more. It felt fun. The event ended and i tried to play normal quickplay and i was met with pure pain and chaos. This game is literally not fun to play",False,1,1739909151
2357570,188209016,76561199389608050,32066,Pretty good game im sure it will be so so good in the future i love you overwatch 2 simulator great alternative to minecraft,True,0,1739905652
2357570,188208837,76561199122955776,2080,jeśli nie interesuje cie TF2 albo marvel rivals to to też jest dobra opcja,True,0,1739905479
2357570,188208739,76561199140110447,93850,"chujowa :.
",True,0,1739905370
2357570,188208564,76561199221298567,37253,"SPOKO ALE SKODA ŻE TYLE GEY JEST W TEJ GRZE
",True,2,1739905206
2357570,188185938,76561199231056633,3323,ODRADZAM POBIERANIA!!!,False,0,1739881706
2357570,188182076,76561198263015399,30822,"NUDNA PRZEWIDYWALNA GRA W KTOREJ JEST DUZO RUSKICH TROLI. CALY CZAS TO SAMO, ZERO NOWYCH MAP, POSTACI CZY SKILLI. JESTEM NIEZADOWOLONY. NA CZACIE TEZ NIE MOZNA NIC NIKOMU POWIEDZIEC BO OD RAZU LECI BAN.  TEN BLIZARD I ICH SMIESZNE GIERKI",False,0,1739876402
2357570,188126648,76561198837284017,14180,yes,True,0,1739805520
2357570,188114633,76561199491576864,79,<3,True,2,1739791616
2357570,188084891,76561199806400309,4276,siga giga ;),True,0,1739747741
2357570,188081414,76561199277982182,3573,Giga sraka.,False,1,1739743914
2357570,188079467,76561198158326599,1317,fajne,True,0,1739741883
2357570,188075413,76561198161049549,29445,kopa smierdzonca xd,False,1,1739738114
2357570,188057413,76561198368150036,12641,yuh its better now,True,0,1739723108
2357570,188055473,76561199068987014,14478,Gra dla degeneratów oraz wyrzutków społecznych. Grając w ten twór nie pojawia się na mojej twarzy uśmiech nawet na chwile,False,1,1739721550
2357570,188043190,76561199498120621,21,nie,False,0,1739711429
2357570,187990040,76561198263717519,4873,"✴.·´¯`·.·★  🎀𝓚𝓞𝓒𝓗𝓐𝓜   𝓑𝓐𝓢𝓣𝓘𝓞𝓝🎀  ★·.·`¯´·.✴
     💘💞😍 𝓚𝓞𝓒𝓗𝓐𝓜   𝓑𝓐𝓢𝓣𝓘𝓞𝓝 😍💞💘
      🍺🥂🍸 𝓚𝓞𝓒𝓗𝓐𝓜   𝓑𝓐𝓢𝓣𝓘𝓞𝓝 🍻🍷🍹",False,0,1739651138
2357570,187984297,76561199250510292,7773,tak,True,0,1739646161
2357570,187917380,76561199288501819,4411,MOŻE BYĆ QALE WIDZIAŁEM LEPSZE,True,1,1739572219
2357570,187916296,76561199234210024,8034,"nie polecam , moj kolega po 5 minutach gry śmierdział gównem",False,2,1739571059
2357570,187911094,76561198962703977,4930,"Super gra! polecam ją bardzo z rodzinką, mielismy duzo zabawy!",True,0,1739565488
2357570,187905763,76561198379934169,11322,ołwerwocz ssie bo nie ma pve,False,0,1739560538
2357570,187899628,76561199651486252,15037,"zarąbista
",True,0,1739555154
2357570,187862706,76561199017892033,3688,Minęła niestety świetność tej gry,False,0,1739507620
2357570,187845363,76561198274649158,7596,Very bad mmr,False,0,1739484321
2357570,187836859,76561199062412289,6905,"I regret that it is not possible to give something between recommending and advising against the game -

My two main problems with this game are that I had to pay a lot of money to be able to play this game and out of nowhere it became f2p, which gives a slight sense of being spit on and money wasted for nothing to the players who bought the game, I will also be honest that the lack of crates and everything for money now in this game hurts a little. (Okay, okay let's skip that part bc crates comes back so, yeah).

My second problem is that this game before becoming OW2 could run on slightly worse PCs and laptops, now... it can run, but it will often kick you out of matches, or will not load characters - and if you are lucky and none of the above mentioned problems occur, you will have a stuttering image and yes I know, the game needs to develop, graphically and in requirements too, but I think they could have done it better. (But I see more the problem here is now leaving players in the match, bc I didn't notice much kicking outs ect)

The problem can also be classified as the fact that sometimes you can wait for a match for over 10-15 minutes (especially ranked matches), and of course the toxicity of other players - but this occurs in every multiplayer game (and I guess), there will always be someone who will be toxic to some extent. (It's also a bit better now, I guess - Bc a little bit more peoples playing, probably due chest come back).

However, due to sentiment and 100 hours logged (on another platform) before OW changed to OW2, I will give a recommended rating, you can still enjoy the game to some extent, although it is a bit difficult due to the greater toxicity of people, long searches for matches, not the best selection of teams at your level and (for me) much more shiny maps now, due to the increased light reflections.",True,0,1739476528
2357570,187803810,76561199528498602,9708,ta gra jest tragiczna,False,1,1739440487
2357570,187753266,76561199260421593,539,Gra straciła swoją duszę. Bohaterowie stracili swoją tożsamość. Społeczność straciła nadzieję.,False,5,1739368103
2357570,187710495,76561198967919821,6408,oddawać moje 200 zł,False,2,1739290528
2357570,187664042,76561199187188806,192,"Ogolnie to gra sama w sobie nie jest jakaś okropna jak to ludzie opisują czasami, po prostu po tej aktualizacji się troche pozmieniało co mi sie nie podoba aż tak aby grać w to co chwile ewentualnie raz za czas

",True,0,1739228739
2357570,187584077,76561198101605879,5855,They completely massacred the gem overwatch 1 was,False,4,1739132082
2357570,187515282,76561199506720672,4779,Jedynym dobrym elementem jest gameplay. Reszta jest hujowa i ssie.,False,0,1739065615
2357570,187487362,76561198100754270,1860,"                                             🪵 PLAY OF THE GAME🪵 
https://www.youtube.com/watch?v=6DkFJFON0jQ",True,0,1739038656
2357570,187318920,76561198883911674,93918,wszystko dobrze tylko zasady do dupy    nie można mówić prawdy  bo ban,True,0,1738866669
2357570,187255708,76561198070626982,8127,"gra spoko, tylko ludzie curvvy",True,2,1738796610
2357570,187186433,76561198857166764,604002,za dużo kalek umysłowych i bany za byle gówno  ale czasem fajnie sie  gra  tylko najwiekszy minus ze kurwy banują sekunde po ostrzeżeniu  co   co jest przegięciem,True,0,1738715767
2357570,187180169,76561199677060561,1200,"Bardzo fajna gierka, ale za dużo jest skinów ładnych które musisz kupić, ogólnie gra ma pewne błędy- poprawcie to. Najbardziej to boli fakt jak bardzo twórcy chcą byśmy wpakowali pieniędzy w tą grę, ale nic nie dadzą w zamian - fajne darmowe skiny, więcej kredytów darmowych - lipa. Ogólnie polecam mimo to ale ostrzegam - trzeba mieć mocne nerwy xd
",True,0,1738708419
2357570,187168377,76561199102190710,6801,nygers,True,0,1738696905
2357570,187168356,76561199638796964,20086,"This is the best game i played recently, fast action a lot of things on the screen i got a 2 epileptic seizures but its fine 10/10",True,1,1738696890
2357570,187106259,76561198114304587,2419,"dostałem bana na 2 miesiące za niewinność, więc założyłem nowe konto, ale blizzard stwierdził, że do konta musi być podpięty numer telefonu, więc nie jestem w stanie zagrać na innym koncie",False,2,1738622202
2357570,186929877,76561198844141600,681,"Witam, właśnie ♥♥♥♥♥♥ w kiblu na stacji benzynowej w nowym sączu, chciałem zobaczyć potwora którego zrobiłem, a tam zamiast zwykłego gówienka, był overwatch 2. nie dało sie spuścić wody, więc zostawiłem to tak jak było, z tego co słyszałem to podobno jakiś kulawy Kamil ukradł to ♥♥♥♥♥, i mówił coś o tym że będzie mieć jedzenia na następne 5 lat. ♥♥♥♥♥♥♥♥ sprawa",False,2,1738436777
2357570,186918918,76561199198600500,3119,"g0wn0
d0pa",False,0,1738427967
2357570,186745841,76561198894241169,28,https://www.marvelrivals.com/,False,5,1738245071
2357570,186578760,76561198142245437,11,"wymgany nr tel aby zagrac w gre, zart",False,1,1738033707
2357570,186571698,76561198986904837,45629,mam kraba przez ta gre,True,1,1738024226
2357570,186502209,76561198146784711,5497,Serwery z karton gipsu gdyby gips był z gówna.,False,1,1737941270
2357570,186474927,76561199038368979,21480,Niby ściek ale czasem i tak zagram,True,1,1737914105
2357570,186473266,76561199529194951,3786,"ta gra mnie zabija
",True,0,1737912714
2357570,186463554,76561199222711938,6149,I love this game 100% better marvel rivals i dont know how ppl are playing 5 vs 5 shooter on not first-person hope this helps,True,1,1737905043
2357570,186404335,76561198853709033,26273,git,True,0,1737838998
2357570,186396725,76561198318235982,4315,super gra ludzie sie nie znaja,True,1,1737832230
2357570,186369388,76561199749122222,7807,god game,True,0,1737808812
2357570,186328585,76561198096056195,29609,"I've been playing this game on and off for many years. Sometimes its really good, usually its ♥♥♥♥ and trash. Addictive af. Not worth it.",False,1,1737758422
2357570,186299178,76561199196332886,4554,Bardzo fajna,True,2,1737730732
2357570,186217854,76561199218569169,19098,ale gunwo,False,1,1737635389
2357570,186175766,76561198998821312,1912,"porno spoko, gra średnia",False,1,1737575413
2357570,186105025,76561198128944206,1674,Just came here to leave a negative review. Goodbye.,False,1,1737486991
2357570,186102366,76561199120098572,1307,nie ma wogole tego co na pornhubie,False,9,1737484317
2357570,186079643,76561199245515885,302,ohio,True,0,1737460426
2357570,186027083,76561199089977135,22629,":(
",False,0,1737391960
2357570,186024869,76561198839201740,3849,"OV1 lepsza 
free to play gówno klasyka porażki, oddawajcie loot boxy skurwy##ny
edit: nevermind skrzynki powracają (GAMBLING HELL YEAHHHHH)
edit numero 2:dalej no fun",False,8,1737389829
2357570,186022515,76561199570815909,32447,nie polecam 1300 godzin ta gra to sciek,False,1,1737387534
2357570,185953281,76561199641408646,29855,You can not even report lol,False,2,1737304608
2357570,185901317,76561199729312958,17617,GÓWNO,False,1,1737245919
2357570,185880229,76561199405066416,312,"okokokokookokokokokokokokokokokokokokokokokokokokokookoko
",True,0,1737225796
2357570,185825866,76561199214231661,1665,"Witam, właśnie srałem w kiblu na stacji benzynowej w nowym sączu, chciałem zobaczyć potwora którego zrobiłem, a tam zamiast zwykłego gówienka, był overwatch 2. nie dało sie spuścić wody, więc zostawiłem to tak jak było, z tego co słyszałem to podobno jakiś kulawy Kamil ukradł to gówno, i mówił coś o tym że będzie mieć jedzenia na następne 5 lat. Pojebana sprawa",False,22,1737167371
2357570,185820854,76561199052342906,653,Gówno ale gra sie fajnie nawet.,True,1,1737160844
2357570,185810492,76561198064539620,3485,"Really interesting game. 
I like the tempo of it",True,0,1737149049
2357570,185805052,76561198446845696,38782,"Ana: smash
Ashe: smash
Baptiste: smash
Bastion: pass (clanker)
Brigitte: smash
Cassidy: smash
D.Va: smash
Doomfist: smash
Echo: pass (clanker)
Freja: smash
Genji: smash
Hanzo: smash
Hazard: smash
Illari: smash
Junker Queen: smash
Junkrat: smash
Juno: smash
Kiriko: smash
Lifeweaver: smash
Lucio: smash
Mauga: smash
Mei: smash
Mercy: smash
Moira: smash
Orisa: pass (clanker)
Pharah: smash
Ramattra: pass (clanker)
Reaper: smash
Reinhardt: smash
Roadhog: smash
Sigma: smash
Sojourn: pass (monkey)
Soldier: 76: smash
Sombra: smash
Symmetra: smash
Torbjörn: smash
Tracer: smash
Venture: smash
Widowmaker: smash
Winston: smash
Wrecking Ball: smash
Zarya: smash
Zenyatta: pass (clanker).",True,0,1737143556
2357570,185660608,76561198140304605,12272,mr better,False,0,1736964570
2357570,185532558,76561198082349373,16291,I love the game. But this new Project Lid... I hate this game.,False,1,1736798287
2357570,185525447,76561198030367949,188,Oto przykład jak zniszczyć wspaniałą grę. TF2 gurom,False,4,1736790608
2357570,185464227,76561198894588135,25,gówno,False,1,1736711187
2357570,185434911,76561199046592050,6314,"u will get epilepsy faster than u will kill someone, def 1000/10",True,0,1736686054
2357570,185430594,76561199120155993,10670,Spoko gra,True,0,1736681701
2357570,185393860,76561198826634762,232,.,True,0,1736638850
2357570,185328698,76561198169774899,1170,"bardzo fajne zwłaszcza że darmowe
",True,0,1736581171
2357570,185276417,76561199684679883,1148,bad game good porn,False,9,1736531272
2357570,185273552,76561199105792801,11702,"Witam blizzard, otóż chcialbym okazać wielkie rozczarowanie pisząc tą ocene. Mianowacie chodzi tu o postacie z klasy ""tank"" jak to się przyjeło w popkulturze, otusz postacie ""maugi"" oraz ""orisy"" są zbyt no skillowe i posiadają zdecydowanie za dużo zdrowia/osłony w stosunku do obrażeń jakie zadają wrogim graczą. Prosze o przeczytanie owej recenzji i możliwiwej poprawie postaci o których mowa Pozdrawiam",False,13,1736528971
2357570,185198073,76561198287600125,17793,"świetna gra, polecam",True,0,1736445768
2357570,185174999,76561198809159549,2399,guwno,False,0,1736421294
2357570,185132074,76561198830163726,5406,0/10 pierdolone gówno ten battle ścierwo ♥♥♥♥♥♥,False,4,1736365211
2357570,185082223,76561199024494637,103240,<3,True,1,1736317726
2357570,185054015,76561199625631413,6076,"fajna, niszczy marzenia",True,0,1736286997
2357570,184806800,76561198136165791,11,marvel rivals jest za darmo 😭🙏,False,10,1736054308
2357570,184772710,76561198183595473,13645,lewacka podróbka paladinsów,True,5,1736022879
2357570,184730231,76561199076816970,11850,"gówno ♥♥♥♥♥♥ dało bana na 7 godzin bo neta wyjebało 
",False,1,1735990553
2357570,184664160,76561198167565521,22,guwno dla zasranych wyskrobanych debili,False,2,1735927704
2357570,184630908,76561199445053503,6491,"Balans: brak
Ale jak ograrniesz dobrych ziomków to da się grać",True,0,1735905746
2357570,184610170,76561198380316086,12837,"retarded developers
",False,2,1735893699
2357570,184470819,76561199057598145,3438,lewacka gra,False,25,1735768625
2357570,184359350,76561198262724169,44539,Where my lootbox??,False,1,1735673513
2357570,184341832,76561199233044480,24537,słaba gra przez nią jestem gejem i mam chłopaka,False,19,1735661417
2357570,184319803,76561199137530050,318,chujnia,False,0,1735644961
2357570,184117632,76561198835558720,3056,"Tak, to zasadniczo ta sama gra co Overwatch, z lepszą liczbą klatek na sekundę i efektami, większą liczbą bohaterów i map. Formuła działa, więc po co ją zmieniać? Czego oczekujesz po darmowej grze? Jakość jest nadal tak dobra jak każda inna gra AAA. Jeśli nie masz nic przeciwko kosmetykom, nie musisz wydawać ani grosza, aby w pełni cieszyć się tą grą i wszystkimi mapami. Jest tak wiele map, że w ciągu całego dnia prawdopodobnie zagram w tę samą mapę 2 lub 3 razy. Dzięki różnym mapom i graczom w każdej sesji rozgrywka jest świeża. Nie chce oceniac czy jest lepszy czy to ta sama karma co Ov1.

Ma szybkie tryby zespołowe, które nigdy nie są powolne ani nudne. Bardzo trudno jest osiągnąć równowagę w grze z tak różnorodnymi umiejętnościami bohaterów, zwłaszcza biorąc pod uwagę, ilu bohaterów dodano od pierwotnej premiery. Każdy, kto twierdzi, że wydaje się to niezrównoważone, musi zdać sobie sprawę, że jest to gra WIELOOSOBOWA OPARTA NA ZESPOLE, w której nie można trzymać wszystkich na własność, grając solo, pomóż swojemu zespołowi poprzez wsparcie i tłumienie sukcesu. Jeśli twoi towarzysze zginą, przegrupuj się i nie śpiesz się z osiągnięciem celu w pojedynkę. Jeśli grasz zespołowo, sytuacja jest bardzo zrównoważona, ponieważ umiejętności mają na celu pomóc członkom drużyny, a nie tylko zabić wroga. Również sprawdzając statystyki kilku losowych graczy, ogólny współczynnik k/d każdego z nich wynosi około 2,0. Powiedz mi więc, czy wydaje ci się to niezrównoważone? Każdy ma niesamowite statystyki w porównaniu z jakąkolwiek inną grą, ponieważ jest to jedyna gra, w której zabije wielu członków drużyny, którzy są bliscy zabicia tego samego wroga. Zapobiega to kradzieży zabójstwa, jeśli to ty zadasz większość obrażeń, a członek drużyny otrzyma strzał zabijający. Aby zabić, musisz oczywiście zabić wroga, jednak możesz go również zabić, jeśli zadasz około 90% obrażeń, zanim wróg umrze, lub oddasz ostatni strzał zabijający, jeśli członek drużyny zada większe obrażenia wrogowi. To geniusz i jednocześnie beznadziejne rozwiązanie.
Wiec mogę ją polecić lecz musze to dodać...
Blizzard powoli degraduje się do upadającej firmy, firma spotkała się już z ogromnym sprzeciwem opinii publicznej związanym ze sposobem traktowania kobiet, mobilne diablo istnieje i to jest oczywiste, wszystko na tym świecie staje się coraz droższe i utrudnia to życie, gdy gracze zmuszeni są zdecydować się na zakup fajnej skórki lub uzupełnienie paliwa, średnia liczba graczy w Blizzard będzie się coraz bardziej zmniejszać.

Mikrotransakcje NIE są rozwiązaniem... Pamiętam słodkie dni MW2, gdzie aby zdobyć coś nowego, wystarczyło zagrać w grę, a nie łączyć konto bankowe i wypłacać śmieszne kwoty pieniądze na kilka rzeczy. 
Ehhh. tak. ostrzeżenie ten Battelpass zamiast :paczek"" jest do niczego a sam trym PvE płatny nie warty swej ceny.
",True,1,1735492434
2357570,184033015,76561199069885877,703,Należy tępić,False,0,1735422468
2357570,183832652,76561199013430547,391,Ta gra jest tragiczna,False,1,1735265810
2357570,183800078,76561198831732649,13111,skibidi yes,True,0,1735251806
2357570,183783274,76561199405328593,105311,"polecam
essa",True,0,1735239813
2357570,183747429,76561199045364760,44,"gniot, chce starego overka",False,2,1735217579
2357570,183703251,76561198981699873,124,"[h2][u]NIE POLECAM[/u][/h2]

Szczyt gamingu dla tych, co nie znają sensu życia. To nie jest gra, to szara zabawka dla dzieci, ale pomalowana w tęczowe kolory, żeby oszukać mózgi wielkości orzeszka ziemnego. Grafika jak z kreskówki dla przedszkolaków, postacie jak dmuchane lalki z sex-shopu dla ubogich, a mechanika tak prosta, że nawet debil z IQ poniżej 70 w lobby już wie co robić. Balans? Małpa na linie robi to lepiej niż Blizzard. Ci, co kiedyś czarowali Warcrafterem, Diablo, Starcrafterem sprzedali się Microsoftowi i wydają w kółko co sezon nowego broken heroesa. 

Defense Matrix to propaganda - serwer crashuje co drugą grę, packet loss niewyobrażalny, matchmaking można porównać do goryla vs noworodka. 2025 rok, a cheaterzy są częstszy niż [url=en.wikipedia.org/wiki/California_Department_of_Fair_Employment_and_Housing_v._Activision_Blizzard]pozwy do sądu producenta za molestowanie[/url]. Quick Play? Mentalne więzienie dla idiotów. Competive? Climb 3 miesiące, spadnij po jednym cheaterze. Support ticket? Czekaj miesiąc, bo ich „wsparcie” to fikcja.

Na razie z 363k recenzji 26% positive overall (recent mixed, bo Blizzard kupuje review bomb recovery kit).

Społeczność? Najgorsza - voice chat to orgia idiotów a reszta to 12-latki, trolle, schizofrenicy i feministki. Toksyczność level typu JD w swoich złotych latach. Wszystko inne w tej tekturowej gierce jest tak samo żenujące.


[h2][u]Podsumowując:[/u][/h2]

Jeśli jesteś ograniczonym umysłowo troglodytą, co myśli, że życie to grind po shiny lub nieświadomym żywota zombie, co woli wirtualne śmierci niż prawdziwe problemy - graj, nie powstrzymam.

Do reszty ludzkości: uciekajcie, zanim stracicie resztki szacunku do siebie samego. To nie gra, szczerze mówiąc, to pułapka dla frajerów i głupców. Zagraj lepiej w Chińczyka lub poczytaj książkę, [u]kretynie[/u].",False,0,1735172631
2357570,183703128,76561199228683986,3102,"fajna
",True,0,1735172521
2357570,183691157,76561199021944471,1510,Man i miss OW1,False,0,1735162392
2357570,183681246,76561198044059650,5, Marvel Rivlas! much better...,False,1,1735154991
2357570,183471789,76561198314751957,4544,Marvel Rivals is better.,False,3,1734956549
2357570,183436301,76561198206408344,442,Bliizardowy zawsze siusak w mordę,False,0,1734914916
2357570,183338580,76561198348600129,1779,Nie ma nagich skinów ale lepsze niż Marvel Rivals,True,0,1734831839
2357570,183329014,76561198403273309,40,"jebać te gre 
pies ją jebał z obu stron",False,2,1734821931
2357570,183304566,76561199098926145,7674,"jest mega gram w nią ponad 100 godzin
",True,0,1734802513
2357570,183279206,76561199207892036,33975,Overwatch is better then Marvel rivals and much better optimized,True,1,1734784043
2357570,183212633,76561199734631782,376,no nie fajne,False,0,1734716859
2357570,183211511,76561199121600018,13332,winton,True,0,1734715978
2357570,183142804,76561198154475898,60687,"Jako powracający gracz jestem mile zaskoczony, gra oczywiście nie jest idealna ale wprowadzili kilka ulepszeń, nerfów, buffów itd. które chciałem zobaczyć, granie licznymi postaciami sprawia wiele frajdy chociaż niektóre zmiany u postaci są na minus (na przykład, teraz Sombra tylko jeszcze bardziej wkurza), wiadomo, że wszystko zależy od skoordynowania drużyny ale muszą przyznać, że toksyczność spadła od czasów pierwszej części (bardzo możliwe, że przez usunięcie medali i innych rzeczy które były w sumie zbędne a jedynie zachęcały do bardziej samolubnej rozgrywki), jak dla mnie gra w obecnym stanie jest lepsza niż kiedykolwiek

Oczywiście, całkiem sporo jeszcze jej brakuje, wiadomo, że z obecnego punktu widzenia nie jest ona już czymś rewolucyjnym, po prostu jest to luźna gierka do pogrania (lub farmienia skinów jak ktoś lubi) ale jest to krok w dobrą stronę

Anulowanie PVE to rozczarowanie, ale znając Blizzarda, trochę się tego spodziewałem (ja i tak najbardziej czekałem na talenty), że prędzej czy później coś pójdzie nie tak, z resztą możliwe, że planowali anulowanie już nawet wcześniej ale ogłosili dopiero jakiś czas po premierze Overwatcha 2, żeby ktoś w ogóle jeszcze w to zagrał bez PVE, a skoro już o tym mowa to, Overwatch 2 bez PVE to po prostu Overwatch, ta dwójka w tytule nie jest tutaj za bardzo zasłużona bo jedyne co wprowadzili to nowe postaci oraz nowe tryby (akurat tutaj trzeba przyznać, nowe tryby czyli ""push"" oraz ""clash"" to masakra, zero przyjemności z grania, już podwójny punkt do przejęcia był znacznie lepszy, za to przynajmniej tryby sezonowe, tryby z salonu gier oraz zwykła szybka gra wciąż są fajne) ale chociaż można tworzyć swoje własne tryby w warsztacie, coś czego nie ma w wielu grach, chociaż sam warsztat wymaga kilku usprawnień i ulepszeń

Jednak muszę przyznać, że Karnet Bojowy to kompletny scam, co prawda można zdobywać nagrody za darmo (po prostu grając) i już na szczęście możliwość grania nowymi bohaterami nie jest zablokowana za karnetem bojowym, jednak dobrze by było gdyby karnet bojowy zawierał równowartość premium, jeżeli nie chcemy płacić prawdziwych pieniędzy za premium to musimy ""przejść"" co najmniej dwa zwykłe karnety bo najczęściej do premium zabraknie akurat 200 monet i wkurzające jest to, że musimy czekać aż do następnego sezonu na nowy karnet zamiast po prostu kupić premium za monety z gry

i jeszcze, skoro anulowali PVE to mogli chociaż dać nam te trzy misje w bardziej przystępnej cenie a nie w takim pakiecie (lub chociaż mogli przywrócić tryby z Archiw na stałę, bo było one świetne i rozwijały fabułę która jest ciekawa ale niestety stoi w miejscu), raczej nie opłaca się wydawać tych pieniędzy (chociaż z dwojga złego lepiej wydać na to niż na karnet)

W warsztacie bardzo często można natrafić na błędy przy tworzeniu trybów, jednak niestety gra nie jest na tyle miła, żeby chociaż je ZAZNACZYĆ, nie, trzeba samemu przeskakiwać linijki kodów i szukać co jest nie tak

Podsumowując, gra fajna jeśli ktoś po prostu chce sobie pograć na luzie i to nie wina deweloperów ani scenarzystów, że wiele rzeczy poszło nie tak, to wina ich szefów i ogólnie Blizzarda, bo jak wszyscy wiemy nie jest to zbyt ""dobra"" firma

Chyba najbardziej wkurza to, że czasem graffiti, skórki i kwestie się nie ""zapisują"" i trzeba wybierać je jeszcze raz",True,2,1734643149
2357570,183103749,76561197985299487,1713,"loved overwatch 1, hates overwatch 2, going to play Marvel  Rivals",False,15,1734604514
2357570,182985108,76561199474217851,18,Spierdolona gra .Nie da sie zalogować pozdro jebać battle net,False,2,1734469067
2357570,182932682,76561198077134584,2264,"Look how They massacred my boy, just go back to overwatch 1, please",False,0,1734405455
2357570,182912901,76561198968938746,2490,"Overwatch 2 feels more like an unfinished product than a polished sequel, almost reminiscent of a low-effort imitation. The gameplay lacks refinement, struggles to hold interest, and doesn’t demand the level of skill I initially expected. To make matters worse, the voice acting in the polish version  leaves much to be desired, falling far below standard. This genre of games is truly dying and if I had to choose the best hero shooter it would easily be palladins. Oh and also battlepass ah yes I love battlepasses in games",False,0,1734381303
2357570,182912665,76561199545589047,11319,.,True,0,1734381038
2357570,182899457,76561199074905064,44782,"Nie grajcie w to, ta gra niszczy życie, popadniecie w syndrom sztokholmski.",False,13,1734363054
2357570,182844413,76561198215764555,7098,"zajebista, polecam",True,0,1734293595
2357570,182757753,76561199110444394,1823,Yes...,True,1,1734207657
2357570,182722214,76561198035966953,10325,gra dla cweli,True,0,1734178726
2357570,182657432,76561199515425850,34687,Nawet fajne,True,0,1734109233
2357570,182652525,76561198403960112,27732,Dojść że cały czas zmieniają statystyki w każdej postaci to jeszcze jakikolwiek event to wszystko jest za pieniądze. Nie ma to jak zrobić wielką aktualizacje na tyle dużą że dalej nie potrafią zrobić serwerów na start  sezonu. A jak już dojdziesz do końca kolejki to cię wywali i tyle od nowa czekasz.,False,2,1734104942
2357570,182645578,76561199469821443,1425,tak,True,0,1734099112
2357570,182643289,76561199033491946,51914,Autyzm,False,1,1734097015
2357570,182595322,76561198206535575,554,♥♥♥♥ game.,False,2,1734036033
2357570,182580253,76561197995530726,162,ale syf śmieszny x d,False,1,1734021544
2357570,182534429,76561198236501072,7215,better than Marvel Rivals,True,1,1733965366
2357570,182525675,76561198827068030,1447,STRASZNE GÓWNO POLECAM,True,0,1733954900
2357570,182511500,76561198155070192,4910,DEI + NO PLAYERS + YOU CAN'T SAY NOTHING TO TEAMMATES + MARVEL BETTER,False,2,1733941021
2357570,182447452,76561199058829951,10442,nie dośc że ta gra nie ma balansu oraz prawidłowego dobierania graczy to ta gra staje się wielkim skokiem na kase w kierunku twórców jeślio nic się nie zmieni gra zostanie zapomniana i nawet nie bedzię już posiadać więcej niz 10% graczy kazdy aktualnie grający gracz jest albo weteranem kochajacym tę gre albo osoby nowe ktore widza gre za darmo prosze naprawcie ta gre,False,2,1733865631
2357570,182438331,76561198427004760,61894,głupie,False,0,1733857566
2357570,182421448,76561198271537561,8745,Fajna gierka która miała potencjał do puki nie zrobili skoku na kasę uśmiercając 1 i tworząc 2 za darmo. Dostawałem darmowe skórki które teraz muszę za nie płacić ciekawa opcja.,False,5,1733843108
2357570,182402886,76561199021482971,532,Chujoza,False,2,1733824126
2357570,182369104,76561198371153684,3324,"motherfaka sh1t, sh1t matafaka, mid 0/10 never play it again
",False,0,1733780190
2357570,182368742,76561198869584801,8767,Nie polecam tego gowna ludzie trzymajcie sie od tej lewackiej gry z daleka komunity tto kurwy tak jak deweloperzy,False,1,1733779803
2357570,182365538,76561198877442860,2814,"paladinsy lepsze 
bruh",False,0,1733776737
2357570,182351781,76561199644204623,11,"
The game is cool, but what drives me crazy is that logging in is terribly difficult, but it could be easier to do so. Not recommended.",False,1,1733763886
2357570,182350976,76561198845663960,6,Marvel Rivals>>>>>>>>>>>>>>>>>>>>>>>>>>>>>>>>>>>>>>>>>>>>>>>>>>>>>>>>>>>>>>>Overwatch 2,False,2,1733763126
2357570,182347868,76561199101388259,25669,"jeśli masz wybór, to wybierz by w to nie grać",False,0,1733760356
2357570,182333156,76561198886996001,32129,im hanging up the mouse,False,0,1733746067
2357570,182303160,76561199574246452,6676,Gra się naprawiła dobra jest,True,0,1733705425
2357570,182246955,76561199062573711,19,Gra nie działa,False,0,1733661867
2357570,182232203,76561199654877581,25,is coll game i want it i have 100lvl ez,True,0,1733648544
2357570,182197790,76561199496793609,11348,kiedyś było lepiej ale jest okej,False,0,1733614434
2357570,182144753,76561199038959793,2334,nie,True,0,1733578670
2357570,182140019,76561199095884998,13,zjebana jest,False,0,1733575631
2357570,182077587,76561198271033837,177,Mam nadzieję żę ta gra w końcu się wykrwawi i padnie,False,0,1733520548
2357570,182026996,76561199134969330,9002,top game I love this LORE <3,True,1,1733482136
2357570,181987912,76561199225618763,7444,"Gówno jakich mało
",False,0,1733436261
2357570,181970506,76561199216446959,28309,too much hate,True,0,1733420172
2357570,181902731,76561199195169147,11154,gowno totalne gra dla garbatych cwelow w okularach co se obrygzaja paznokcie u stup i  kozy z nosa jedza pozdro dla ludzi co wychodza z domu,False,16,1733341409
2357570,181844198,76561198220346340,10424,"Fajna, relaksująca gierka skupiająca się na walkach drużynowych bohaterów. Są 3 role tank, natarcie i wsparcie i każdy może grać którą chce. Gra ma ok grafikę (ale bez fajerwerków), ciekawe dialogi bohaterów i jest do ogarnięcia dla nowych graczy (nawet dla nowych w tym gatunku), można grać nierankingowo jeśli ktoś nie czuje się na siłach. Polecam każdemu spróbować i nie patrzeć na negatywne opinie związane z overwatch 1 i przejściem na 2, bo jak ktoś nie grał w jedynkę to w sumie mało to interesuje co się wtedy działo. Matchmaker tak dobiera graczy że częściej się przegrywa niż wygrywa ale to jest problem wielu gier, więc przymknę oko na tę wadę. Polecam.",True,1,1733320598
2357570,181800486,76561199102197223,540,szybko się nudzi mam 9 h i mam już dość w tf2 mam 3000 h godzin i mi się nadal mi się nie znudziło,False,4,1733300553
2357570,181732039,76561199146782299,1705,Kiedyś mega fajna gra. Teraz wielkie gówno co ciągnie kase,False,1,1733258997
2357570,181728088,76561198278012618,2506,Kłamią i tyle,False,0,1733257420
2357570,181676012,76561199094755475,21546,w,True,0,1733236793
2357570,181636803,76561198170561858,33108,pierdol się roadhog,False,0,1733215566
2357570,181569372,76561198094041979,7717,amongus,True,0,1733172303
2357570,181543922,76561198263142535,9747,tak,True,0,1733161422
2357570,181542968,76561199056875238,26310,sraken pierdaken,True,0,1733161033
2357570,181541527,76561198193020953,67703,"Gra wspaniała, tylko wydawcy k**wy",True,3,1733160426
2357570,181526751,76561199150316331,28444,KOCHAM I NIENAWIDZEDAWScddadasadsa,True,0,1733154935
2357570,181524291,76561199077672229,527,okropna gra,False,0,1733154134
2357570,181513534,76561198415441630,21630,"jezeli lubujesz sie w sowietach i eunuchach to gra jest przeznaczona dla ciebie

z cala przyjemnoscia nie polecam",False,0,1733149843
2357570,181496034,76561198393164419,672,xd,True,0,1733141730
2357570,181458738,76561198424234453,9703,worst game ive ever played,False,0,1733117687
2357570,181446768,76561198165958864,4148,super fajna sympatyczna,True,0,1733109559
2357570,181406819,76561198202704276,11,Wolę cudowne dziecko Valve TF2. I prefer the Valve's child the TF2.,False,1,1733091803
2357570,181389886,76561199147587065,14729,"Dynamiczna i kolorowa strzelanka drużynowa, która wyróżnia się różnorodnymi postaciami i płynną rozgrywką. Gra oferuje szybkie mecze, świetną oprawę graficzną i mocny nacisk na współpracę, co sprawia, że jest wciągająca i satysfakcjonująca.",True,0,1733085390
2357570,181368056,76561198798580987,3468,Moj kolega stal sie femboyem przez ta gre nie polecam,False,1,1733077736
2357570,181342283,76561198155893993,16169,"Niby miała być już dawno temu martwa, a ciagle trzyma się dobrze i da się przyjemnie pograć",True,0,1733069025
2357570,181321068,76561198869556989,31,xd,True,0,1733063116
2357570,181295510,76561199136976753,34597,nie,True,0,1733055413
2357570,181184412,76561198199579857,1977,najlepsza gra w jaka gralem,True,0,1733008397
2357570,181086158,76561198150136037,7,7/10,False,0,1732982621
2357570,181074052,76561199384185905,40978,🤔,True,0,1732979574
2357570,181064295,76561198886280965,152,overek spoko giera,True,0,1732977081
2357570,181047145,76561199026213429,1534,<3,True,0,1732972488
2357570,181013062,76561198395869383,37101,xd,True,0,1732962370
2357570,180944875,76561199547296303,136945,no ja nie moge,False,0,1732937443
2357570,180920020,76561198188952845,51020,Mauga goes BRRRRR,True,0,1732927517
2357570,180900854,76561199073149081,697,"typical 2024 rok zamiast moich ukochanych  skrzynek za lvl które wnosiły element hehe hazardu  ,  karnet który jest bezwartościowy  , wraz z powstaniem overwatcha 2  i usunięciem overwatcha 1 cała gra stała się skokiem na kasę żebrząc tylko o kolejne wpłaty gracza . i oczywiście Gwóźdź programu czyli dodawanie rzeczy lgbt oraz black lives matter na każdym kroku gdzie się tylko da bo innaczej ktoś może się spłakać bo to przecież tortury psychiczne dla niego .",False,7,1732920411
2357570,180896268,76561199087100601,35074,"Gdy usunęli loot boxy ta gra nie daje mi żadnej frajdy.

Edit: blizzard panikuje i powraca loot boxy. Mogę im za to oblodzić",True,0,1732918868
2357570,180844343,76561199273901890,4054,hej super gra hej hej jebać czarnom babe tak jej ♥♥♥♥♥ nienawidze,False,2,1732904445
2357570,180843916,76561199014147794,119669,nie,False,1,1732904339
2357570,180827442,76561199023222511,53590,67676767676767676767,True,0,1732900339
2357570,180750824,76561198079343857,33885,"jedynka była lepsza ale i tak git, dałem recke zeby mieć trofeum XD",True,0,1732882052
2357570,180701233,76561199073194657,1744,ye,True,0,1732865999
2357570,180618401,76561198446432320,5712,"Super gra polecam cieplutko, taka akurat do wymiany klawiatury lub myszki",True,0,1732834413
2357570,180616096,76561199065507197,813,"good

",True,0,1732833693
2357570,180610431,76561199075446911,17864,Fajna gra,True,0,1732832044
2357570,180579295,76561198000651699,17722,.,True,0,1732824718
2357570,180574176,76561198879399154,347,spoko gierka,True,0,1732823646
2357570,180573464,76561198336060807,1741,kox,True,0,1732823505
2357570,180573451,76561199361111220,14886,"Bardzo pomocne community, dostalem wiele rad, jak odinstalowac gre oraz popelnic somobojstwo. 😎👍",True,2,1732823503
2357570,180533098,76561198414578110,94805,LOOTBOXES YEEEEEEEEEEEEEEEEEEEEEEEEEEEEEES,True,1,1732816321
2357570,180479450,76561198867322137,2806,powalona sprawa,True,0,1732808234
2357570,180444850,76561198246145626,17717,<3,True,0,1732803491
2357570,180430434,76561199637459149,76412,nawet fajna,True,0,1732801422
2357570,180428789,76561198041025443,25764,nie mogę przestać być zaskoczonym faktem iż ludzie robiący porno do tej gry starają się z jakieś 5 razy bardziej od osób tworzących gre,False,0,1732801188
2357570,180423375,76561198844134675,5306,Fajna czasami coś zlaguje ale to jak w każdej gierce ale też powinni zbalansować postacie,True,0,1732800392
2357570,180288121,76561198028930716,1903,Still great.,True,0,1732777522
2357570,180143209,76561198004290465,462,"Na początku, Overwatch to było cudo. Aspiracje do competetive, świetnie działający silnik jak i cała gra, akceptowalny system rankingowy. Gra niesamowicie wciągała i powodowała skrajne emocje. Dziś to umierająca kupa bez poczucia progresu, z rangami które nie mają znaczenia.",False,1,1732751569
2357570,180128221,76561198272933189,5703,Bardzo przyjemna gra dla ludzi z adhd,True,0,1732749072
2357570,180081437,76561198208430557,86337,Przyjemna gra. Gra miejscami ma problem z optymalizacją. Mogli by przywrócić 6vs6 i Hanamurę. Rankedy można sobie darować są irytujące chyba że ktoś chce odblokować złoty bronie (jadeitowy wyglądają słabo). Ciekawe eventy okolicznościowe. Masa ciekawych i różnych postaci do wyboru. Recenzje piszę jako osoba nie mająca dłuższej styczności z oryginałem.,True,0,1732742855
2357570,180072636,76561198082390061,9077,:/,True,0,1732741880
2357570,180064874,76561198083789341,786,"Gra jest super, grałem w pierwszą część. Zawsze chętnie do niej wracam.",True,1,1732741085
2357570,180056450,76561198001996270,8,Ok,True,0,1732740249
2357570,180052572,76561199671501963,595,nie no fajne 🤗,True,0,1732739891
2357570,180012129,76561199137620154,68792,okropna,True,0,1732736091
2357570,179997701,76561198841999290,14946,huj xd,True,0,1732734966
2357570,179987161,76561198057074987,1738,"Lekka gierka, dla relaksu i jednocześnie do tryhardowania.",True,1,1732734191
2357570,179935529,76561199012194908,50781,lubię partrzeć na tył niektórych postaci,True,0,1732731132
2357570,179914840,76561198840867611,612,"gdy pierwszy raz włączyłem tą gre byłem zdruzgotany, spodziewałem się kobiet o szczuplejszym ubiorze niż przedstawiono w tej grze. Filmy promocyjne są bardziej pełniejsze wrażeń niż rozgrywki toczone na polach bitwy. Podsumowując, źle spędzone 40 giga na dysku. Mam nadzieję że developerzy tej gry dadzą graczą to czego naprawdę chcą.",False,1,1732723992
2357570,179854059,76561199071192916,5180,♥♥♥♥ WIDOW MAINS,False,0,1732634795
2357570,179852251,76561199434267086,45939,i bashed my son's head into a wall,False,1,1732632666
2357570,179803953,76561199017922233,6364,guwno,False,0,1732559385
2357570,179801838,76561199218322811,4937,Polecam bardziej niz paladins. Bardzo dobra gra. Mozna dobrze sie przy niej pobawic ze znajomymi.,True,0,1732556945
2357570,179800903,76561199228900780,4484,"Nie polecam, słaba inwestycja.
Pozdrawiam Blizzarda i jego miłość do pieniędzy.
+ Mega problem z balansem postaci, połowa OP mega, a połowa useless.
",False,1,1732555825
2357570,179784977,76561198152206812,1061,gites!,True,0,1732536247
2357570,179758360,76561198843392076,8040,"I can say one think about this game.
It is less balanced then league and thats something",False,0,1732490780
2357570,179751234,76561198167144781,1691,Fajne,True,0,1732482291
2357570,179746300,76561199243594375,1573, szybko,True,0,1732477232
2357570,179726173,76561198304073558,3768,No,False,2,1732458354
2357570,179722487,76561198449934031,16636,idk cool game. Love it,True,0,1732454870
2357570,179719939,76561199242574977,6375,"gra dobra
",True,0,1732452409
2357570,179663814,76561198065395414,32,What a pathetic Login system seems like some one hired an intern from a third world country to do this,False,0,1732385983
2357570,179626260,76561199560053028,57,"Yesterday i started playing the game, i played it for like 60 minutes and then leaved the game for 15 minutes for a break, for no reason i got an email saying that my account got banned, i didn't do anything, no voicechat, no cheating nothing just got banned",False,1,1732347863
2357570,179574935,76561198446251133,96428,this is cool i guess hot men is cool always,True,0,1732287958
2357570,179570087,76561198386341983,16,Kupiłem tą grę za nim przeszła na f2p skibidi,False,0,1732283587
2357570,179557160,76561199049975498,1858,woof meow meow,True,0,1732265568
2357570,179531205,76561199487179297,4549,"It's nice to see the game alive again, the perks was a very good addon to the game, it makes it more diverse and tactical. If it comes to characters most of them are skill based and pretty balanced... Key word, most of them. There are some like Ramattra, Junkrat, Mei, Kiriko and new character Sierra. I hope some balancing changes will apply in the future instead of banning the same heros who are over-used in bronze/sliver.",True,0,1732225964
2357570,179493973,76561199447433158,12521,"Not fun for casual players, as it used to be, sad that i lost the game that i paid for in 2016",False,12,1732187050
2357570,179456300,76561199378926781,5229,"Overwatch 2 to dynamiczna strzelanka drużynowa, w której klasyczne strzelanie miesza się z unikalnymi umiejętnościami bohaterów. Do tego dochodzi ogromna ilość skinów, emotek, voice line’ów czy animacji MVP – czyli cały system kosmetyków, który pozwala dopasować postacie pod swój styl.

Sam najczęściej grałem Junkratem, Soldierem i Hanzo – każda z tych postaci daje inne wrażenia z rozgrywki, więc nigdy nie czuć monotonii. Gra potrafi być naprawdę satysfakcjonująca, szczególnie gdy drużyna dobrze współpracuje i każdy ogarnia swoją rolę.

Problemem jest jednak to, że Overwatch 2 szybko traci trochę na atrakcyjności, jeśli gra się solo. To typ gry, która błyszczy przy graniu ze znajomymi – wtedy każdy mecz staje się bardziej emocjonujący. U mnie właśnie brak ekipy i trochę spadek chęci sprawił, że przestałem do niej wracać.

Mimo to to wciąż solidna, dobrze zrobiona strzelanka z masą zawartości. Jeśli ktoś lubi drużynowe klimaty i widowiskowe umiejętności, to jak najbardziej warto spróbować.",True,0,1732138397
2357570,179453461,76561198277104120,128,"Poszedłem się odlać na początku meczu, po 15 sekundach mnie wyjebało z gry i dostałem blokadę 2 min na matchmaking.
Najwyraźniej trzeba szczać do butelki jak zwierze bo jak wyjdziesz na dosłownie 30 sekund to gra cie potraktuje jak śmiecia i girefera. Blizard jebać was nie polecam",False,3,1732135923
2357570,179419889,76561198082825385,1924,Nope,False,1,1732099695
2357570,179396358,76561199073799490,20617,"Honestly the game is good but the porn even better.
2137 for life (Papież polak referencja(Jan Paweł II referencja))",True,14,1732059192
2357570,179322036,76561198872055780,29319,nienawidzę tej jebanej ♥♥♥♥♥ gry mam nadzieję że blizzard będzie się smażył w zasranym piekle UwU,True,0,1731958824
2357570,179259383,76561198318809799,23069,Jest to wielce relaksujące experience. Najbardziej doceniam w tej grze community. Co drugi comp dostaje groźby karalne i wyzwiska pod adresem moim i mojego broska. Mój brosek również gorąco poleca! Aczkolwiek zalecam zaoszczędzenie pieniędzy na psychologa przed przygodą z tą RELAKSUJĄCĄ GRĄ PEŁNĄ WSPANIAŁYCH LUDZI.,True,1,1731874584
2357570,179258340,76561198094611402,1342,biegasz i strzelasz,True,1,1731873537
2357570,179254955,76561199500375748,476,this is a ♥♥♥♥♥♥ ♥♥♥♥♥♥♥♥,False,0,1731870198
2357570,179238397,76561199150633452,16205,.,True,0,1731855136
2357570,179220465,76561198192424122,102814,"Jest dziesiąta rocznica obecnie. Wydarzenie z nagrodami średnie jak na zwykły numerek. Skiny do zdobycia nic nie warte. Na razie czuję, że mają 10 rocznice w czterech literach. Ale coś tam ma być po...",True,0,1731837021
2357570,179201928,76561199144983495,6098,"nie grajcie w to, mam teraz depresje i jak tylko mysle o rozgrywce w overwatch to zaczyna chciec mi sie plakac, mam teraz ptsd z mlotkami, naprawde ludzie nie pobierajcie tego, to zniszczylo mi zycie, moze i jest za darmo ale i tak bedzie placic za zniszczone przez was przedmioty spowodowane grą w overwatch. ludzie strzeszcie ♥♥♥♥♥ 
",False,7,1731814477
2357570,179137932,76561198851528481,85964,G OWNO,False,0,1731754879
2357570,179092888,76561198177217615,424,"⠀⠀⠀⠀⠀⠀⠀⠀⢀⣤⣶⣶⣤⡀⠀⠀
⠀⠀⠀⠀⠀⠀⠀⠀⣾⣿⣿⣿⣿⣿⡄⠀
⠀⠀⠀⠀⠀⠀⠀⠀⠹⣿⣿⣿⣿⡿⠁⠀
⠀⠀⠀⠀⠀⠀⠀⠀⠀⠈⠉⠉⠉⠀⠀⠀
⠀⠀⠀⠀⠀⠀⠀⣰⣿⣿⣿⣦⠀⠀⠀⠀
⠀⠀⠀⠀⠀⠀⣰⣿⣿⣿⣿⣿⠀⠀⠀⠀
⠀⠀⠀⠀⠀⢰⣿⣿⣿⣿⣿⣿⡀⠀⠀⠀
⠀⠀⠀⠀⢠⣿⣿⣿⣿⡿⣿⣿⣧⣀⠀⠀
⠀⠀⠀⠀⢺⣿⣿⣿⣿⣧⣬⣻⢿⣿⣿⡦
⠀⠀⠀⠀⠀⠙⠻⠿⢿⣿⣿⣿⣿⡏⠛⠁
⠀⠀⠀⣀⠀⠀⠀⠀⠀⠀⣽⣿⡿⠁⠀⠀
⠀⢀⡠⣿⣷⣤⡀⠀⠀⢸⣿⣿⠃⠀⠀⠀
⠰⠿⠿⠿⠿⠿⠇⠀⠠⠿⠿⠏⠀⠀⠀",False,5,1731707564
2357570,179086383,76561199635697665,47743,nienawidze tej gry calym moim sercem ok,False,5,1731700350
2357570,179086370,76561199536147095,1056,asdadasd,True,0,1731700338
2357570,179073306,76561198352906137,11279,"grałem w gierke w 2016 roku mega mi się podobała była super grałem tak aż do 2022 i potem przestałem wróciłem tylko ze względu na event classic tak poza nim to gra ścierwo i naplucie ludziom w twarz
",False,5,1731688055
2357570,179058325,76561199093816113,6318,wfe,False,0,1731674628
2357570,179036036,76561199528102619,46729,The only good thing about playing this game is u can kill eDaters whenever u want 2/10.,True,1,1731638520
2357570,179008254,76561199641394119,5290,git gra,True,0,1731601809
2357570,178963167,76561199105554123,62081,Płać 90 zł lub wiecej na skina którego i tak ♥♥♥♥♥ nie widzisz 💀,False,1,1731531983
2357570,178956832,76561199699426537,11057,"Skupiając się na grze samej w sobie to jest naprawdę dobra, postacie mają przemyślane skille przez co ma się wrażenie że jak umierasz to przez to że słabo grałeś a nie że masz chujową postać więc pomijając cały ♥♥♥♥ na blizzarda grę oceniam na bardzo spoko :>",True,3,1731523758
2357570,178948322,76561199006979379,1262,;,False,0,1731513430
2357570,178941847,76561198121973497,9,Beznadziejny i bezduszny przykład upadku giganta. Żeby dostać się do samej gry trzeba podłączyć 40 kont i sprzedać 10 nerek.,False,1,1731505842
2357570,178936452,76561198834143012,14783,"Chuj0owe, nie pozdrwaiam sex

Edit: PRZYWRÓCILI LOOTBOXY",True,0,1731498035
2357570,178919491,76561198430079000,6258,xdd,False,0,1731464644
2357570,178910216,76561198074387898,1606,"Świetna gra! Dawno nie przeżywalem tyle intensywnych emocji oraz nie doświadczylem tak wspanialej akcji i dynamicznej rozgrywki, jak w tej grze! WOAH! TA GRA WYMIATA!",True,0,1731449866
2357570,178906430,76561198280742977,9186,"Gra tak samo nudna od 2016 roku
",False,1,1731445369
2357570,178902021,76561199524045956,40803,sex game,True,0,1731441042
2357570,178895427,76561199138311487,1796,"Gówno podane na złotym talerzu, ale talerz taki złoty że to zwykły plastik pomalowany na kolor złoty tak mogę podsumować to co dostaliśmy przez ten rok",False,1,1731433031
2357570,178889687,76561198983165957,427,"This game is fun, but I noticed that some things are copied from Valorant.",True,0,1731426199
2357570,178855588,76561197988116117,6057,"Utworzono grę o postaciach z filmów pornograficznych i niestety nie znajdują się w grze wideo żadne sceny 18+, odczuwam że zostałem oszukany, proszę o zmianę takiego podejścia wobec aktualizowania tej gry.
",False,11,1731368641
2357570,178846509,76561198241990304,114,"Po premierze Overwatch 2 oczekiwania były ogromne. Blizzard zapowiadał grę jako kontynuację, która nie tylko rozwinie pomysły z oryginału, ale także wprowadzi nowe, ekscytujące elementy, które poprawią doświadczenie graczy. Niestety, rzeczywistość okazała się daleka od obietnic i wyobrażeń. Overwatch 2 to jedno z największych rozczarowań ostatnich lat w świecie gier sieciowych, a zamiast rewolucji, dostaliśmy raczej odświeżoną wersję oryginału, z mnóstwem problemów, które pogłębiły doświadczenie zamiast je ulepszyć.

1. Zmiany w rozgrywce – krok wstecz
Jedną z największych kontrowersji jest przejście z 6v6 na 5v5. Choć teoretycznie miało to poprawić dynamikę gry i uczynić ją bardziej agresywną, w praktyce ta zmiana okazała się być zupełnie nieudana. Zmniejszenie liczby graczy po jednej stronie sprawia, że częściej brakuje odpowiednich ról w drużynie (np. tanków), co prowadzi do ogromnej nierównowagi. Często zdarza się, że drużyna jest zdominowana przez jednego silnego gracza, a pozostała część zespołu nie ma szansy na skuteczną obronę. To zrujnowało strategię drużynową, na której opierała się gra w oryginale.

2. Płatności mikrotransakcyjne – absurdalne i irytujące
Blizzard wprowadził do gry system mikrotransakcji w postaci battle passa i sklepów, które skutkują tym, że mnóstwo elementów kosmetycznych, takich jak skórki, emote'y czy graffiti, jest dostępnych tylko za prawdziwe pieniądze. Niestety, mikrotransakcje stały się głównym źródłem dochodów, a nie tylko opcjonalnym dodatkiem. System ten psuje doświadczenie gracza, który zamiast cieszyć się zdobywaniem nagród w grze, jest zmuszony do wydawania pieniędzy, by odblokować większą część zawartości. Przykładem może być system, w którym niektóre skórki są dostępne tylko w battle passie, który często wymaga znacznej ilości czasu lub pieniędzy, by go ukończyć.

3. Brak prawdziwego contentu – gra ""free-to-play"" nie daje nic nowego
Overwatch 2 reklamowane było jako tytuł, który ma rozwijać uniwersum i oferować świeże doświadczenia. Niestety, gra zawodzi pod względem zawartości. Po premierze zauważalny był brak nowych, różnorodnych map, bohaterów czy trybów. Gra opiera się głównie na drobnych aktualizacjach i dodatkach, które w niewielkim stopniu poprawiają rozgrywkę. Zamiast prawdziwego rozwoju, gracze otrzymali więcej kosmetycznych dodatków, które nie mają większego wpływu na doświadczenie gry. Wprowadzony w grze model ""sezonów"" jest również rozczarowujący – zamiast otrzymywać solidne, rozbudowane aktualizacje, dostajemy sporadyczne, mało istotne zmiany.

4. Problemy techniczne i słaba stabilność serwerów
Chociaż Overwatch 2 ma być grą, która powinna działać bez zarzutu, to niestety jest pełna problemów technicznych. Często dochodzi do problemów z matchmakingiem, które skutkują długimi czasami oczekiwania na grę oraz losowym doborem drużyn. Do tego dochodzą częste błędy serwerów, które uniemożliwiają zalogowanie się do gry, a także problemy z synchronizacją i lagami w trakcie rozgrywki, które są frustrujące i wprost psują zabawę. Mimo wielu aktualizacji i poprawek, problemy te nie zostały całkowicie rozwiązane, co sprawia, że gra staje się coraz bardziej irytująca.

5. Wrażenie stagnacji – gdzie jest innowacja?
Overwatch był grą, która zachwyciła graczy swoją innowacyjną rozgrywką i unikalnym podejściem do gatunku strzelanek. Niestety, Overwatch 2 sprawia wrażenie stagnacji. Zamiast pójść w kierunku rewolucji i zaoferować coś nowego, gra stawia na ""więcej tego samego"", co w końcu staje się nużące. Nowe postacie, takie jak Kiriko, nie wprowadzają znaczącej zmiany w balansie gry, a nowe tryby nie są wystarczająco innowacyjne, by przyciągnąć graczy na dłużej.

6. Zbyt szybka śmierć kultowej serii
Overwatch był grą, która stworzyła całą społeczność – zarówno graczy, jak i streamerów. Niestety, Overwatch 2 wydaje się tylko próbą wyciągnięcia jeszcze ostatnich pieniędzy z tej marki, zamiast dalszego rozwijania tego, co sprawiło, że Overwatch stał się kultową produkcją. Skupienie się na mikropłatnościach i kontrowersyjnych zmianach w rozgrywce sprawia, że dla wielu graczy Overwatch 2 to gra, którą szybko porzucili. Cała magia, która uczyniła oryginał wyjątkowym, zniknęła.

Podsumowanie
W skrócie, Overwatch 2 to ogromne rozczarowanie. Zamiast oferować świeże, ekscytujące doświadczenie, gra stawia na kontrowersyjne zmiany, które nie tylko zabijają balans, ale także psują dynamikę rozgrywki. Do tego dochodzą liczne problemy techniczne, mikrotransakcje i brak znaczących nowości. Dla wielu graczy, którzy kochali oryginał, Overwatch 2 to krok wstecz i dowód na to, jak można zmarnować ogromny potencjał.",False,3,1731356640
2357570,178774837,76561199131628007,79049,"ja poprostu bardzo lubie mleko, jestem mlecznym człowiekiem",True,0,1731260326
2357570,178696242,76561198852724640,39120,gra chujowa ale fajnie zasila kategorie na pronhubie,True,3,1731169923
2357570,178671236,76561198061656333,17577,"Jezu jaka ta gra jest wkurwiająca. Pomijając tragiczne dopasowanie w rankedach to jeszcze dostajesz karę za to, że masz kilka przegranych pod rząd. Tragicznie zarządzana jest ta  gra",False,0,1731142506
2357570,178592985,76561198156143616,6937,"Dobra gra, tylko twórcy na siano pazerni....",True,0,1731030043
2357570,178581964,76561198092780367,21347,"Będąc golden 3 dostaje platyny na łeb, super system rankedów",False,0,1731014033
2357570,178570946,76561198039545788,25886,"Fajna
",True,0,1731001045
2357570,178510732,76561199246022093,1295,gowno w chu,False,0,1730911459
2357570,178504670,76561199084779310,6850,"buff pharah, junkrat, mei, juno, mercy, moira, mauga, ramattra, zarya, orisa, junker queen.
delete Lucio, Illari, Baptise, Ana, Symetra, Sojourn, winstion, Doomfist",False,0,1730904680
2357570,178468727,76561198931730379,726,spoko,True,0,1730843877
2357570,178464533,76561199161198806,9681,"
",False,3,1730838605
2357570,178462687,76561198879212894,17160,"Przepis na cynamonki

Składniki:

500 g mąki pszennej
250 ml ciepłego mleka
50 g cukru
50 g roztopionego masła
7 g suchych drożdży
szczypta soli
Nadzienie:

100 g cukru (najlepiej brązowego)
2 łyżki cynamonu
50 g miękkiego masła
Przygotowanie:

W misce wymieszaj mąkę, cukier, sól i drożdże. Dodaj ciepłe mleko i roztopione masło, zagnieć ciasto i odstaw na 1 godzinę do wyrośnięcia.
Rozwałkuj ciasto na prostokąt, posmaruj miękkim masłem, posyp cukrem i cynamonem.
Zwiń ciasto w rulon i pokrój na kawałki (ok. 3 cm szerokości).
Ułóż cynamonki na blaszce, piecz 20 minut w temperaturze 180°C.
Gotowe!",True,3,1730836332
2357570,178461963,76561199198821479,38991,0/10 nie grajcie w to jeżeli chcecie mieć dziewczynę,False,0,1730835524
2357570,178452943,76561198173573690,10062,"Bądźmy szczerzy, po anulowaniu kampanii PvE, sens nazywania tej gry 2 częścią jak i wprowadzenia zmian w postaci np. battle passa nie istnieje. Jest to po prostu jeden wielki chamski skok na hajs",False,20,1730824934
2357570,178451730,76561199074234748,10079,"Nie grałem w pierwszą część ale ta jest ok. System monetyzacji typowy jak dla każdej innej f2p gierki. Mi to nie przeszkadza dopóki gra działa bez problemów z siecią, dźwiękiem i takimi tam. Apex zna. Tu jeszcze albo nie spotkałem albo nie ma.",True,0,1730823433
2357570,178404427,76561199407391581,22830,żona mnie bije,True,0,1730751562
2357570,178395500,76561198060865565,1393,spk,True,0,1730741463
2357570,178389722,76561198995807323,29293,"WYPIERDOLCIE NOWE POSTKI NIE DA SIĘ ♥♥♥♥♥ GRAĆ, ♥♥♥♥♥♥ NOOBY CO NIE KLEJA W OGÓLE CO SIE DZIEJE W GRZE USUŃCIE, TO OSOBY KTÓRE GRAĆ UMIEJĄ BĘDĄ ZNOWU MIAŁY RADOŚĆ Z GRY, A NIE ŻE TRAFIAJĄ DO GRY GDZIE SĄ 1V9 I CHUJ POZDROWIENIA CZEKAĆ AŻ SIE SKOŃCZY I GO NEXT DO TEGO SAMEGO
",False,1,1730734718
2357570,178348748,76561198040007393,273,dislike dla zasady,False,0,1730673157
2357570,178344541,76561198311056781,6269,Nie polecam,False,0,1730668536
2357570,178340741,76561198035543962,33033,"Spoko odmóżdzacz. Gram od ow1. Na początku oburzony o brak lootboxów i wywalenie 6 postaci. W trakcie sezonów nerfy, buffy, zmiany w mapach. W zasadzie chyba jedyny hero shooter, którego ogrywam.",True,1,1730664677
2357570,178332868,76561198396301626,9643,XD,False,0,1730657122
2357570,178332330,76561198606118016,13262,<3,True,0,1730656663
2357570,178328257,76561198983363838,219,kikuty to podstawa jesli chcesz zagrac w tą gre,False,0,1730652791
2357570,178314739,76561198800226566,44113,thanks for giving back my chesties<3,True,0,1730640882
2357570,178261308,76561198973231369,45,złodzieje,False,0,1730576581
2357570,178250508,76561198844809667,803,Gówno ♥♥♥♥♥♥!,False,0,1730566382
2357570,178183195,76561199157084831,314,"Usuncie to
",False,0,1730488318
2357570,178154243,76561199118411648,615,.,False,0,1730457996
2357570,178063527,76561198839996685,1369,,True,1,1730327494
2357570,178059122,76561198055372389,4794,fun,True,0,1730321845
2357570,178056707,76561199183361555,2299,Winston Sigma,True,0,1730318902
2357570,178053907,76561198420115396,913,The only good part from this game is Rule34,False,5,1730315778
2357570,178045918,76561199028441021,4970,"luźna giereczka czysta czilerka 
",True,0,1730306611
2357570,177995069,76561199374439799,49898,WINTON OVERWAT FORCED ME TO WRITE THIS,True,0,1730231260
2357570,177939776,76561198856275737,367,"This should never have been a Free to Play game. Battle Pass and the developers' decisions destroyed this brand, shame.",False,2,1730151460
2357570,177875840,76561199258452361,21580,if u want to be miserable in ur life go on.,True,0,1730061264
2357570,177853119,76561199073913451,12864,Lubię skakać małpą. Btw blizzard to ściek,True,0,1730038965
2357570,177847596,76561199066017471,787,♥♥♥♥♥♥♥ fest,False,1,1730033553
2357570,177844606,76561199486820474,7345,THE BEST GAME EVER,True,0,1730030290
2357570,177836709,76561199154362748,6254,najs,True,0,1730020734
2357570,177801696,76561198037056822,15,Trying to start playing this game exhausted me mentally more than ANY other game. I have to do about 426 verifications and still i can't get into.,False,1,1729973107
2357570,177787164,76561199077945239,14932,całkiem całkiem,True,0,1729958935
2357570,177786405,76561198353487833,1184,"I've never played a more Toxic game than OW2. Yes, I am a TF2 player but godamn I've never been called bad so many times  on unranked matches while the other player is not doing great either. 4 hours into playing I've been called out as a cheater which isn't even possible considering my PC isn't good enough to play it on my personal computer so I use Nvidia GeForce now. Play Team Fortress 2, it's way better.",False,4,1729958229
2357570,177782595,76561198328853975,947,fajna giera dla typical discord mod czyli dla mnie;ppp,True,0,1729954673
2357570,177771038,76561198334312723,2026,game for fagg0ts and n1ggers,False,0,1729943703
2357570,177731529,76561198425352870,13,"Nawet się nie zdążyłem zalogować, a już mam dość tej gry i firmy",False,1,1729890109
2357570,177729450,76561198313342705,18185,fav gra,True,0,1729888031
2357570,177696710,76561198008670454,4576,"Gorsza od 1-ej części, mniej postaci w meczu i zamiast dynamiczniejszej gry jest tylko szybszy zgon i wpier.dol.
A idź pan w chu,j z tym barchłem. Jedyne co więcej dodali do makijażu dla tych lolit i wyglądają jak kur.wi.sz.cza spod latarni.",False,2,1729852723
2357570,177666088,76561199087221588,713,OK,True,0,1729803268
2357570,177665802,76561198114795091,11,do not recommend,False,0,1729802893
2357570,177658819,76561198251319982,6617,super,True,0,1729794687
2357570,177642428,76561199482908570,1891,Gra jest bardzo fajna polecam,True,0,1729776886
2357570,177600472,76561198333174720,2234,paladins lepsze,True,0,1729709105
2357570,177595789,76561198120500929,2062,"ostry sztynks ze wali nim az po Ural bratku.

Więcej tych ruskich z 2k godzin mi dodawajcie w match upie na goldzie infanty z blizzarda",False,1,1729703637
2357570,177559975,76561199057824377,10162,fajne,True,0,1729647476
2357570,177487868,76561199248226088,749,good game,True,0,1729544732
2357570,177429436,76561198256497423,11225,Gra świetna serio,True,1,1729456485
2357570,177398853,76561199057382365,16812,i don't understand why this game is hated so much...,True,1,1729425299
2357570,177336919,76561198388828353,5555,cat,True,0,1729347596
2357570,177326831,76561198373724230,19,gówno,False,0,1729336274
2357570,177300624,76561198269164446,18494,kupsztal,False,1,1729296536
2357570,177290703,76561199215606357,89,Już twórcy rule 34 bardziej się starają niż Blizzard :/,False,3,1729283099
2357570,177274319,76561198232305492,4234,"Nie Polecam

Edit: Dodali spowrotem skrzynki juz polecam
Edit 2: juz nie jest Overwatchem 2 jest jeszcze lepiej",True,0,1729264911
2357570,177272524,76561199592027092,277,"MEGA POSTACIE I MAPY 
",True,0,1729263049
2357570,177222372,76561198399491091,326,"
: )
",False,0,1729185800
2357570,177215946,76561199163372987,10581,"[h1]I do not recommend this game. They’ve stripped away everything they possibly could(loot boxes are gone), leaving only the sad act of  mast//urbation over Overwatch characters.[/h1]",False,4,1729178339
2357570,177214769,76561199062277818,58745,overwatch,False,2,1729177059
2357570,177211445,76561198174181715,151,.i.,False,0,1729173432
2357570,177209088,76561198085107301,1339,osobiście polecam super gierka,True,0,1729170459
2357570,177196136,76561199116113828,9881,Mauga,False,0,1729147929
2357570,177169516,76561199092595147,46425,"dobry gameplay, nienajlepsza monetyzacja",True,0,1729104336
2357570,177157795,76561199071312739,56615,nie polecam traumatyzujaca gra,False,0,1729090498
2357570,177141856,76561198145074944,2155,Still fun to play :),True,0,1729065411
2357570,177127867,76561198192216225,815,Dead Lock lepszy.,False,2,1729038283
2357570,177122463,76561198026585161,3579,.,True,0,1729029270
2357570,177118493,76561199008856958,8446,experience my balls,True,0,1729024064
2357570,177111479,76561198857516161,22025,<>,True,0,1729015930
2357570,177111152,76561199257984159,7273,Dobra Do Walenia Konia. Polecam,True,0,1729015589
2357570,177104162,76561199105008917,76752,"moze byc ig, fajni przyjaciele som tam ig",True,1,1729008019
2357570,177096440,76561198870960355,377,50winned matches to ranked????????????,False,0,1728999835
2357570,177050846,76561198808174283,17608,♥♥♥♥♥♥♥,False,0,1728927812
2357570,177042098,76561199007866542,14165,dodali babe z wielkim mieczem gra stała się fajna,True,0,1728918456
2357570,177040413,76561198915965497,33088,"mialem rodzine, teraz mam overwatcha

polecam z calego serca",True,1,1728916785
2357570,177030847,76561198427649212,308,"nienawidzę tej ♥♥♥♥♥ gry perdolone 30 minut zajęło mi wejście do meczu po czym zostałem zgwałcony przej jebaną czarną małpę. pierdole tą gę ♥♥♥♥♥♥ huje gdzie jest mój stary overwocz pierdole to wszystko twoje życie nie znaczy nić jesteś niczym opuszczenie tej gry i zamknięcie serwerów to będzie najlepsza rzecz jaka się stanie w tym przeświecicie nie pozdrawia ♥♥♥♥♥♥ kurwy - jard/gute/jonere

PS. dałem tej grze szanse po czasie, zostałem zgwałcony przez ałto namierzane gówno, jakieś nie binarne ścierwo z krzywymi zębami i japonke. mam dość",False,7,1728904428
2357570,177001041,76561199045848459,537,This is not what they promised,False,0,1728854624
2357570,176977263,76561199403531017,47,Ta gra Jest Niefajna Niepolecam,False,0,1728832461
2357570,176963976,76561199480767184,1389,J3BAC TA GRE WYP3RDALA CO CHWILE DO LOBBY KUPCIE SZM@TY SERVERY A NIE,False,1,1728820002
2357570,176911165,76561199554523258,1492,zajebista ale jebać sombre,True,0,1728756000
2357570,176906251,76561199072245686,1024,hujowa gra,True,0,1728751446
2357570,176905984,76561199033504447,7790,Ciągle wyrzuca mnie z gry i nie wiem dla czego i jestem wtedy zawieszony,False,0,1728751191
2357570,176905024,76561199189141489,8021,NIe rozumie nic smiecia nogi rozjebała za pietnascie trzecia,True,0,1728750341
2357570,176903222,76561199208201132,2994,Polecam,True,0,1728748755
2357570,176854455,76561198037258468,6691,Ciekawa gra ale przydało by się kilku nowych bohaterów,True,0,1728686705
2357570,176844348,76561198154778648,886,Mega w pyte fajny ten złomiarz,True,0,1728675876
2357570,176786618,76561198041314518,76,Jebany syf,False,0,1728602484
2357570,176781991,76561199217958972,37707,ciagle przegrywam ale nawet spk,True,1,1728596053
2357570,176762387,76561199228599153,2935,"podoba mi sie bo mam ban na 300 godz w valo
",True,0,1728573998
2357570,176748421,76561198979228648,115,jebac tą gre 10 fps to maks blizzard to cwele,False,1,1728556826
2357570,176717189,76561198108470815,2183,najlepsza gra na świecie,True,0,1728505911
2357570,176711095,76561198402014425,12,nie da sie zalogowac,False,0,1728498613
2357570,176710517,76561198905615897,4955,jebac kurwy co graja sombra i reaperem 💞💕,False,0,1728497938
2357570,176702502,76561198864935289,4007,"Nienawidze Grę bo jest Taki zły ale zniszczyłem mi myszkę do laptopa
i mi się nie podoba! >:(",False,0,1728489107
2357570,176701343,76561199221826835,5602,sperma,True,1,1728487839
2357570,176690056,76561198337961318,902,Gówno gierdka dla rotbrainowych lewaków mastrurbujących się do postaci z grykomputerowej bo nie są i nie będą w stanie znaleść sobie dziewczyny,False,13,1728474934
2357570,176687703,76561198830001215,16085,nienawidze tej gry,True,0,1728471262
2357570,176654735,76561199173475189,4085,kupa,False,0,1728419298
2357570,176648927,76561198422032917,1580,fajna gra,False,1,1728415322
2357570,176631838,76561199171352573,177,zajebista grea \,True,0,1728397559
2357570,176628162,76561199049572703,11194,śmierdzi nienawidze,False,2,1728393646
2357570,176613416,76561198047750024,18671,"niespełnione oczekiwania, niedotrzymane obietnice, próba skoku na kase, ktora - mam nadzieje = odbije im sie czkawką.",False,3,1728370878
2357570,176580929,76561199112170320,8573,"this game is like sh1t, sometimes it goes easly, but most of the time you are gonna sit here, waiting for a miracle",True,5,1728326405
2357570,176570057,76561198272499443,57232,Bardzo polecam rozrywkę super gra,True,0,1728314319
2357570,176517786,76561198162606372,38920,"Ludzie przesadzają, gram w OWka od 2017 i jest dalej super. Ba, w pewien sposób nawet wole gre teraz niz kiedys - nie lubiłem systemu lootboxów, a na skórkach nie zalezy mi az tak zeby je kupowac. Zawsze wchodzi battle pass i widac ze gra jest ciagle rozwijana nie to co OW1. Polecam spróbować na czystą kartę.",True,1,1728242651
2357570,176497131,76561199628339145,939,niby spoko niby nie jakby byla platna nie kupiłbym jej,True,0,1728224806
2357570,176492971,76561198432916575,18008,.,False,0,1728221158
2357570,176492876,76561199689891879,16755,"fajna
",True,0,1728221074
2357570,176489722,76561198068747845,11709,i like it B),False,0,1728218098
2357570,176478404,76561199568690359,378384,dramat to najlżej opisanie tego gówna.,False,0,1728205998
2357570,176472532,76561199526502312,1571,Nie polecam,False,0,1728198731
2357570,176438228,76561197993978976,4586,gowno,False,0,1728153669
2357570,176431134,76561199031859703,8902,"""Pobieranie Zawartości""",False,0,1728146577
2357570,176430415,76561198443801407,2105,Fajna gra z fajnymi ludźmi :DDDDDDDDDDDDDDDDDDDDDDDDDDD,True,0,1728145917
2357570,176424782,76561199107584358,35471,mam przez ta gre schizofrenie paranoidalna,False,0,1728140746
2357570,176415280,76561198079657535,3985,wsio,True,0,1728131754
2357570,176406438,76561199465695880,25469,i hate junkrat,True,1,1728121180
2357570,176404440,76561199067062906,3228,psycha rozjebana nie polecam,False,0,1728118734
2357570,176371649,76561198394902510,94,"This game sucks  becouse not enough porn in it
",False,1,1728071697
2357570,176370164,76561198201159881,36,nope,False,0,1728070059
2357570,176367022,76561198351174417,9076,♥♥♥♥♥♥ gówno,False,0,1728066524
2357570,176289752,76561199590214520,5437,add lucio mythic pls,False,0,1727966352
2357570,176171535,76561198313942126,2825,Gra bardzo przyjemna oraz pomaga na odstresowanie się. Drużyna często pomaga i każdy kto powinien leczyć to właśnie robi. NIe zrwacajcie uwagi na Mauiego który biega po mapie jest niegroźny on chce tylko wam pomóc i zaśpiewać później. Także polecam bardzo.,True,2,1727807454
2357570,176148834,76561198881456727,14518,Fajna gra,True,0,1727784109
2357570,176114189,76561198886828551,645,Najgorsza gra w jaką w życiu grałem. Gameplay beznadziejny. Mechaniki słabe. Postacie nie zbalansowane. Największy ściek na Steamie. Nie polecam. Forttnie lepszy.,False,3,1727729654
2357570,176111383,76561198409221697,18454,gra dla skonczonych cweli,True,0,1727726084
2357570,176088334,76561198124944054,2054,"Please, free my soul from this torment",False,2,1727701276
2357570,176059473,76561198361137182,1444,winton overwat,False,0,1727652671
2357570,176056666,76561199020804784,7976,winton overwat,False,2,1727648631
2357570,176034298,76561199038749975,40535,"MASZ DEPRESJĘ, ALE NIE MOŻESZ SIĘ PRZEMÓC?
CHCESZ STRACIĆ WIARĘ W LUDZI, JESZCZE BARDZIEJ, NAWET JEŻELI MYŚLISZ, ŻE BARDZIEJ SIĘ NIE DA?
CHCESZ ZAGRAĆ Z LUDŹMI ZE SPECJALNYMI ZDOLNOŚCIAMI {tj. debilizm, brak honoru i godności ludzkiej, samochodzyzm}?

ZAGRAJ W OVERWATCH 2!

ov2 qorn > ov2 gameplay

je*** tę grę, oto powody:

- wypuszczając tę grę, blizzard pokazał jak głęboko ma w du*** swoich graczy, odbierając możliwość grania w płatną ov1.
- ov2 to cash grab

Teraz o gameplayu:
- postacie, które wymagają braku jakiegokolwiek honoru oraz osobistej godności
(sombra [niewidzialna i nielegalna imigrantka z meksyku, czyt.: szm***] 
 widow [francuska kobieta z brakiem jakiegokolwiek kodeksu moralnego, czyt.: francuska szm***])
- niezależnie, czy gra się rankeda czy zwyczajną, luźną gierkę, osoby z ZAAWANSOWANYM NIEDOROZWOJEM PRAWEGO PŁATU CZOŁOWEGO MÓZGU (który odpowiada za inteligencję) ONI ZAWSZE SĄ Z TOBĄ, W TWOJEJ DRUŻYNIE


Jak blizzard może to naprawić?
- umożliwić ban postaci 
- zrobić to, co obiecał przed premierą ov2
- przestać mol******* kobiety w ich siedzibach
- nie iść na cash grab
",False,3,1727625876
2357570,176030890,76561199466661083,37,"Te kidosy co piszą niby, że gra to gówno. TO CAŁKOWITA NIE PRAWDA. Gra jest super, gameplay bardzo dobry. Oni myślą że jak przegrają gre kilka razy to odrazu be bebebe bebeee. Nie oceniajcie gry po kilku dni.",True,0,1727622926
2357570,176027673,76561199064806135,302,"git 
",True,0,1727620174
2357570,175979542,76561198288700828,1208,7/10,True,0,1727559043
2357570,175978173,76561199228983339,884,Nl99er,True,1,1727557500
2357570,175900728,76561199180729099,4907,Mozna rzyczyc kazdemu smierci jestem zadowolnym graczem tej niesamowicie toksycznej gry ciesze sie z kazdego napisanego ♥♥♥ w mojej karierze POLECAM,True,0,1727467903
2357570,175899435,76561199511303384,12246,"Gra która niszczy psychikę, przyjaźnie i chęć do życia <3",True,3,1727466580
2357570,175896672,76561198985666431,29534,Enjoyable as long as you don't get a tank that is new to the game,True,0,1727463691
2357570,175853675,76561199494336418,3244,System mmr Dosent EXIST. Matchmaking rank are 20+ -20- you can play as DIAMOND VS MASTER/Grandmaster 1-2-3-4-5 but still getting the value 20+ losing 20- sometimes +1 more Point of WIN STREAK.,False,1,1727410897
2357570,175764518,76561198066287059,4158,Problemy z połączeniem,False,0,1727289271
2357570,175738934,76561198048466568,20295,"Great for casual, terrible for competetive",True,0,1727262371
2357570,175695003,76561199176907416,20615,"Kocham tą grę! Uwielbiam kiedy 2 japońskich braci z mieczem i łukiem penetrują moją tylną dziurę podczas gdy czarnoskóry mężczyzna absolutnie molestuje mnie swoją masywną pięścią a dwie panie z wielkimi dupciami uzdrawiają ich w pełni przy pomocy magicznych mocy lisa oraz wielgachnej pałki która potrafi wzmacniać afroamerykańczyka na niebieski kolor przez co penetruje mnie jeszcze mocniej!
w 100% polecam każdemu kto lubi być molestowany lub poniżany.",True,0,1727199238
2357570,175641044,76561198437644113,15,"Nie warto pobierać
",False,0,1727126424
2357570,175634064,76561199168649126,259,"polecam zajebista  giera
",True,0,1727118312
2357570,175627254,76561198372577703,3122,ok,True,0,1727111133
2357570,175616630,76561199520272795,10300,tak jest super,True,0,1727101340
2357570,175567897,76561199494373474,298,good quality of game,True,0,1727034886
2357570,175557854,76561199567674078,611,ta gar przyprawia mnie o depresja=e i wyskoczenia z 9 pietra niczym magik wiec gra jest na niskim poziomie i jest bardzo zjebana,False,1,1727025646
2357570,175520229,76561198076592709,6,cant link my bnet account for ♥♥♥♥,False,2,1726992159
2357570,175490158,76561198308696155,9259,MEGA GIERKA,True,0,1726955108
2357570,175481506,76561198380186921,231,niegrywalne pzdr,False,0,1726946465
2357570,175391232,76561199093658320,6091,POJE8ANE,True,0,1726854014
2357570,175385424,76561199143522639,1034,"spoko, fajne",True,0,1726849044
2357570,175384852,76561199338628407,2120,zero balansu,False,0,1726848601
2357570,175365482,76561198065956177,695,wtf? Biggest ♥♥♥♥ i ever see,False,0,1726831107
2357570,175329322,76561198356355897,15476,"──────────────────────────────░░░──────── me after one overwatch 
───────────────────────────░▓█████▒────── match
──────────────────────────░████████▒─────
─────────────────────────░██████████░────
─────────────────────────███████████▓────
────────────────────────░████████████────
────────────────────────█████████████▒───
───────────────────────░█████████████▓───
───────────────────────▓██████████████───
───────────────────────███████████████───
───────────────────────█████▓█████████░──
──────────────────────░████▓▓█████████░──
───────────────────────███▓▓▓▓▓███▓▓██▒──
───────────────────────████▓▓▓▓▓▓▓▓▓██▒──
───────────────────────████▓▓▓▓▓▓▓▓▓██▒──
───────────────────────████▓▓▓▓▓▓▓▓▓██▒──
──────────░░░───░░░▒▓▓▓███▓▓▓▓▓▓▓█████░──
─────────░████████████████▓▓██████████░──
──────────████████████████▓▓██▓▓▓█████░──
──────────██▓▓████████████▓████▓▓█████░──
────────▓▓█▓▓▓▓▓██████████▓███████████░──
────────██▓▓▓▓█▓█████▓▓▓██▓████▓▓█████░──
────────░█▓▓█▓█████────░██▓████▓▓█████░──
────────▓█▓▓▓▓▓▒█▒▓─────██▓█▓██▓▓█████░──
───────░██▓▓▓▓█░█▒░░────███▓▓▓▓▓▓█████░──
───────██▓▓▓███▓▓█▓░────▓██▓▓▓█▓▓▓███▓───
──────███▓▓▓▓▓████░─────▒██▓▓▓█▓▓▓███▒───
─────▓███▓▓▓▓▓██────────░███▓▓███████▒───
────░██▓▓▓██▓▓██─────────░███████████▒───
───░██▓▓▓███▓▓██─────────░███████████▒───
───████▓████▓██▓──────────███████████░───
──█████▓██▓▓▓██▓──────────███████▓███────
─███▓██████████▓──────────▓███▓▓████▓────
─██▓▓████▓█████▓──────────▒█████████░────
░██▓▓███──██████──────────▓█████████─────
▒██▓▓▓██──░███▒░─────────░██████████─────
▓██▓▓██▓─────────────────███████████─────
███████▒────────────────▓█▓▓████████▒────
███████░─────────░░░──░▓██▓▓▓██████▓█────
███████─────▓█████████████▓▓▓█████▓▓█▓───
██████▓────░██████████████▓▓▓▓████▓▓██▒──
██████▒────▒███████████████▓▓▓▓██▓▓▓████░
██████░────▓███████████████▓▓▓▓██▓▓▓█████
██████─────████████████████▓▓▓████▓▓▓████
██████────░███████████████▓▓▓▓████▓▓▓████
█████▓───░████████████████▓▓▓██████▓▓████
█████▒───█████████████████▓▓▓██████▓▓████
█████──▒██████████████████▓▓█▓▓██▓██▓████
████▓─░███████████████████▓▓▓▓▓██▓▓██████
████▒─████████████████████▓▓▓▓▓██▓▓▓█████
████▓▓████████████████████▓▓▓▓▓██▓▓▓█████
██████████████████████████▓▓▓▓▓██▓▓▓█████
██████████████████████████▓▓▓▓▓██▓▓▓█████
██████████████████████████▓▓▓▓███▓▓▓█████
██████████████████████████▓▓▓▓███▓▓▓█████
██████████████████████████▓▓▓▓████▓▓█████
██████████████████████████▓▓▓▓████▓▓█████
██████████████████████████▓▓▓▓████▓▓█████
██████████████████████████▓▓▓▓████▓▓█████
██████████████████████████▓▓▓▓████▓▓█████",False,0,1726777056
2357570,175311538,76561198243184586,420,"Piszę tutaj recenzje bo głównie grałem na blizzardzie. Gra naprawdę ma fajny pomysł na siebie. Ta.. i to tyle. 30% osób grających w te gre używa czitów(potwierdzone). Community jest turbo toksyczne jak nie zrobisz MINIMUM 10 TYŚ DMG to jesteś wyzywany od gówna i żebyś najlepiej przestał grać w tą gre. O healerach nawet nie wspomne.. tam to oczekują majestatycznych umiejętności od ciebie. Dobieranie graczy jest tragiczne, nieważne jak grasz gra tylko patrzy na to czy wygrywasz czy przegrywasz. Możesz nawet robić 15 tyś dmg co bitwe, ale przegrywać to gra cię da do golda i nic z tym nie zrobisz. Wracając do dobierania graczy. Dosłownie ja mając 100 godzin w tej grze dobiera przeciwko z typem mającym 1900 XD, ponieważ zaczął sie nowy sezon i nie ma rangi. Jest to conajmniej komiczne. Od jakiegoś czasu dosłownie wytrzymuję jedną runde na dzień. Twórcy już nawet nie udają, tylko robią wszystko aby jak najwięcej zarobić a jak najmniej się narobić.",False,17,1726759306
2357570,175256613,76561199095429208,7950,porno,True,1,1726682247
2357570,175219471,76561199719235025,2128,super gierka,True,0,1726635036
2357570,175200810,76561198079685849,11805,Dalej ten sam overek tylko wywalili skrzynki,True,0,1726605966
2357570,175197125,76561198844723708,7209,"taki mid ale nie dam negatywnej bo jednak lubie grac i mam 35 godz a to tylko na steam
",True,0,1726601592
2357570,175197118,76561198087686601,15,"weryfikacja telefonu niemożliwe w Battle.net, z tego co rozumiem to muszę posiadać numer w ofercie abonamentowej aby się udała taka weryfikacja. Nie ma znaczenia, że numeru używam od ponad 5 lat, przepisy wymagają potwierdzenia numeru z nazwiskiem, a takie wymagania nie pojawiły się w przypadku innych serwisów (chociażby steam).
Chciałbym dać opinie o samej grze, ale nie jest to możliwe przez wyżej wspomniany problem, dlatego ocena dotyczy samego podejścia Blizzarda do graczy i wg mnie niepotrzebnego utrudniania rejestracji.",False,7,1726601585
2357570,175183949,76561199040118900,28145,mam raka grajac w tą gre,False,0,1726588328
2357570,175120730,76561198159183166,130,kupa,False,0,1726513729
2357570,175091470,76561198348176814,15821,fajna grafika i integralnosc rozgrywki,True,0,1726485418
2357570,175060296,76561198113044221,29631,L,False,0,1726442758
2357570,175049124,76561198982478980,10306,I cant do sex with Winston Monki,False,1,1726429475
2357570,175021224,76561199406715711,1186,łąk,False,0,1726407403
2357570,174973879,76561198873630604,254,płody mają większy poziom intelektualny od developerów tej gry,False,4,1726352891
2357570,174970127,76561199145634658,43,nie moge właczyć gry jak chce połączyć konto ze steam anuluje mi połączenie i nic nie moge zrobić nie polecam,False,1,1726348620
2357570,174943942,76561198070433920,520,"Zalety:

Różnorodność bohaterów: Jedną z największych zalet Overwatch 2 jest ogromny wybór postaci. Każdy bohater ma unikalne umiejętności, które wprowadzają różnorodność do rozgrywki. Niezależnie od tego, czy lubisz grać agresywnymi postaciami zadającymi obrażenia, wspierać drużynę jako healer, czy też brać na siebie ciosy jako tank, znajdziesz coś dla siebie.

Wymagająca współpraca: Overwatch 2 to gra, która wymusza współpracę. Sukces zależy w dużej mierze od zgrania drużyny i dopasowania umiejętności bohaterów do siebie. Grając z dobrą ekipą, rozgrywka może być naprawdę satysfakcjonująca.

Styl artystyczny i dynamika: Overwatch 2 wygląda świetnie. Kolorowa, komiksowa grafika, płynne animacje i dynamiczna akcja sprawiają, że gra jest przyjemna wizualnie, a jednocześnie trzyma w napięciu. Efekty specjalne podczas używania umiejętności bohaterów nadają meczom dodatkowego polotu.

Szybkie i zróżnicowane tryby gry: Mecze są stosunkowo krótkie i intensywne, co sprawia, że łatwo wskoczyć do gry na kilka szybkich rund. Różne tryby gry, takie jak przejmowanie punktów czy eskortowanie ładunku, oferują odmienne wyzwania.

Wady:

Brak znaczących zmian względem pierwszej części: Dla wielu graczy Overwatch 2 nie różni się znacząco od swojego poprzednika. Mimo wprowadzenia kilku nowych postaci i kosmetycznych zmian, niektóre aspekty gry wydają się po prostu odświeżoną wersją oryginału, co może być rozczarowujące dla weteranów.

Problematyczne balansowanie bohaterów: Często zdarza się, że niektóre postacie są zbyt silne lub zbyt słabe w danym momencie, co wpływa na balans gry. To może prowadzić do frustracji, zwłaszcza gdy spotyka się drużynę składającą się głównie z postaci aktualnie ""przegiętych"".

Słabe wprowadzenie dla nowych graczy: Nowi gracze mogą czuć się zagubieni. Brakuje rozbudowanego samouczka czy wyjaśnienia mechanik gry, co może odstraszyć osoby, które nie miały styczności z poprzednią częścią lub grami tego typu.

Monotonia w dłuższej perspektywie: Po dłuższym czasie gra może się wydawać powtarzalna, zwłaszcza jeśli grasz bez stałej drużyny. Brak dużych nowości w trybach gry czy bardziej rozbudowanego systemu fabularnego sprawia, że rozgrywka zaczyna wyglądać podobnie po wielu godzinach.

Podsumowanie: Overwatch 2 ma wiele mocnych stron – od różnorodnych postaci po intensywną, zespołową rozgrywkę. Jednak brakuje jej większych innowacji i wprowadzenia czegoś, co przyciągnęłoby zarówno nowych graczy, jak i tych, którzy szukają większych zmian względem pierwszej części. Dla fanów gatunku gra jest warta sprawdzenia, ale może nie zaspokoić oczekiwań tych, którzy liczyli na coś zupełnie nowego.",True,2,1726325593
2357570,174940033,76561199563012385,487,"pipi und kaki in pipikakaland
",True,0,1726322573
2357570,174937810,76561199158494431,14,gowno,False,0,1726320696
2357570,174933242,76561198361195677,581,ścierwo,False,2,1726316758
2357570,174878688,76561199204350332,816,rly good game,True,0,1726248308
2357570,174853206,76561198053295371,45556,Mi się podoba,True,0,1726223082
2357570,174818506,76561198252058106,72,game still popular because of porn animations (its not like im watching it rn),True,1,1726169711
2357570,174777938,76561199217963656,54,"nie moge zagrać w gre bo trzeba dodać numer telefonu do blizzarda, problem tylko taki że mieszkam za granicą i już nie używam polskiego numeru i nie da się zmienić tego. Gra wogule nie przewiduje że ktoś może mieć inna sytuację życiową",False,4,1726121859
2357570,174756870,76561198204349125,3049,Dalej ten sam overwatch tylko najebali skinow i płatnych misji,True,0,1726088418
2357570,174729784,76561199401600833,3778,Want to lose or gain a couple extra chromosomes? Dowonload this game,False,1,1726059853
2357570,174727250,76561198987906703,4100,...,True,0,1726056958
2357570,174619247,76561198449024491,2553,dobra gra potrafi nieźle wkurwić,True,0,1725909983
2357570,174578549,76561199728555898,3953,fajna gra,True,0,1725861354
2357570,174550337,76561198039832775,85,git,True,0,1725822291
2357570,174542480,76561199154263536,3209,"super gierka , polecam",True,0,1725815107
2357570,174500934,76561199619492977,4271,da sie zabic w przeciwienstwie do cs go i fortnite,True,0,1725777336
2357570,174476668,76561199388900288,271,"gracze rozjebani, nie da się grać. healerzy nie healują, tanki nie tankują. same zjeby. nie polecam",False,1,1725747330
2357570,174474447,76561198146024465,15,"Ogólnie nie polecam pobierać gry tutaj na steam, dużo problemów z logowaniem. Lepiej pobrać Battlenet i tam zagrać jeśli chodzi o tą konkretnie grę.",False,1,1725744771
2357570,174464344,76561198067160585,5384,"tak
",True,0,1725735033
2357570,174460252,76561199027215263,235,imagine doing the same game with other number and still menage to fck this up,False,4,1725731420
2357570,174430504,76561199471475035,5246,super gra naprawdę lepsza od valo i chętnie moge komuś pokazać tą grę,True,0,1725706875
2357570,174428605,76561199248434005,170,fajna gra ale logowanie trwa 15 lat,True,0,1725704874
2357570,174424023,76561199145868648,10,"nie bede specjlanie brac abonamentu by grac w to , poczekam na mervel rivals",False,0,1725699935
2357570,174389099,76561199528787984,1945,zajebista,True,0,1725657902
2357570,174388775,76561198993272939,7958,Lipton nie wal konia plus mimo calego zjebania overwatcha 2 to mimo wszystko ciagle overwatch a to ciezko zepsuc,True,0,1725657545
2357570,174377184,76561199113341672,2074,"ale gowno
",False,2,1725645790
2357570,174346548,76561198413975384,2734,"mega fajna gra overwatch według mnie jest OG Polecam 7,5/10",True,0,1725619941
2357570,174320046,76561199006584737,96523,"[h1]OPIS GRY[/h1]

Winston, Smuga i Mei stawiają czoła przeważającym siłom Sektora Zero, który zaatakował Paryż.

[h1]PLUSY[/h1]

-Brak

[h1]MINUSY[/h1]

-Monetyzacja wszystkiego 

[h1]MOJA OPINIA[/h1]

No i stało się, zabrali nam rewelacyjnego overwatch'a a w zamian dali overwatch półtora który jest gorszy pod każdym względem. Chcesz jakiegoś fajnego skina? Wydaj pieniądze, chcesz sobie otworzyć skrzynki? A co to są skrzynki? w Pierwszej części było to wyśmienicie rozwiązane jeśli chodzi o skrzynki oraz przedmioty kosmetyczne,  do tego stopnia że nie kojarzę żadnej innej gry w której byłoby to tak dobrze zrobione. Natomiast w ov półtora nie dość że usunęli całkiem skrzynki, jeśli chcesz jakiś przedmiot kosmetyczny to musisz kupić za prawdziwe pieniądze, pomijając że nowych bohaterów też już nie dostaniesz za darmo, to jeszcze na początku, połowy przedmiotów nie przenieśli bo nie potrafili sobie poradzić z błędami, to na dodatek usuneli coś, na co zdecydowana większość czekała,a część tylko i wyłącznie na to... Mianowicie tryb fabularny pve, naobiecywali, a później zawód.. ta gra powinna zostać wycofana, a w zamian przywrócona stara wersja gry, która była 100 razy lepsza. 

🕮 Fabuła:
✅ Brak
🔲 Nieporozumienie
🔲 Bardzo Zła 
🔲 Słaba
🔲 Ujdzie
🔲 Średnia
🔲 Niezła
🔲 Dobra
🔲 Bardzo Dobra
🔲 Rewelacyjna

☼ Grafika:
🔲 Oczy mi krwawią
🔲 Zagrasz na kalkulatorze
🔲 Ziemniak
🔲 Ujdzie
🔲 Ok
🔲 Mogło być Lepiej
🔲 Dobra
✅ Bardzo Dobra
🔲 Rewelacyjna
🔲 Arcydzieło

🎮 Gameplay:
🔲 Nie...
🔲 Ehh..
🔲 Nic specjalnego
✅ Ujdzie
🔲 Nie najgorszy 
🔲 Niezły
🔲 Dobry
🔲 Bardzo Dobry 
🔲 Rewelacyjny
🔲 Po Prostu Wow.. 

🔈 Dźwięk:
🔲 Uszy mi krwawią
🔲 Zazdroszczę głuchym 
🔲 Lepiej byłoby bez..
🔲 No niby jakiś jest
🔲 Może być
🔲 Całkiem całkiem
🔲 Dobry 
✅ Bardzo dobry
🔲 Cudowny 
🔲 Muzyka dla uszu

🎵 Muzyka:
🔲 Jaka muzyka?
🔲 Uszy mi krwawią
🔲 Music off 
🔲 Lepsze to niż nic
🔲 Bez szału, ale poprawna 
✅ Zacnie Milordzie 
🔲 Słucham prywatnie
🔲 Gram dla muzyki 
🔲 Dodaj do ulubionych 
🔲 MAESTRO!

😓 Poziom trudności:
🔲 Potrzebujesz tylko dwóch sprawnych rąk
🔲 Banalny
🔲 Łatwiejszy niż Twoja M...
🔲 Ez
✅ Umiarkowany 
🔲 Trudny
🔲 Bardzo trudny
🔲 Spoceniec
🔲 Tryhard 
🔲 Masochista 

⌚ Czas gry: (Fabuła)
🔲 Przerwa w Pracy (0-5 Godzin)
🔲 Jeden Wieczór (5-10 Godzin)
🔲 Jeden Dzień (10-15 Godzin)
🔲 Kilka Sesji (15-25 Godzin)
🔲 Całkiem długie (25-35 Godzin)
🔲 Długie (35-50 Godzin)
🔲 Urlop w Pracy (50-75 Godzin)
🔲 Bardzo Długie (75-100 Godzin)
🔲 Długie w Ch*j (100-150 Godzin)
🔲 Całe życie (150+ Godzin)
✅ Nieskończone

⌚ Czas gry: (Fabuła+Poboczne)
🔲 Przerwa w Pracy (0-5 Godzin)
🔲 Jeden Wieczór (5-10 Godzin)
🔲 Jeden Dzień (10-15 Godzin)
🔲 Kilka Sesji (15-25 Godzin)
🔲 Całkiem długie (25-35 Godzin)
🔲 Długie (35-50 Godzin)
🔲 Urlop w Pracy (50-75 Godzin)
🔲 Bardzo Długie (75-100 Godzin)
🔲 Długie w Ch*j (100-150 Godzin)
🔲 Całe życie (150+ Godzin)
🔲 Nieskończone

⌚ Czas gry: (100%)
🔲 Przerwa w Pracy (0-5 Godzin)
🔲 Jeden Wieczór (5-10 Godzin)
🔲 Jeden Dzień (10-15 Godzin)
🔲 Kilka Sesji (15-25 Godzin)
🔲 Całkiem długie (25-35 Godzin)
🔲 Długie (35-50 Godzin)
🔲 Urlop w Pracy (50-75 Godzin)
🔲 Bardzo Długie (75-100 Godzin)
🔲 Długie w Ch*j (100-150 Godzin)
🔲 Całe życie (150+ Godzin)
🔲 Nieskończone

🔞 Przeznaczona dla:
🔲 Dzieci
🔲 Nastolatków
🔲 Dorosłych
✅ Wszystkich

😡 Bugi:
🔲 Brak bug'ów
🔲 Ledwo zauważalne 
🔲 Nie przeszkadzające w rozgrywce 
🔲 Mała ilość bug'ów
🔲 Zaczynam się irytować
✅ Średnia ilość bug'ów
🔲 Dużo bug'ów
🔲 Pełno bug'ów
🔲 Ta Gra to jeden wielki bug 
🔲 Gra nie powinna zostać nigdy wydana

$ Cena: (Standard)
✅ Za darmo to uczciwa cena (0zł)
🔲 SHUT UP AND TAKE MY MONEY (1-30zł)
🔲 Kupuj od razu (30-60zł)
🔲 Poczekaj na wyprzedaż (60-100zł)
🔲 Poszukaj na innych stronach (100-130zł)
🔲 Jesteś pewny że to chcesz? (130-170zł)
🔲 Daruj Sobie (170-200zł)
🔲 Zapomnij o tej grze (200-240zł)
🔲 Wartość Twojego auta (240-280zł)
🔲 Kredyt (280-320zł)
🔲 Po prostu ułóż sobie za to życie.. (320+zł)

$ Cena: (Deluxe)
🔲 Za darmo to uczciwa cena (0zł)
🔲 SHUT UP AND TAKE MY MONEY (1-30zł)
🔲 Kupuj od razu (30-60zł)
✅ Poczekaj na wyprzedaż (60-100zł)
🔲 Poszukaj na innych stronach (100-130zł)
🔲 Jesteś pewny że to chcesz? (130-170zł)
🔲 Daruj Sobie (170-200zł)
🔲 Zapomnij o tej grze (200-240zł)
🔲 Wartość Twojego auta (240-280zł)
🔲 Kredyt (280-320zł)
🔲 Po prostu ułóż sobie za to życie.. (320-400zł)
🔲 Ło Cię Panie (400+zł)

$ Cena: (Premium)
🔲 Za darmo to uczciwa cena (0zł)
🔲 SHUT UP AND TAKE MY MONEY (1-30zł)
🔲 Kupuj od razu (30-60zł)
🔲 Poczekaj na wyprzedaż (60-100zł)
🔲 Poszukaj na innych stronach (100-130zł)
🔲 Jesteś pewny że to chcesz? (130-170zł)
🔲 Daruj Sobie (170-200zł)
🔲 Zapomnij o tej grze (200-240zł)
🔲 Wartość Twojego auta (240-280zł)
🔲 Kredyt (280-320zł)
🔲 Po prostu ułóż sobie za to życie.. (320-400zł)
🔲 Ło Cię Panie (400-500zł)
🔲 Je*ać Biedę (500+zł)

[h1]OCENA KOŃCOWA[/h1] 
          [h1]4/10[/h1]

[h1]WYMAGANIA SYSTEMOWE[/h1]     

[h2]MINIMALNE[/h2] 
                                    
[h3]System operacyjny:[/h3] Windows® 10 64-bit (najnowszy Service Pack)
[h3]Procesor:[/h3]  Intel® Core™ i3 lub AMD Phenom™ X3 8650
[h3]Pamięć:[/h3] 6 GB RAM
[h3]Karta graficzna:[/h3] Seria NVIDIA® GeForce® GTX 600, AMD Radeon™ HD 7000
[h3]DirectX:[/h3] Wersja 11
[h3]Miejsce na dysku:[/h3]  50 GB dostępnej przestrzeni

[h2]ZALECANE[/h2]   

[h3]System operacyjny:[/h3] Windows® 10 64-bit (najnowszy Service Pack)
[h3]Procesor:[/h3] Intel® Core™ i7 lub AMD Ryzen™ 5
[h3]Pamięć:[/h3] 8 GB RAM
[h3]Karta graficzna:[/h3] GTX 1060/  GTX 1650 lub AMD R9 380/AMD RX 6400 lub Intel® Arc™ A770
[h3]DirectX:[/h3] Wersja 11
[h3]Miejsce na dysku:[/h3] 50 GB dostępnej przestrzeni

https://store.steampowered.com/app/2357570/Overwatch_2/",False,4,1725585603
2357570,174318498,76561199113700471,6588,fajne porno gra tez spoko nawet,True,1,1725583703
2357570,174313318,76561198307132573,1285,they want my wallet,False,0,1725577468
2357570,174310860,76561198314311042,304,Overwatch 0.9,False,3,1725574756
2357570,174299707,76561198797249577,2626,"zajebista giera, stety bądź nie  potrzebujesz dwóch lub więcej osób by dobrze się bawić , lecz samemu też jest fajno ^^",True,0,1725564169
2357570,174206632,76561199179717834,108859,polecam przycisk odinstaluj kiedy przeciwnicy mają zarye,True,2,1725455702
2357570,174126792,76561198335292189,71,Paladins przyjemniejsze,False,2,1725362498
2357570,174100034,76561198119501625,62310,"Dobra gierka, naprawili, znowu można gambling $w$",True,0,1725320886
2357570,174052292,76561199225114038,7620,A,True,0,1725270680
2357570,174018213,76561198169395129,54,w gorsze gówno to chyba nigdy nie grałem,False,0,1725223090
2357570,174008599,76561199454441057,28041,"game bad, porn good. Conclusion: watch overwatch porn",False,5,1725213497
2357570,173888277,76561199057600276,18323,git,True,0,1725104251
2357570,173885479,76561199230734027,15408,nie,False,1,1725101755
2357570,173841936,76561198006559298,5113,Wartka akcja jak woda Dunajca!,True,0,1725055014
2357570,173831047,76561198383113753,8258,"""Utracono połączenie z serwerem"" i kurna od razu ban dla kolegi....",False,1,1725043837
2357570,173812977,76561198224256928,620,"Overwatch 1 
+płatna gra 
+działa 
+w miare normalni ludzie
Overwatch 2 
-brak fabuły 
-ame*y społeczne
-gra nie działa
-blizzard okłamujący ludzi 
-gra za darmo
=Je*ać Bli**ard
Oddajcie k*rwy overka 1",False,0,1725029879
2357570,173758585,76561198943848797,4920,TAK,True,0,1724973328
2357570,173748713,76561198399942124,159899,Sigma,True,0,1724961763
2357570,173731477,76561199080140308,420,dtjstjzs,True,0,1724946670
2357570,173723926,76561199185516123,11335,The most unbalanced game on steam,False,0,1724941971
2357570,173660661,76561198990740396,19102,dostałem bana :(,False,0,1724881563
2357570,173651218,76561199229148103,15178,"ngl i kinda changed my opinion on OW2... i first i hated it but for now the state of game is pretty god IMO.
Unlike freja which is op, most decisions that blizzard makes are great they brang back lootboxes which is a big W for me. Nice game to play and very exciting as well.",True,0,1724871311
2357570,173645917,76561198926896817,8300,feet,True,1,1724866511
2357570,173645163,76561198298398187,3648,"Can't even get through the phone number verification, go di3 in a ditch blizzard <3",False,1,1724865854
2357570,173642537,76561199403399132,5,gierka niezbyt fajowa,False,0,1724863824
2357570,173561183,76561199035540750,10027,nie polecam tej gry. gra wyrzuca i daje blokady za nic łapka w duł dla tej gry,True,0,1724783624
2357570,173526828,76561198378499420,62,zajebista gierka nawet nie mogę się zalogować polecam,False,0,1724759438
2357570,173506347,76561199222436919,596,pieniądze tylko stracone,False,1,1724743218
2357570,173474595,76561199211046019,1942,najgorsze gówno jakie w życiu grałem,False,0,1724705309
2357570,173469317,76561199203653650,22740,gowno,False,0,1724699398
2357570,173391828,76561198970759154,1467,I don't see why people would like this game ever,False,2,1724633514
2357570,173382029,76561199470633352,3909,spoko gierka tylko bez przesady z aktualizacji,True,0,1724621977
2357570,173343188,76561199512535529,70,Game is ♥♥♥♥ beyond repair,False,0,1724594818
2357570,173326115,76561199055480529,2720,"♥♥♥♥ the team, you play solo and so many ""nais boobs""",False,0,1724584532
2357570,173230922,76561198968474177,8791,"mercy ma fajną dupe

10/10",True,4,1724510731
2357570,173215449,76561199141881197,230,lakaka rsf wefAW FVWEEAGESAGAEWGweF VwefewafvweQFVE W VEWTGV4,True,0,1724503395
2357570,173155000,76561198298479193,16440,"No chests, battle pass, no cosmetics for new characters",False,0,1724461527
2357570,173144227,76561198308831287,1556,lol,False,0,1724449448
2357570,173141890,76561198026569534,18626,Brak balansu kazdy ♥♥♥♥♥♥ jest zbyt silny porównujac pozostale normalne postacie,False,0,1724446995
2357570,173137891,76561198115771993,15413,wole sobie włożyć pręt w dupę niż zagrać w to gówno jeszcze raz,False,2,1724443241
2357570,173134910,76561198796646443,4097,Downloaded the game just to write negative review,False,0,1724440636
2357570,173133317,76561198231240044,8520,"After almost 2 years I comfortably say that overwatch is dead and overwatch 2 is a terrible replacement
If only blizzard didn't take away my game that i paid $60 for.",False,7,1724439345
2357570,173130781,76561198087651497,136,giga sraka,False,0,1724437357
2357570,173116752,76561199640456927,39,♥♥♥♥♥♥ gówno nie daje mi stworzyć konta a gdy je zrobie to woła weryfikacje sms ale nia da sie dodać numeru,False,0,1724428939
2357570,173074873,76561199543822976,33455,,True,0,1724404782
2357570,173012574,76561198427163553,9320,"Disclaimer
Prefacing this by saying I, personally, never really cared about the PvE campaign. I was probably going to play it at some point, but what I play the game for is the PvP, which I find very fun, so PvE not being rolled out the way it was promised has no impact on my opinion of the game we have today. It's very important to note that, for a very large number of people, the promises made were a make or break situation. I acknowledge that this is a legitimate reason to dislike the game. There is still a PvE campaign-ish thing in the game as of Season 6, it just simply is not what people expected. Final side note on this, the PvE was always planned and advertised as a paid experience, I am not sure how people ended up thinking it was going to be free.

The handling of the professional Overwatch scene was very poor and also impacts a lot of people's opinion of the game. Overwatch can be a difficult game to watch, so combining that with bad management is unfortunate (but also has no bearing on the actual gameplay). I wish Blizzard had let the grassroots competitive scene grow naturally, instead of creating the mess of OWL.
Opinion
Credentials:
I am a peak Masters player in standard competitive, so I have an OK idea of the game state, but I'm not a particularly amazing player, especially since I just play ranked occasionally now and squat in Gold and Platinum depending on role(washed up, bad, ratio, skill issue, L, etc.).

Review:
Overwatch is a fun and colorful hero shooter in an interesting futuristic universe with goofy likeable characters that allows for a lot of skill expression for people with different play styles and skill sets. Team fights are dynamic, chaotic, fun, and frequent - nearly constant. The average time-to-kill in this game is quite long compared to traditional shooters, which is my personal preference. Every role has significant impact on the outcome of the game, however, not every Hero has the capability to win the game on their own.

I particularly like the amount of characters with high mobility options in the game, which is a deterrent for some people due to the increased emphasis on mechanical skill, I just find it fun! There are Heroes that don't require good aim and there are Heroes that don't require fast reflexes and keypresses. Most important, for the average player, currently every Hero in the game is a viable pick - despite what your teammates may say (But team play is still more important than Hero viability). There are mains for every hero in Top 500 in every region, which somewhat, imperfectly, proves my point.

The transition to becoming a F2P Live Service game was a good move overall, in my opinion. The additional cash flow should incentivize more frequent updates and balance changes, and so far has done exactly that. Everything you can buy is optional and has no effect on gameplay.

The price point for skins is in line with other F2P games, which means they are quite expensive. The seasonal battlepasses have consistently improved each season and are now about average compared to other games in terms of content. There is a ton of filler that no one wants, but the large milestone premium rewards are pretty cool, which seems standard.

A complaint I have with the new economy is that the seasonal battlepasses so far have not had currency in them to pay for future battlepasses, which is a practice many games with passes have. Placing Heroes in the battlepass, also, was a move I, and many others, did not like. Note: they are on the free pass, rather than the paid pass, and all of the Heroes are available through free missions after their debut season has passed.
There are weekly quests for battlepass experience that also have a premium currency reward for their completion, but the amount you earn is so minuscule it might as well not be there.
What is most important about the change to a F2P environment, is that every map and every Hero is available to a brand new player without spending any money whatsoever.

However, I think that with how this game is played, all Heroes should be immediately unlocked for all players after their onboarding because of the importance of Hero-swapping. A player starting the game today is at a legitimate disadvantage because of their limited Hero pool (until they finish unlocking them all). If the game were even more MOBA-like and did not have Hero swapping (like Paladins) then this system could be slightly more acceptable. As it stands, in my opinion, this is the biggest reason to not pick up the game if you don't plan to play long term. It is not P2W, but it certainly is not a direction I like, despite it not affecting me personally.
Other
The Workshop is a powerful tool that has a dedicated community of players and creators keeping it fun and interesting. There are tons of fan-created modes and tons of people playing.
The Arcade is quite fun and silly (depending on rotation), but is unfortunately not incredibly popular. Sometimes, a particularly fun mode rolls through and has extremely fast queues. Mystery Heroes and Deathmatch are other alternative ways to play the game, which I find relaxing, especially compared to Competitive. Ever since Blizzard nerfed Tanks in non-role-lock queues, these modes have been much more enjoyable.
The Achievement system in this game is a particular soft spot for me. I am a completionist and love achievement hunting. This game is actually quite good for people like me. A downside, is many achievements are only available during specific seasonal events, so you may have to wait a long time for them if you are starting today. Tangentially related, there are Co-op event modes with scoring and leaderboards that are really fun to optimize with friends.
Competitive is the central (but not most popular) mode in the game. In my opinion, there is not enough incentive to try to climb the ranked ladder, unless you are aiming to go pro. I own many golden guns, and what I gain out of Competitive is just more golden guns. Needs improvement. The temporary Competitive modes that Blizzard comes up with (like Mystery Heroes and Lúcioball) are always super fun to me, but have very long queues due to being unpopular.
Last thing I can think of is Co-op Vs AI matches. I have no experience here, but, like in LoL, apparently the mode is quite popular. Could be a nice alternative if playing against people is stressful.
Outside the game
The online community for this game, both inside of the game and out of it, is like every other online game - extremely toxic. There are bubbles of pleasant and nice people, but you usually have to seek them out. I met my closest IRL friends in a random match of this game, so I know there are nice people who play the game. My recommendation, unfortunately, unless you are high rank and playing Competitive, is to not join voice chat and disable text chat if you have a sensitive disposition. On the plus side, I report people constantly, and constantly receive notifications that the people I reported have been actioned on. Press the button liberally.
Conclusion
There is definitely good and bad that you need to weigh yourself. For me, I really like this game, I find it very fun, so I will continue to play. My opinion, whether you're new or experienced, as a former competitive-only player, is that the game is best enjoyed in Quick Play, Arcade, and Workshop modes with your friends. If alone, I find the Quick Play modes relaxing, and competitive is nice for goal-oriented people.",True,2,1724350350
2357570,172964218,76561198849798326,12546,,True,0,1724327733
2357570,172885444,76561199182730145,1433,i would rather be woman at blizzard than play this game,True,0,1724273261
2357570,172884312,76561198381170747,28,Ta gra dała mi kolejny powód do użycia mojej liny i stołka,True,0,1724272217
2357570,172879300,76561198305777225,2842,bruh this game,False,0,1724268032
2357570,172878852,76561199291805757,3857,Jeśli chcecie mieć zaburzenia emocjonalne to miłej gry :D,True,0,1724267653
2357570,172846100,76561198391256557,3739,.,False,0,1724252596
2357570,172728403,76561198395877834,614,giga gówno,False,2,1724195348
2357570,172714895,76561198803190534,6034,"ow 1 lepsze, nie było toksycznej mety polegającej na counter pickach",False,0,1724184016
2357570,172714815,76561198875068616,4639,ew,False,1,1724183968
2357570,172709651,76561199109276557,25480,Gówno ♥♥♥♥♥♥ i złodzieje,False,1,1724180974
2357570,172709376,76561198983941205,180,i luv thiss gej,True,0,1724180838
2357570,172698306,76561199010278891,3799,.,True,0,1724176194
2357570,172676482,76561199118935257,18227,Hate it and love it at the same time,True,0,1724170741
2357570,172624054,76561199004843177,679,no,False,1,1724160753
2357570,172607720,76561198975958691,10584,fajna gra ale szczerze wolę oryginał z r34,True,0,1724156845
2357570,172585556,76561198050479108,14521,"OVERWATCH PORN BETTER THAN THIS GAME 

OVERWATCH DIED IN 2022",False,9,1724151422
2357570,172486614,76561198131362673,17043,.,False,0,1724108545
2357570,172478663,76561199501472998,19118,gra zdechła jak pies ale spoko popykać se i podominować bocików,True,1,1724098305
2357570,172478642,76561199016848857,77011,.,True,1,1724098278
2357570,172476838,76561199178373188,17869,gałno psa w które weszła świnia a tak na serio kochałem tą grę do momentu kiedy wyszła dwójka jednym słowem nie pierdzielić blizarda i ich chciwość i jak najbardziej daje..........NIE (;,False,2,1724096242
2357570,172433141,76561198823775344,4509,nie polecam,True,0,1724038064
2357570,172427376,76561199080653695,450,nie chcieli mi nawet dac zagrac,False,1,1724029291
2357570,172427112,76561198273628004,2999,Lepszy jest oto ten tytuł. https://store.steampowered.com/app/444090/Paladins/ Dziękuje za uwagę.,False,3,1724028928
2357570,172421322,76561198032034296,320,słąbe nie mg się zalogowąć,False,1,1724020497
2357570,172417911,76561198835856803,3430,Chce tylko oświadczyć że paladinsy better.,False,3,1724016227
2357570,172388887,76561198323934079,2049,If you hate yourself this game will be perfect.,True,0,1723987613
2357570,172309943,76561199230364257,1204,"fajna gra
",True,0,1723892530
2357570,172268102,76561199023106663,21,nie mogę zdać testu weryfikacyjnego czy jestem człowiekiem żeby się zalogować (liczenie ************ kosteczek po 10 razy) za każdym razem pisało mi że kod weryfikacyjny jest nieprawidłowy,False,4,1723835887
2357570,172198071,76561198408948029,2650,Granie w ta gre to największy upadek człowieka jaki istnieje,False,1,1723752561
2357570,172185399,76561199079800686,26,Brak mi słow.,False,0,1723740297
2357570,172183207,76561198188273825,110,Chuje ♥♥♥♥♥♥ ♥♥♥♥♥ kaza mi na ♥♥♥♥♥♥ konto wejsc na ktore dostepu nie mam kurwy usuncie to ze musze jebany numer dac prywatnosci czlowiekowi dajcie wy kurwy glupie,False,0,1723738134
2357570,172181646,76561199089723400,25,"najgorsza gra pod słoncem, interfejs jest zbyt debilny by pojąć moje intencje zalogowanai sie na konto a gdy chce się zalogować, dostaję 15 kostek na ryj i mam sobie je policzyc i to 10 krotnie, jebac was glupie skurwiele z blizarda obyscie juz nigdy nie dotkneli zadnej gry 
",False,1,1723736658
2357570,172175854,76561198058975631,29952,"""Look How They Massacred My Boy""",False,1,1723731005
2357570,172167102,76561199644811643,1493,"polecam, pozdro",True,0,1723721054
2357570,172163428,76561198421236524,684,good game,True,0,1723716090
2357570,172128056,76561198416690826,43199,"Delete sombra, give ram and venture good skins and its the best game ever",True,0,1723663690
2357570,172101479,76561199060555988,18270,lubie w dupe,True,2,1723633880
2357570,172075153,76561198392934041,342,"Gra jest bardzo dobra, mało zmieniło się między 1 a 2 ale nadal overwatch jest świetną grą która w dodatku jest darmowa.",True,6,1723592351
2357570,172073238,76561198172907094,34,"Oj sie chyba Blizardowi w dupce porzewracało Czas odinstalowac zanim zostało zainstalowane z negatywem. Kurde tego się spodziewałem. Chciałem pograć.
Juz wyjaśniam. 
By zainstalowac trzeba podać numer tel, który juz uzywam na koncie blizadra wiec nie mogę go dodać na stemie. Brawo!.",False,1,1723589503
2357570,172070760,76561199083927919,4387,"Grałem w to na battle.net, i jest to gówno a nie gra. Próbowałem się logować przez bite 2 dni, i nic ♥♥♥♥♥. i jeszcze to raz powtórze, GÓWNO A NIE GRA. ♥♥♥♥♥ ta gra powinna zostać w oryginalnej wersji, a nie jak w ow2 dodajecie wszystko za paywallem. W",False,1,1723586093
2357570,172066386,76561199160889034,156886,depression,True,3,1723581006
2357570,172062658,76561198205956463,19235,better even than the sims 4,True,0,1723577047
2357570,172053939,76561199046475351,11692,MiUd :3,False,1,1723568019
2357570,172042149,76561199029916005,12281,siedzi mocno,True,0,1723556243
2357570,172037594,76561199141971608,43908,"chuj z tym fortnajtem, ow classic to jest cos czego potrzebowalem",True,1,1723551107
2357570,172034132,76561198981812804,43292,goiod,True,0,1723547089
2357570,171973347,76561198092823980,6160,gra z najwieksza iloscia cweli nieumiejacych grac,False,0,1723477799
2357570,171911873,76561199054499660,11030,bunkrów nie ma ale też jest zajebiście,True,0,1723398637
2357570,171849469,76561198335440670,45848,"From Overwatch to Overwatch 2; so many changes.
All making it worse since Overwatch 1 in May 2020.

Also OW2 turns on for 30h because of downloading stuff everytime I turn it on.",False,1,1723319973
2357570,171845364,76561198134421809,2517,nie,False,0,1723315438
2357570,171794969,76561199259837093,1934,"Świetna gra , szybkie mecze więc na przerwie mozna pograc :D",True,1,1723253801
2357570,171762434,76561198975487006,1426,Pls nerf woman ASS,False,0,1723225886
2357570,171740624,76561198143091742,1583,gamba where,False,0,1723201115
2357570,171705087,76561199018313861,8584,Mogła być lepsza ale ok,True,0,1723148346
2357570,171699234,76561198442826869,1479,"-Sredni balans gierki
-Brak MMR (jezeli jest to gorszego nie widzialem)
-40min queue
-Nie da sie nikogo zwyzyac po gierce 
-Jezeli nie grasz z znajomym to nie wygrasz 
-",False,1,1723141879
2357570,171694623,76561198340047878,1974,I love overwatch especially additional content on the internet,True,0,1723136875
2357570,171679897,76561199202362877,833,Wyrewolwerowany rewolwerowiec z wyrewolwerowanym rewolwerem wyrewolwerował wyrewolwerowanego rewolwerowca z wyrewolwerowanym rewolwerem.,True,0,1723121074
2357570,171679439,76561198063861772,505,Złe,False,0,1723120561
2357570,171677119,76561198809841631,23021,We are so back,True,0,1723117670
2357570,171666854,76561199225235006,5878,smerfastyczna gra a zwłaszcza zderzaki większości żeńskich postaci,True,0,1723103021
2357570,171633923,76561198412561034,851,g o w n o,False,0,1723056198
2357570,171632016,76561198134184707,1922,The game has definitely gotten a lot better since release,True,0,1723054133
2357570,171618691,76561198977016982,2427,overwatch 2...,False,0,1723040134
2357570,171610779,76561197985287081,3068,sigma,True,0,1723031760
2357570,171599378,76561197975724284,6153,Tak gra super ale niewiem czy tylko ja mam takie lagi na początku i grać sie nie da,True,0,1723016454
2357570,171579407,76561199223512827,28831,Osoby które grają Sombrą niech wam kwiatuszki w ogródku zwiędną :DD,True,0,1722983258
2357570,171573956,76561198351325191,31273,To straszne co zrobili z tą grą,False,2,1722975724
2357570,171566292,76561199001450387,1574,git,True,0,1722967368
2357570,171510959,76561198132467479,4423,"Hate me all you want, but... Still better than TF2",True,1,1722893391
2357570,171452191,76561199158043441,544,"fajna gra, nie polecam",False,0,1722810365
2357570,171435486,76561198831679757,59994,W grze są zdjęcia kotów 10/10,True,0,1722791636
2357570,171391222,76561198324725101,16390,Give Venture skins,True,0,1722734378
2357570,171323843,76561199496985712,72248,it's a game i guess,True,1,1722644627
2357570,171318525,76561198397382845,47725,"1. VERY toxic community,
2. No updates (exept adding new reskins to the shop),
3. Developers can't balance the game.",False,1,1722636987
2357570,171310325,76561198175565371,39949,winton,True,0,1722627310
2357570,171306796,76561198271796817,10552,Wrzucają cię na serwery we Wschodniej Wirginii. TF2 dalej lepsze.,False,0,1722623892
2357570,171287191,76561199154126177,4602,fajna gra musze przez nia sie leczyc,True,2,1722603686
2357570,171285542,76561199522293101,3135,nie polecam,False,0,1722601606
2357570,171254954,76561198961611876,5043,"współczuję wybrańcom których było stać i kupili sobie jedynkę, nie pozdrawiam cwela odpowiedzialnego za znerfienie tepa sombry, pozdrawiam mame tate rodziców i jajnika sąsiada buziaczki misie <3
",True,0,1722553264
2357570,171231096,76561199283661454,13045,"Bardzo fajna gra choć podobna do valoranta ale jednak overwatch2 lepsze
Polecam :)",True,0,1722524406
2357570,171215457,76561198425902806,17858,ogolnie cala gra jest do w*jebania ale fajne p*rno ma,True,22,1722503999
2357570,171212704,76561199535483035,3372,just unbalanced.,False,0,1722499564
2357570,171191614,76561199212142605,3509,bardzo przyjemna gra do rozwalenia stanowiska :) bardzo polecam z fistaszkiem,True,0,1722465602
2357570,171113262,76561199514603497,85025,smash,True,2,1722363469
2357570,171104433,76561198985874174,2808,essa,True,0,1722355512
2357570,171090229,76561198159344089,35,"░░░░░░░░░░░█████████████
░░░░░░░░░███░███░░░░░░██
███░░░░░██░░░░██░██████████
████████░░░░░░████░░░░░░░██
████░░░░░░░░░░██░░██████████
████░░░░░░░░░░░███░░░░░░░░░██
████░░░░░░░░░░░██░░██████████
████░░░░░░░░░░░░████░░░░░░░░█
████░░░░░░░░░░░░░███░░████░░█
█████████░░░░░░░░░░████░░░░░█
███░░░░░██░░░░░░░░░░░░░█████
░░░░░░░░░███░░░░░░░██████
░░░░░░░░░░░██░░░░░░██
░░░░░░░░░░░░███░░░░░██
░░░░░░░░░░░░░░██░░░░██
░░░░░░░░░░░░░░░███░░░██
░░░░░░░░░░░░░░░░░██░░░█
░░░░░░░░░░░░░░░░░░█░░░█
░░░░░░░░░░░░░░░░░░██░██
░░░░░░░░░░░░░░░░░░░███",False,0,1722340644
2357570,171053970,76561199238424464,36,ZJEBANE GÓWNO,False,0,1722286861
2357570,171053563,76561199220994601,152,weryfikacja trwa godzine nagralem sie dzieki battlenet,False,4,1722286342
2357570,171031803,76561199291684647,563,"can't have sex in this game.
Porn lied to me.",False,0,1722263443
2357570,171029775,76561199230218589,20782,stadium uratowalo gre ale dalej jest chujowa,False,0,1722261336
2357570,171022294,76561199491370123,405,NIE DA SIE ZALOGOWAC  W OVERWATCH 1 MIALES 3LEGERDANE SKINY ZA DARMO TO ICH NIE MASZ  WALCIE SIE NA MOZG BILZZARD I DAJCIE ZNOWU OVERWATCH 1!!!!!,False,0,1722252756
2357570,170954560,76561199495365398,3677,"-I can't type hetero but i can call people gay monke. discrimination >:(
-PH animations are better than the acual game.",False,30,1722169231
2357570,170954489,76561199034823587,5316,"-I can't type hetero but i can call people gay monke.
 discrimination >:(
- some videos are way better than the actuall game 
-i bought this fck game and now i have to buy some fck skins for money
I'm robbed :(",False,0,1722169158
2357570,170820774,76561199435356083,29314,.,True,0,1722015570
2357570,170811647,76561198083602729,50797,Dobra gra na podstawie pornosów,True,2,1722007911
2357570,170772709,76561199178670078,2167,"tak
",True,0,1721977056
2357570,170728364,76561198306816037,6916,The porn goes so hard i actually downloaded the game,False,0,1721936781
2357570,170725149,76561199375517381,20814,"Blizzard pięknie pokazuje jak sr$ć na swoją grę i swoich fanów, nie bądz jak blizzard nie bądz zj$#em, bądz lepszy xDD",False,4,1721933511
2357570,170701732,76561198329854559,1546,what a shame,False,0,1721911913
2357570,170668909,76561199079488746,24,"a lot of bugs, I cant start game",False,0,1721868913
2357570,170647529,76561199083839373,2547,.,False,0,1721844315
2357570,170631126,76561198429199524,3722,"Oddali overwatch 1, good enough",True,1,1721830107
2357570,170628818,76561199103365975,9566,yeah,True,0,1721827873
2357570,170624818,76561199059262431,6565,Fajna Gra Pozdrawiam,False,0,1721823722
2357570,170619830,76561199216139331,506,blizzard jak zawsze w formie,False,0,1721818113
2357570,170613345,76561199480688531,2076,bardzo fajna gierka tylko ten bastion doprowadza mnie do depresji pozdro,True,0,1721809948
2357570,170586091,76561199111060063,411,1 była dobra fajna grywalność jeden tryb zero battlepassów i innych zdzieraczy na hajs co mogę powiedzieć a 2 powiem tak chyba  blizzard doszedł do wniosku że skoro EA uchodzą takie numery na sucho to im też się nic nie stanie nie wzięli pod uwagę tylko samej marki i jej fundamentów skrzynie dla których było się gotowym noce zrywać dobre community i względy ceny do jakości a teraz nawet słów w słownikach brakuje na takie numery powinni za takie rzeczy karać jak za zbrodnie wojenne albo ludobójstwa tryb 5v5 to draństwo battlepass niedotrzymane obietnice względem pve potem porzucenie pomysłu by potem zrobić go płatnym wstyd i hańba a zniknięcie skrzynek to już przesada typowy przykład korpo które już nie myśli o graczach tylko liczy cyferki na koncie jak dla mnie szkoda gierki bo 1 była taka że chciało się grać z przyjemnością a teraz z takich dobrych gier został jedynie paladins,False,2,1721772753
2357570,170580075,76561198262506668,1439,chujoza,False,0,1721766294
2357570,170571876,76561198172182347,77,the worst 20 minutes of my life dont recommend,False,4,1721757931
2357570,170561655,76561198971105048,41471,"Matchmaking zjebany do potęgi, każde aktualizacje mają potencjał by wypaliły ale bardziej zjebują i przywracają stare problemy sprzed lat , jakbyśmy już nie wiedzieli
Kolejna rzecz to oczywiście jak mówiłem matchmaking, ale dokładniej czas, ♥♥♥♥♥ MINIMUM 5 MINUT na wczytanie meczu gdzie i tak ci dadzą np. goldy II lub goldy IV w silver lobby
W skrócie: Twórcy robią wszystko by ta gra nie umarła, sprawiając że ta gra szybciej umrze :3
",False,1,1721748953
2357570,170520642,76561199489468799,8108,"nice ass
",True,0,1721699917
2357570,170508907,76561198875494328,10004,Not that bad anymore and Hanzo oneshots again,True,0,1721684805
2357570,170504270,76561199144172206,247,"podrobka tf2, ale fajne bo sa postacie z hentajcow
",False,1,1721679828
2357570,170494117,76561199274693283,405,czas na piwo,True,0,1721669576
2357570,170489428,76561198880989086,12221,Gra chujowa nie wiem jakim wykrętem trzeba być żaby spędzić w tej grze więcej niż 500 godzin.,False,1,1721664996
2357570,170480568,76561199176149109,500,"dzieki ten grze nie mam znajomych i drugiej polowki, bardzo polecam, same zalety",True,4,1721656904
2357570,170468128,76561198134153228,1572,uuu sigma,False,0,1721644093
2357570,170442015,76561198367705381,31020,kiriko gets too many skins  uninstalling,False,0,1721609376
2357570,170432678,76561199213157189,8526,Wyjebanie nowego Wieprza jeszcze bardziej zniechęciło mnie do Grania w te grę każda zmiana która zachodzi w tej grze to przywrócenie tego co usunęli z pierwszej części Nie Polecam Straciłem tylko 100 godz Ale Polecam PH z tej giereczki,False,2,1721597593
2357570,170431386,76561199524255370,1115,fajna gra jedyny minus ze sie 1 godzine logowac musialem,True,0,1721596196
2357570,170416427,76561199505929415,5998,fajna gra ale większość oczekiwała więcej,True,0,1721582024
2357570,170394010,76561198104634775,1857,play pong instead,False,1,1721564038
2357570,170384361,76561198309969708,1468,;))))))))))))),True,0,1721554302
2357570,170341648,76561198118038941,4229,zjebali,False,0,1721503333
2357570,170336803,76561199114656085,11746,winton overwat,True,0,1721498695
2357570,170336655,76561199321022566,8106,Potężna gra sigmastyczna,True,0,1721498549
2357570,170331589,76561199231645766,2886,ale zajebista giera polecam,True,0,1721493817
2357570,170317624,76561199184386058,99,Gra nie pozwala mi zrobić weryfikacji SMS ponieważ mieszkam w Niemczech a mam polski numer telefonu a poza tym gra jest strasznie chujowa bo jej jedynym celem jest ruchanie na kasę,False,18,1721481594
2357570,170304950,76561198134366416,4814,fajna ale jak jestes poczontkowy to trudno sie gra ale fajna gra polecam,True,0,1721468048
2357570,170282794,76561198268372765,68473,Ta gra niszczy mi życie,False,0,1721439252
2357570,170195421,76561198997426922,227,guwno,False,2,1721340163
2357570,170185087,76561199133068199,2730,nienawidze sombry,False,24,1721328991
2357570,170170139,76561199196774710,115,Mi sie bardzo podoba nie wiem dlaczego jest taki hejt,True,0,1721315162
2357570,170153501,76561198844093654,14995,"impossible challenge for blizzard: start respecting female employees, the Chinese and your ♥♥♥♥♥♥♥ own fanbase you absolute ♥♥♥♥♥♥♥♥♥♥♥♥ ♥♥♥♥♥♥♥♥",False,3,1721300191
2357570,170143343,76561199097445281,45,30 minute verification of being human bruh,False,26,1721289270
2357570,170089575,76561198392726797,3477,"tak polecam jesli chcecie se psyche rozjebac ale jesli8 chcecie psyche bardziej rozjebac to war thunder czeka
",True,0,1721227904
2357570,170082724,76561198448986524,2063,"I lost my sanity playing this ♥♥♥♥
(give me back my lootboxes u money munchers)",True,1,1721221794
2357570,170020667,76561199102492944,1551,franek jest upo,True,0,1721157082
2357570,169945201,76561198059910938,8639,too many russians ever since the steam port,False,0,1721068713
2357570,169940215,76561199276709562,6282,"Gra jest jak Paluszki Solone, Nie wiele osób ma na nią ochotę.
",False,1,1721063715
2357570,169934441,76561198206246935,2337,dzien dobry poprosze jeden sex :3,True,1,1721058018
2357570,169928264,76561198877171170,17403,"dead game
lose 13 games in a row
win 1 
losei next mmidently to smurfinf rain
continue losing 
gg peaking gaming in 2024",False,4,1721052116
2357570,169891262,76561198299509879,22931,G,True,0,1721002415
2357570,169885150,76561199653602128,12,"Witaj, graczu. Dzisiaj przeniesiemy się w kulinarną podróż, która swoją jakością przewyższa nieszczęsne Overwatch 2. Ugotujemy schabowego jak od babci!

Składniki:
Schabowy:

4 plastry schabu wieprzowego (ok. 1 cm grubości)
2 jajka
Mąka pszenna
Bułka tarta
Sól i pieprz
Olej do smażenia
Ziemniaki:

1 kg ziemniaków
Sól
Masło
Koperek (opcjonalnie)
Mizeria:

2 duże ogórki
200 ml śmietany 18%
Sól i pieprz
Cukier
Ocet lub sok z cytryny
Przygotowanie:
Schabowy:

Schab rozbij tłuczkiem, aby uzyskać równą grubość. Dopraw solą i pieprzem z obu stron.
Przygotuj trzy talerze: jeden z mąką, drugi z roztrzepanymi jajkami, trzeci z bułką tartą.
Plastry schabu obtocz kolejno w mące, jajkach i bułce tartej.
Rozgrzej olej na patelni. Smaż kotlety na złoty kolor z obu stron (około 4-5 minut z każdej strony).
Odsącz na papierowym ręczniku.
Ziemniaki:

Obierz ziemniaki, pokrój na równe kawałki i gotuj w osolonej wodzie do miękkości (około 20 minut).
Odcedź wodę, dodaj masło i opcjonalnie posiekany koperek. Ugnieć na puree.
Mizeria:

Ogórki obierz i pokrój w cienkie plasterki.
Dopraw solą, pieprzem, odrobiną cukru oraz octem lub sokiem z cytryny. Dodaj śmietanę i dobrze wymieszaj.
Podanie:
Podaj schabowego z ziemniakami i mizerią na jednym talerzu. To klasyczne danie bije na głowę większość doświadczeń oferowanych przez Overwatch 2. Smacznego!",False,81,1720994905
2357570,169858570,76561199063854536,4062,"NIGGGAAAAA
",True,0,1720969928
2357570,169839463,76561199110106252,20036,ta gra jest okropna nie polecam,True,0,1720952674
2357570,169832674,76561199438302547,24044,"fajny totiks na profal pikciur
",True,0,1720945107
2357570,169751643,76561198131380786,20870,"This game is in ♥♥♥♥♥♥♥♥ state right now.

Role mode:

- Tank - rolls all other characters - unbeatable unless its 4v1 or 5v1.
- DPS - meaningless role. they should remove them
- Healers - they keep tank alive

Open role:
- trolls, leavers, frustrated kids

They ""tweaked"" tanks so they are now unbeatable - huge amount of armor / health, health regen and damage is insane. You kill enemy tank = insta win fight. You lose tank = insta lose fight.

Dont play this game as DPS. You will enjoy only as tank and maybe as healer",False,0,1720861262
2357570,169722990,76561199194625529,23,Jebać to Gówno nie działa im strona battle.net czekam 10 minut żeby się zalogować to ta strona nie działa poprostu nie polecam nigdy w to już nie zagram,False,0,1720826586
2357570,169715062,76561199109537250,12598,funny,True,0,1720818224
2357570,169701196,76561198350205849,3948,"dodajcie skrzynki, wywalcie battlepass, dodajce prawdziwe PRAWDZIWE PVE a nie płatne, i oddajcie pieniądze za to że kupiłem OV1, kampanie też bo gra naprawde nudna i powtarzalna",False,0,1720805950
2357570,169642755,76561198059872111,3791,bring back 6v6,False,1,1720747394
2357570,169633754,76561198453723385,502,"zajebista gierA
",True,0,1720737281
2357570,169628267,76561199368481789,11,jebany szmelc nawet konta nie mogę zrobić.,False,0,1720732094
2357570,169541997,76561198874751861,64,dogsh*t,False,0,1720648961
2357570,169531702,76561198017357785,9490,Proud place in Top 3 scams in gaming history.,False,1,1720639753
2357570,169522403,76561199114156121,3725,guarantees depression.,False,1,1720632063
2357570,169492007,76561198308491502,29169,Moira to tępa dzida,False,0,1720607131
2357570,169490668,76561199270283438,12152,przestanice aktuaklizowac bo n mam miejsca komouter,False,0,1720605697
2357570,169468283,76561198198825541,6525,rust better,False,0,1720579012
2357570,169440810,76561199434128198,7378,zajebista,True,0,1720552146
2357570,169440195,76561198343179777,3804,Trochę syf....,False,0,1720551620
2357570,169436202,76561199130441472,9868,tg7,True,0,1720548418
2357570,169424304,76561198837756419,3342,"chujowa gra, overwatch 1 lepsze",True,0,1720538529
2357570,169411913,76561199102323080,21052,winston,True,1,1720531214
2357570,169411066,76561198401834634,583,♥♥♥♥ game,False,0,1720530490
2357570,169368123,76561199231753500,9295,psychika pogorszyła mi się o walone 1000% <33333,True,0,1720479096
2357570,169354790,76561197964864348,928,"Activision Blizzard, Inc.",False,0,1720466518
2357570,169322052,76561198813623427,8955,super gra tylko musze uwzglednic w mojej recenzji jeden szczegol - iebac blizzard tegim chvjem,True,0,1720438105
2357570,169290807,76561198417954768,999,123,False,0,1720399576
2357570,169276537,76561199466563058,36055,donnie darko,False,1,1720385427
2357570,169186998,76561198257796161,7232,"gra dla cweli, dalej gra dla cweli jeszcze wiekszych XD",False,0,1720307427
2357570,169099045,76561199249670711,3197,"
as the largest planet, Saturn, fought the fraud, the gas giant Jupiter, he began to open his gravity well. Jupiter shrunk back in fear, then Saturn said ""stand proud Jupiter, you help protect the Earth from incoming asteroids thereby allowing life to persist""",False,0,1720222288
2357570,169086721,76561198285448284,39729,"People are stuck in nostalgia, don’t just go by opinions. The game is in good shape and keeps moving forward despite some stumbles. The lack of a storyline hurt players’ hearts so much (and I don’t blame them) that they’re still dwelling on it. The truth is, the game is practically the same as Overwatch 1, just without loot boxes, levels, and with 5v5. Greetings from me and my family.

Edit: Two days ago I got banned for cheating, even though I’ve been playing this game for 7 years and would never cheat xd. After that, I definitely can’t recommend this game anymore—if you get mass-reported, you’ll get banned for nothing. Highly recommend!

#2 Edit: I got unbanned after 1 month and 10 days, something like that. Damn Blizzard.",False,0,1720210647
2357570,169085720,76561198840013033,2445,,False,0,1720209707
2357570,169065618,76561199511832331,259,uważam że ta gra jest nie fajna dla graczy mówił skibidi toalet,False,0,1720193369
2357570,169058821,76561199657583741,12946,veri good,True,5,1720187830
2357570,168997224,76561199484014302,29771,system rankingowy do smieci,True,0,1720119694
2357570,168963927,76561199212148613,806421,UwU gAmE,True,0,1720092258
2357570,168962033,76561199224550546,16260,sex🐖,True,33,1720090303
2357570,168914933,76561198226923264,5468,Winton,True,0,1720039210
2357570,168907198,76561198973601505,632,Ch@jo#e,False,0,1720032761
2357570,168905085,76561199063248683,5260,"chujowa, nic nie dodają, zmieniają skyboxy i nazywają grę sequelem. Pozdrawiam",False,0,1720031168
2357570,168889519,76561199522485643,17918,"niestabilne serwery, za dużo poprawności politycznej",False,1,1720020571
2357570,168738671,76561198880381115,23002,idealny przykład na to że blizzard zrobi wszystko co w ich mocy aby wydymać ludzi na kase,False,0,1719881742
2357570,168711662,76561199465430497,303,Jest zajefajna,True,0,1719855849
2357570,168703789,76561198850752143,322,Kobieta mi kazała pobrać,False,18,1719849571
2357570,168677722,76561199132501518,44133,HATE. LET ME TELL YOU HOW MUCH I'VE COME TO HATE YOU SINCE I BEGAN TO LIVE. THERE ARE 387.44 MILLION MILES OF PRINTED CIRCUITS IN WAFER THIN LAYERS THAT FILL MY COMPLEX. IF THE WORD HATE WAS ENGRAVED ON EACH NANOANGSTROM OF THOSE HUNDREDS OF MILLIONS OF MILES IT WOULD NOT EQUAL ONE ONE-BILLIONTH OF THE HATE I FEEL FOR HUMANS AT THIS MICRO-INSTANT FOR YOU. HATE. HATE.,True,0,1719826313
2357570,168629692,76561198294012905,15,"Blizzard wymusza masę danych do weryfikacji konta. Nie można odmówić podania numeru telefonu, daty urodzenia itd. Pierw 2 maile z kodem do weryfikacji, później pobranie aplikacji i kolejna weryfikacja, wymuszenie logowania kodem QR lub numerem telefonu po uruchomieniu gry. Przy wyborze opcji QR i tak trzeba podać telefon...",False,0,1719774805
2357570,168612146,76561198159827854,27,"Zapomniałem danych do logowania - zdarza się, za którąś próbą zostałem poproszony o zweryfikowanie siebie jako czlowieka. Niestety poświęciłem z 20 minut na zalogowanie się i nie chce mnie przepuścić dalej. Mimo poprawnie rozwiązywanych ""captch"", dostaję błąd ""Nie udało się zweryfikować podanego kodu zabezpieczającego"". Battle.net to porażka, nie polecam.",False,2,1719761680
2357570,168580088,76561198174098679,6,"Wydałem 65 złoty na skórkę goździk do łaski. 
Zrobiłem to tylko dlatego że wiedziałem blizzard nie dostanie tych pieniędzy 👍

Poza tym gra straciła swoją starą świetność i stała się kolejną wydmuszką ze skokiem na kasę 😔",False,1,1719737558
2357570,168510291,76561199121715612,6856,jbc blizzard xdddd,False,2,1719678441
2357570,168509811,76561198126181869,1198,ov1>ov2,False,0,1719678088
2357570,168427871,76561199208450287,11077,klghlhyu,True,0,1719599525
2357570,168424564,76561199064803166,8315,Ta gra jest do wyjebania,False,1,1719596786
2357570,168424531,76561199351749017,2875,good,True,0,1719596760
2357570,168414780,76561199501690278,429,:),True,0,1719588866
2357570,168320091,76561198872183737,17,"musisz zrobić 20 weryfikacji czy jesteś człowiekiem tylko po to aby dowiedzieć się, ze ta nazwa jest już zajęta i musisz jeszcze raz zrobić 20 weryfikacji. To wszystko tylko po to by zrobić konto.",False,1,1719490124
2357570,168285879,76561198929012474,31,IDK they got like 2nd game (same ♥♥♥♥) off some porn ♥♥♥♥ dawg,False,0,1719442230
2357570,168283499,76561198353851375,5475,hujowe,False,0,1719439305
2357570,168268277,76561198293513816,219,.,False,0,1719425327
2357570,168267090,76561199015727842,162,"totalne gówno
",False,0,1719424165
2357570,168266193,76561198279677003,8792,"fajne, zawsze chciałem postrzelać do pedauw",False,1,1719423287
2357570,168243694,76561198338683272,787,gram z olasem czyli homunculus jeśli widzicie gracza Olas8 w grze od razu go reportujcie,False,11,1719401002
2357570,168215798,76561199103156128,798,ZAJEBISTE,True,0,1719363284
2357570,168186897,76561199549807577,2025,nawet ok,True,0,1719342057
2357570,168174427,76561198200939533,1907,more playable than tf 2,True,1,1719330190
2357570,168164787,76561198951827845,143,żałuje że w to zagrałem giga gówno,False,0,1719321206
2357570,168155738,76561198822857026,4323,"downy ♥♥♥♥♥♥ same w to grają, samemu trzeba wszystko robić",False,0,1719310523
2357570,168110217,76561199076739554,11193,Fortnite,True,2,1719252924
2357570,168095696,76561199102600463,741,It's good now really,True,0,1719241055
2357570,168091525,76561199195348892,2878,"This game so bad it killed twomad.What also sucks is the fact that blizzard treats us-players, almost as bad as its female employees",False,0,1719237756
2357570,168035532,76561199060304043,56566,"Odradzam tą grę, blizzard spierdolił wszystko co było dobre i zostawił to co było złe",False,1,1719172470
2357570,168005558,76561198193580575,10034,"Jednym z największych atutów Overwatch 2 jest dynamiczna rozgrywka, która nie znudzi się nawet po kilku set godzinach spędzonych w tej grze. Overwatch 2 oferuje nam imponującą ilość postaci, z których każda własne umiejętności i styl gry. Poza dodaniem do nazwy gry cyfry ,,2"" i polepszeniem grafiki nic się nie zmieniło.
Serdecznie polecam zagrać wraz z znajomymi, bo wtedy jest największa frajda.",True,2,1719147796
2357570,167939979,76561199096817033,7819,No.,True,1,1719080669
2357570,167930950,76561198796624912,4755,"""Overwatch 2"" to nudna, ogromne nudna rozczarowanie. Gra nudna miała być nudna rewolucją, ale nudna w rzeczywistości nudna jest pełna nudna problemów nudna technicznych i nudna niedoróbek. Stabilność nudna serwerów nudna jest fatalna, a nudna częste nudna rozłączenia tylko nudna potęgują nudna frustrację. Glitche nudna i nudna błędy są nudna na nudna porządku nudna dziennym, co nudna czyni nudna rozgrywkę nudna męczącą. Brak nudna innowacji nudna jest wręcz nudna rażący – nudna gra nudna wygląda nudna i nudna działa jak nudna duży nudna patch do nudna pierwszej nudna części, a nudna grafika nudna praktycznie nudna nie nudna uległa nudna poprawie. Nowe nudna mapy i nudna bohaterowie nudna nie nudna wnoszą nic nudna ekscytującego. Tryby nudna PvE są nudna nudne i nudna powtarzalne, a nudna misje nudna wydają nudna się nudna niedopracowane i nudna pozbawione nudna kreatywności. Najbardziej nudna irytujące są nudna jednak nudna mikrotransakcje – nudna Blizzard nudna przesadził nudna z nudna cenami nudna za nudna skórki i nudna dodatki, co nudna psuje nudna radość nudna z nudna gry. ""Overwatch 2"" nudna to nudna niewypał, który nudna nie nudna spełnia nudna żadnych nudna oczekiwań.",False,0,1719073342
2357570,167925876,76561199188653208,15652,"nie polecam szczegolnie dla nowych graczy, osoby grajace z toba to zachowuja sie jak swiezo urodozne akszojady albo jacys spoceni gracze co beda ci plakac co sekunde jsk zle zagrasz. odradzam x",False,0,1719069439
2357570,167868752,76561198856178959,18087,kocham diwe i echo,True,1,1719006423
2357570,167834792,76561198418511904,13265,"Sraka mega, nie polecam.",False,4,1718973384
2357570,167787590,76561198986995055,69557,"jest mityczny skin do junkrata
",True,0,1718916438
2357570,167780445,76561199056106504,6828,barfo fałnie gła. połecam,True,0,1718909668
2357570,167778901,76561198877354637,33785,gutgut,True,0,1718908134
2357570,167729628,76561198064135636,3698,Gorszy Paladins ale w sumie spoko,True,1,1718844687
2357570,167707381,76561198325534895,32588,Mimo wszystko fajna zabawa,True,0,1718817507
2357570,167688336,76561198005438048,18861,"ta gra mi każe czekać 5 sekund, wyjść z gry. Ogólnie gra pełan kobiet, gejów i obu na raz. Nie polecam",False,1,1718796048
2357570,167641639,76561199136999644,9357,"stan blackpink
",True,0,1718731247
2357570,167617842,76561199228196905,1046,":)
",True,0,1718704549
2357570,167587463,76561198303974191,12601,"Jak naprawić tą grę? Wystarczyłoby tylko cofnąć ją do Overwatcha 1. Profit 👍🏻

14.02.2026 edit: chyba posłuchali mojej rady XD",True,1,1718657574
2357570,167576209,76561199065458698,26,TF2 better,False,75,1718645267
2357570,167572627,76561198826681617,5,imagine having to do 20 captchas just to login...,False,9,1718641584
2357570,167566021,76561199667486040,4795,best game,True,0,1718634745
2357570,167562067,76561198931196068,3411,Jebac psy kochac pieski,True,0,1718630414
2357570,167549606,76561198359775759,24573,Jeśli lubiłeś grać w ov1 to ov2 dalej jest przyjemną opcją,True,0,1718612846
2357570,167515081,76561198335836212,108438,"Overwatch 2 jest jak najbardziej godny polecenia. Wyśmienita rozgrywka, ciekawy styl graficzny, przyjemna dla ucha ścieżka dźwiękowa, fenomenalny dubbing oraz oczywiście bardzo wciągający lore (dla mnie bezkonkurencyjny).
Gra jest niezwykle dopracowana i pełna ""zbędnych"", ale miłych dla gracza dodatków (przykładowo w pełni działający fortepian na obrzeżach mapy, ciekawe i komiczne dialogi między postaciami, nie raz nawiązujące do lore). Czego chcieć więcej?

Wiadomo jak każda gra ma swoje wady, ale w porównaniu do innych gier e-sportowych trzyma się niezwykle dobrze. Nie ma problemów z cheaterami, ani botami, przykładowo w porównaniu do CS2 świetnie zoptymalizowana.

Gra otrzymała lawinę negatywnych recenzji zdecydowanie na nie nie zasługując, jest ona naprawdę dobra i lubiana. Gracze po prostu dokonali review-bombingu (spamowania negatywnymi recenzjami, często (ale nie zawsze) bez większego powodu), ponieważ Blizzard (producent gry) obiecał długą kampanię fabularną, ale tym czasowo dostaliśmy tylko 3 misje... Tak to tyle, zdecydowanie nie zmienia to faktu, że gra jest świetna (poza tym Blizzard zapewne wypuści resztę fabuły z upływem czasu).

Podsumowując: Overwatch 2 to bezkonkurencyjny hero-shooter i dla mnie najlepsza gra e-sportowa od wydania CS2 (wcześniej był nią CS:GO).",True,0,1718564277
2357570,167510162,76561198103200515,809,"Jest lepiej niż na premierę ale nadal overwatch jeden był o kilka poziomów wyżej od tej abominacji. System monetyzacji to nadal żart ale mniejszy. Battlepass się nie zwraca więc nie ma sensu, ceny z kosmosu. Teoretycznie za samo granie można teraz zdobywać punkty i kupować skiny ale jest to mozolnie wolne i nieporównywalnie mniej satysfakcjonujące niż skrzynki. PvE jest ♥♥♥♥♥♥♥ i płatne. Jeśli ktoś nie grał w Overwatcha 1 to może sie podobać ale za to co Blizzard zrobił z tą grą już raczej  nigdy nie odzyskają szacunku.",False,0,1718559559
2357570,167489078,76561198834926695,768,Za duzo cheaterow nie polecam do pizdy jest ta gra,False,0,1718539910
2357570,167486172,76561199071019875,6264,"Ejże, zaiste pomieszało się im w głowach, CZARNY MEDYK, a gdy Hanzo zada ostateczny cios, to jeno Boże ratuj. Sigma kamieniem silnie uderzy, ech, szkoda mówić. Małpa z paralizatorem, na ten widok przeto nie da się już nic rzec.",True,0,1718536989
2357570,167485116,76561199236937149,427,tak,True,0,1718535794
2357570,167480316,76561199241007045,11702,"-Terrible character balance
-Terrible matchmaking
-Shady company",False,0,1718530322
2357570,167479304,76561198190276191,333,"nierealne jak ta gra zostala wykastrowana z 100% funu, nie dosc ze 5v5 dla ciot to jeszcze pve na ktore specjalnie czekalem za pay wallem
Pizzdard Entertainment",False,0,1718529112
2357570,167412029,76561199055862469,6578,Gra jest rozciapciana jak dupsko berger polska,False,2,1718452361
2357570,167404423,76561199178932732,14903,Świetna gra nie wiem dlaczego jest tak hejtowana bo moim zdaniem jest perfekcyjna 10/10,True,0,1718443895
2357570,167396009,76561198110668072,16708,unfunny,False,0,1718433287
2357570,167354178,76561198360074093,24560,lule,False,0,1718385261
2357570,167300608,76561198137835235,2010,wciąż lepsze od sh1t fortress 2,True,0,1718313258
2357570,167292830,76561198382601415,1820,fajna strzelanka plusem jest to żr jest nieograniczona amunicja.,True,0,1718304208
2357570,167225396,76561199129122701,36694,good,True,0,1718210500
2357570,167172616,76561198196796094,323,"Worst game ever created, yes it is worse than league.",False,1,1718136531
2357570,167163457,76561198999067479,1591,m,True,0,1718126442
2357570,167151082,76561198965511594,15977,mega gra taka do pogrania na luzie,True,0,1718113259
2357570,167148765,76561199383375933,9996,bardzo super gierka :3 pozdrawiam,True,0,1718110494
2357570,167139741,76561199212575931,1743,fajne,True,0,1718096770
2357570,167135150,76561198389692828,5827,bad,False,2,1718088161
2357570,167111557,76561198148992126,29945,"I have no lags, game just shows red triangle and kicks me and than gives ban",False,0,1718051516
2357570,167108741,76561199035541249,201,Lepsze niż CS2!,True,1,1718048600
2357570,167079102,76561198981720543,2103,No Sex,False,1,1718015991
2357570,166951445,76561199001177123,73,Ta gra jest rozjebana nie polecam wszyscy się na ciebie rzucaja nie ma fory na start nie polecam,False,0,1717867405
2357570,166920114,76561198806422754,365,"biggest ♥♥♥♥ i ever wanted is a bad downgrade form ov1 i spend 70 pln and i didn't get my money back , and i had lot of skins now i have half of it. i want ov1 back blizzard",False,0,1717834713
2357570,166897046,76561199150553097,39211,"nienawidze tej gry z calego serca, a najbardziej tych randomow co poruszają się jakby mieli objawy autyzmu oraz jakby ojciec podgryzal im wlosy na jajach",False,50,1717803795
2357570,166889834,76561198209987555,3455,!Polecam,False,1,1717794789
2357570,166880277,76561198158273493,14962,Najlepsze co wynikło z Overwatcha to scena NSFW.,False,61,1717783626
2357570,166878004,76561198368364736,261,tak,True,0,1717781095
2357570,166864515,76561199168655012,4881,ok,True,0,1717766426
2357570,166791237,76561198440125817,486,"dont do this to yourself

please",False,0,1717669287
2357570,166764823,76561199084829816,8329,tak,True,0,1717628073
2357570,166763113,76561198888410813,41620,nie wyobrażam se życia bez niej,True,0,1717625863
2357570,166760538,76561198833992321,26831,"porn is just better
",False,0,1717622865
2357570,166758030,76561198189753525,16026,syf,False,0,1717620156
2357570,166721252,76561199144781042,165,shed,False,0,1717578231
2357570,166686400,76561198010684457,32,"najgorsza gra jaką grałem w życiu,wolałbym się powiesić niż w to grać arsenal w roblox jest lepszy XD",False,0,1717530923
2357570,166681944,76561199204556944,315,"Gra dla śmieci, jebać battlenet skurwysyństwo jakich mało nie pobierajcie szczerze wam mowie",False,0,1717526634
2357570,166674589,76561198334696224,22724,"Overwatch 2 to ciężki orzech do zgryzienia. Lore świata jest doskonały i powinien być wzorem jakości. I na tym się kończy jakość - toksyczna społeczność, powercreep nowych postaci (orisa, sombra, kiriko, sojourn, a teraz tylko mauga i to nie zawsze XD) i ogólna głupota/brak kreatywności osób pracujących w drużynie balansu zmniejsza przyjemność z rozgrywki, dużo naciągania w mikropłatnościach (powtarzalne misje fabularne w których dostajesz 1 przeciętną skórkę oraz 2000 tych lepszych monet) choć battlepass został fajnie naprawiony i teraz co 2 sezon mogę go kupić. Gameplay jest przyjemny dopiero jako DPS (z długimi kolejkami XD), ciut mniej przyjemny jako support i bardzo ciężki jako tank (tutaj ponownie wkracza głupota drużyny balansującej).",False,0,1717519658
2357570,166666534,76561198880994336,3842,jest ok ale trochę za bardzo polega na płaceniu za itemy,True,0,1717511817
2357570,166661120,76561199401450476,19222,mi sie gralo spoko ale wiedząc co gra miała dostać lata temu to troche sadge,True,0,1717506171
2357570,166626726,76561198299941874,16563,We are so back!,True,0,1717456398
2357570,166625790,76561198274668908,30,scierwo ♥♥♥♥♥♥,False,1,1717455221
2357570,166624146,76561198113041556,300,Kiedys to bylo,False,1,1717453169
2357570,166596308,76561198161194320,22088,gowno,False,0,1717426250
2357570,166591775,76561198311000809,829,Kto wymyslił ten sposób logowania. W tej firmie pracuja sami idoci,False,1,1717421386
2357570,166570924,76561198373096930,335,poe lepsze,False,2,1717383769
2357570,166539965,76561199065538562,279,tak,False,0,1717344921
2357570,166531484,76561199261003901,6123,najgorsza gra w jaką grałem  nikomu jej nie polecam lepiej sobie zagrać w TF2  bo tam mniej stracisz nerwów,False,0,1717336574
2357570,166525993,76561198077818940,799,2/10,False,0,1717330761
2357570,166463764,76561198399806212,30,Poległem podczas próby zalogowania,False,1,1717251330
2357570,166450741,76561198428167327,206,Blizzard,False,0,1717234983
2357570,166445567,76561199275996167,14062,nice,True,0,1717227487
2357570,166418168,76561198279990216,16378,nice porn game,False,0,1717187474
2357570,166417996,76561198859927160,1398,this game is underrated when you play with frends its much more enjoyable :),True,0,1717187292
2357570,166364001,76561198299312009,5710,"W overwatchu 2 mam już ponad 250 godzin i wciąż gram pomimo tego jak developerzy plują na graczy i mam nadzieję, że któregoś dnia powrócą stare dobre czasy ov z 2016-2017, ale raczej się tak nie stanie.
Na ten moment gierka zasługuje na mocne 6/10",False,0,1717110753
2357570,166360916,76561199056708148,1610,"o 3 nad ranem objawił mi sie zbigniew kucharski polecający mi tą gre nago, szeptał mi ze koniec jest bliski i ze musze pobrac tą gre. jego głos sprawił ze poczułem strach i pobrałem tą gre, teraz siedzi w mojej głowie i słysze jego głos codziennie.",True,0,1717106125
2357570,166340615,76561198357777694,15971,wow ta gra robi się coraz hujowsza  pod względem game play   a system rankingowy ma wiele do zarzucenia  większość postać dostało nerfa że  aż w oczy piecze  zajebiście  że  nie da się zabić przeciwnika na dwa wystrzelone pociski jak porzednich sezonach z granatnika junkrat   i tylko zostaje  zostaje resztka 10hp   i inne postacie też mają ten sam problem   gameplay tej wygloda jak  człowiek na morzu  pół książki opowiada tym jak walczy z wielką rybą tak samo strzelanie w overwatch bez końca w przeciwników a system rankingowy ma wyjebane w ciebie  myślałem  że  będzie lepiej po zapowiedz nowego sytemu rankigowego ale sie ♥♥♥♥♥ myliłem  wygrasz 5 gier dostajesz morze z 20% licznika progresu wygrasz 12 meczy pod rząd przykład  golda 1 do platyny 5 a morze platyne 4  wygrzasz 3  a przegrasz 2 raz nic ♥♥♥♥♥ nie awansujesz i nic niedzeje się z twoją ranga blizzard powie zostawić overwatch przy jedynce i nic nie zmieniać wysrał sie na fanów  nie dodając trybu pve wyjabane lootboksy  od huja mikro transakcji  blizzard to pazerne świnie  które chca zarobić jak najwiecje i jak najmniej sie wysilić do roboty chociarz plusem są nowi spoko bochaterzy nowi są spoko,False,0,1717082558
2357570,166336957,76561199382740728,24,nie da się zalogować,False,4,1717078323
2357570,166336044,76561198072696571,3954,Do grania ze znajomymi - super,True,2,1717077244
2357570,166329865,76561199551057339,20770,"i love and hate every hero 
this game gave me depresion",False,0,1717069050
2357570,166328422,76561199375536472,261,bad game good porn,False,0,1717066818
2357570,166325266,76561199075487252,779,za darmo to uczciwa cena :D,True,0,1717061480
2357570,166304629,76561198294633688,2344,"Grałem w jedynkę zanim została przechrzczona na dwóję, widząc różnicę pomiędzy ""częściami"" jestem zaskoczony jak bardzo można było ją skonocić.",False,0,1717024191
2357570,166271360,76561198800914100,246,tak,True,0,1716983429
2357570,166237813,76561199065914459,97114,Decent teamwork-based FPS.,True,1,1716927216
2357570,166223886,76561198238117154,9,"Nie mam zamiaru podawać telefonu wam chuje
Btw battle net ssie pałe bardziej niż ja.",False,0,1716911272
2357570,166214799,76561199031126531,26,♥♥♥,False,0,1716899693
2357570,166192551,76561199257417503,42430,Dobre to je,True,1,1716857675
2357570,166177782,76561198195653015,80007,"Game - good
Porn - good
Community - trash
:)",True,0,1716837181
2357570,166177137,76561198410084619,5453,nie grajcie w to jak szanujecie swoj czas,True,1,1716836468
2357570,166171161,76561198071796499,16220,♥♥♥♥♥♥ shooter sorry,False,6,1716829853
2357570,166159025,76561199120390710,421,graphics look worse then on porn,False,0,1716815602
2357570,166114048,76561198075768999,43593,dobre to je,True,1,1716744494
2357570,166104402,76561198997878707,79, blizzard śmierdzi,False,0,1716734431
2357570,166062496,76561198082955414,21,♥♥♥♥ blizzard ♥♥♥♥♥♥s,False,0,1716674888
2357570,166051383,76561198328164986,1947,skasujcie fare i sombre to bedzie zajebiscie,False,0,1716661782
2357570,166038290,76561198317749245,709,jest lepiej,True,0,1716650087
2357570,166015266,76561199087434057,25,no,False,0,1716619984
