steam_id,name,all-time_peak,total_reviews,total_positive,total_negative,percent_positive,review_score,review_score_desc
0,578080,PUBG: BATTLEGROUNDS,3257248,17883.0,13707.0,4176.0,76.6482133870156,6.0,W większości pozytywne
1,2358720,Black Myth: Wukong,2415714,2080.0,1937.0,143.0,93.125,8.0,Bardzo pozytywne
2,1623730,Palworld,2101867,2261.0,2174.0,87.0,96.15214506855374,9.0,Przytłaczająco pozytywne
3,730,Counter-Strike 2,1862531,502009.0,437569.0,64440.0,87.16357674862402,8.0,Bardzo pozytywne
4,2246340,Monster Hunter Wilds,1384608,806.0,561.0,245.0,69.60297766749379,5.0,Mieszane
5,1599340,Lost Ark,1325305,6335.0,4364.0,1971.0,68.88713496448304,5.0,Mieszane
6,570,Dota 2,1295114,9181.0,7159.0,2022.0,77.9762553098791,6.0,W większości pozytywne
7,1091500,Cyberpunk 2077,1054388,26282.0,25002.0,1280.0,95.1297465946275,9.0,Przytłaczająco pozytywne
8,1245620,ELDEN RING,953426,11063.0,10328.0,735.0,93.35623248666728,8.0,Bardzo pozytywne
9,2923300,Banana,917272,2409.0,2109.0,300.0,87.546699875467,8.0,Bardzo pozytywne
10,1063730,New World: Aeternum,913634,8585.0,5870.0,2715.0,68.37507280139778,5.0,Mieszane
11,990080,Hogwarts Legacy,879308,9108.0,8358.0,750.0,91.76548089591569,8.0,Bardzo pozytywne
12,1086940,Baldur's Gate 3,875343,10585.0,10279.0,306.0,97.10911667453944,9.0,Przytłaczająco pozytywne
13,2807960,Battlefield™ 6,747440,7503.0,6025.0,1478.0,80.30121284819406,8.0,Bardzo pozytywne
14,1568590,Goose Goose Duck,702845,532.0,482.0,50.0,90.6015037593985,8.0,Bardzo pozytywne
15,2767030,Marvel Rivals,644269,4515.0,3528.0,987.0,78.13953488372093,6.0,W większości pozytywne
16,1172470,Apex Legends,624473,13475.0,11229.0,2246.0,83.33209647495362,8.0,Bardzo pozytywne
17,1030300,Hollow Knight: Silksong,587150,3998.0,3786.0,212.0,94.69734867433716,8.0,Bardzo pozytywne
18,2694490,Path of Exile 2,578569,6681.0,5443.0,1238.0,81.46983984433469,8.0,Bardzo pozytywne
19,2868840,Slay the Spire 2,574638,687.0,655.0,32.0,95.34206695778748,9.0,Przytłaczająco pozytywne
20,892970,Valheim,502387,12270.0,11821.0,449.0,96.34066829665852,9.0,Przytłaczająco pozytywne
21,1938090,Call of Duty®,491670,14055.0,10123.0,3932.0,72.02419067947349,6.0,W większości pozytywne
22,105600,Terraria,489886,37031.0,35979.0,1052.0,97.15913693932112,9.0,Przytłaczająco pozytywne
23,1515950,Capcom Arcade Stadium,488791,77.0,47.0,30.0,61.03896103896104,5.0,Mieszane
24,1808500,ARC Raiders,481966,6250.0,5440.0,810.0,87.03999999999999,8.0,Bardzo pozytywne
25,3678970,TBH: Task Bar Hero,476577,119.0,57.0,62.0,47.89915966386555,5.0,Mieszane
26,377160,Fallout 4,472962,7104.0,5900.0,1204.0,83.0518018018018,8.0,Bardzo pozytywne
27,532210,Life is Strange 2,468717,877.0,795.0,82.0,90.64994298745724,8.0,Bardzo pozytywne
28,1962700,Subnautica 2,467582,2325.0,2160.0,165.0,92.90322580645162,8.0,Bardzo pozytywne
29,1755910,Capcom Arcade 2nd Stadium,463928,8.0,5.0,3.0,62.5,0.0,Recenzje użytkowników: 8
30,3164500,Schedule I,459075,6616.0,6500.0,116.0,98.24667472793227,9.0,Przytłaczająco pozytywne
31,553850,HELLDIVERS™ 2,458709,12136.0,10192.0,1944.0,83.98154251812788,8.0,Bardzo pozytywne
32,945360,Among Us,447476,26757.0,24747.0,2010.0,92.48794707926898,8.0,Bardzo pozytywne
33,1326470,Sons Of The Forest,414257,15934.0,15011.0,923.0,94.20735534078072,8.0,Bardzo pozytywne
34,232770,POSTAL,412063,499.0,453.0,46.0,90.78156312625252,8.0,Bardzo pozytywne
35,552990,World of Warships,411338,2355.0,2104.0,251.0,89.34182590233546,8.0,Bardzo pozytywne
36,1203220,NARAKA: BLADEPOINT,385770,455.0,368.0,87.0,80.87912087912088,8.0,Bardzo pozytywne
37,271590,Grand Theft Auto V Legacy,364548,48820.0,45700.0,3120.0,93.60917656698076,8.0,Bardzo pozytywne
38,863550,HITMAN™ 2,361001,1754.0,1623.0,131.0,92.53135689851769,8.0,Bardzo pozytywne
39,3764200,Resident Evil Requiem,344214,2667.0,2623.0,44.0,98.35020622422196,9.0,Przytłaczająco pozytywne
40,2429640,Throne and Liberty,336300,1686.0,1077.0,609.0,63.879003558718864,5.0,Mieszane
41,582010,Monster Hunter: World,334684,2485.0,2241.0,244.0,90.18108651911469,8.0,Bardzo pozytywne
42,1716740,Starfield,330723,1513.0,856.0,657.0,56.57633840052875,5.0,Mieszane
43,622590,PUBG: Test Server,320178,0.0,0.0,0.0,0.0,0.0,Brak recenzji użytkowników
44,10,Counter-Strike,319586,13224.0,13010.0,214.0,98.3817301875378,9.0,Przytłaczająco pozytywne
45,1085660,Destiny 2,316750,6538.0,5633.0,905.0,86.15784643621903,8.0,Bardzo pozytywne
46,2622380,ELDEN RING NIGHTREIGN,313593,2171.0,1949.0,222.0,89.7742975587287,8.0,Bardzo pozytywne
47,1285190,Borderlands® 4,304398,534.0,330.0,204.0,61.79775280898876,5.0,Mieszane
48,2483190,Forza Horizon 6,302645,1507.0,1381.0,126.0,91.63901791639016,8.0,Bardzo pozytywne
49,3167020,Escape from Duckov,301322,155.0,149.0,6.0,96.12903225806453,8.0,Bardzo pozytywne
50,72850,The Elder Scrolls V: Skyrim,287411,11348.0,11068.0,280.0,97.53260486429328,9.0,Przytłaczająco pozytywne
51,3321460,Crimson Desert,276261,1803.0,1547.0,256.0,85.8014420410427,8.0,Bardzo pozytywne
52,534380,Dying Light 2: Reloaded Edition,274983,14782.0,13408.0,1374.0,90.70491137870384,8.0,Bardzo pozytywne
53,1240440,Halo Infinite,272586,935.0,736.0,199.0,78.71657754010695,6.0,W większości pozytywne
54,3241660,R.E.P.O.,271571,6982.0,6764.0,218.0,96.8776854769407,9.0,Przytłaczająco pozytywne
55,2074920,The First Descendant,264860,942.0,606.0,336.0,64.3312101910828,5.0,Mieszane
56,899770,Last Epoch,264708,3095.0,2506.0,589.0,80.96930533117931,8.0,Bardzo pozytywne
57,1449850,Yu-Gi-Oh!  Master Duel,262689,235.0,173.0,62.0,73.61702127659574,6.0,W większości pozytywne
58,252490,Rust,262284,16612.0,14774.0,1838.0,88.93570912593306,8.0,Bardzo pozytywne
59,2001120,Split Fiction,259003,884.0,841.0,43.0,95.13574660633483,9.0,Przytłaczająco pozytywne
60,1771300,Kingdom Come: Deliverance II,256206,4901.0,4726.0,175.0,96.42930014282798,9.0,Przytłaczająco pozytywne
61,440,Team Fortress 2,253997,43531.0,40596.0,2935.0,93.25767843605706,8.0,Bardzo pozytywne
62,218,Source SDK Base 2007,251292,0.0,0.0,0.0,0.0,0.0,Brak recenzji użytkowników
63,3564740,Where Winds Meet,251008,1334.0,1165.0,169.0,87.33133433283359,8.0,Bardzo pozytywne
64,346110,ARK: Survival Evolved,248405,15937.0,14260.0,1677.0,89.47731693543327,8.0,Bardzo pozytywne
65,261550,Mount & Blade II: Bannerlord,248216,6102.0,5689.0,413.0,93.23172730252377,8.0,Bardzo pozytywne
66,218620,PAYDAY 2,247709,23496.0,22166.0,1330.0,94.33946203609123,8.0,Bardzo pozytywne
67,2507950,Delta Force,247028,2009.0,1177.0,832.0,58.586361373817816,5.0,Mieszane
68,2073850,THE FINALS,242619,3244.0,2621.0,623.0,80.7953144266338,8.0,Bardzo pozytywne
69,1966720,Lethal Company,240817,8845.0,8599.0,246.0,97.21876766534766,9.0,Przytłaczająco pozytywne
70,413150,Stardew Valley,236614,9675.0,9560.0,115.0,98.81136950904391,9.0,Przytłaczająco pozytywne
71,2139460,Once Human,231668,1749.0,1349.0,400.0,77.12978845054317,6.0,W większości pozytywne
72,1446780,MONSTER HUNTER RISE,231360,407.0,340.0,67.0,83.53808353808354,8.0,Bardzo pozytywne
73,238960,Path of Exile,229337,8318.0,7625.0,693.0,91.66867035345034,8.0,Bardzo pozytywne
74,2054970,Dragon's Dogma 2,228585,916.0,464.0,452.0,50.65502183406113,5.0,Mieszane
75,304390,FOR HONOR,225831,2726.0,2023.0,703.0,74.21129860601614,6.0,W większości pozytywne
76,2183900,"Warhammer 40,000: Space Marine 2",225690,2663.0,2439.0,224.0,91.5884340968832,8.0,Bardzo pozytywne
77,3041230,Windrose,222134,798.0,737.0,61.0,92.3558897243108,8.0,Bardzo pozytywne
78,2676230,FiveM,221685,21.0,19.0,2.0,90.47619047619048,7.0,Pozytywne
79,2592160,Dispatch,220060,2198.0,2179.0,19.0,99.13557779799818,9.0,Przytłaczająco pozytywne
80,2623190,The Elder Scrolls IV: Oblivion Remastered,216784,639.0,460.0,179.0,71.98748043818466,6.0,W większości pozytywne
81,308600,Skillshot City,214143,66.0,53.0,13.0,80.3030303030303,8.0,Bardzo pozytywne
82,275850,No Man's Sky,212613,4031.0,3689.0,342.0,91.51575291490946,8.0,Bardzo pozytywne
83,2881650,Content Warning,204439,3896.0,3706.0,190.0,95.12320328542094,9.0,Przytłaczająco pozytywne
84,1046930,Dota Underlords,202334,909.0,799.0,110.0,87.8987898789879,8.0,Bardzo pozytywne
85,359550,Tom Clancy's Rainbow Six Siege,201933,25118.0,21618.0,3500.0,86.06576956764074,8.0,Bardzo pozytywne
86,3419430,Bongo Cat,194508,2837.0,2762.0,75.0,97.35636235459994,9.0,Przytłaczająco pozytywne
87,779340,Total War: THREE KINGDOMS,192298,666.0,590.0,76.0,88.58858858858859,8.0,Bardzo pozytywne
88,3489700,Stellar Blade™,192078,709.0,682.0,27.0,96.19181946403384,9.0,Przytłaczająco pozytywne
89,230410,Warframe,189837,9762.0,9166.0,596.0,93.89469371030526,8.0,Bardzo pozytywne
90,1100600,Football Manager 2020,189464,840.0,808.0,32.0,96.1904761904762,9.0,Przytłaczająco pozytywne
91,1172710,Dune: Awakening,189333,970.0,705.0,265.0,72.68041237113401,6.0,W większości pozytywne
92,3240220,Grand Theft Auto V Enhanced,187059,4955.0,4407.0,548.0,88.94046417759839,8.0,Bardzo pozytywne
93,526870,Satisfactory,186158,3395.0,3311.0,84.0,97.52577319587628,9.0,Przytłaczająco pozytywne
94,243750,Source SDK Base 2013 Multiplayer,184888,0.0,0.0,0.0,0.0,0.0,Brak recenzji użytkowników
95,1468810,鬼谷八荒 Tale of Immortal,184171,32.0,29.0,3.0,90.625,7.0,Pozytywne
96,1363080,Manor Lords,173178,3394.0,3173.0,221.0,93.48850913376548,8.0,Bardzo pozytywne
97,1097150,Fall Guys,172213,10502.0,9259.0,1243.0,88.16415920776994,8.0,Bardzo pozytywne
98,1422450,Deadlock,171490,0.0,0.0,0.0,0.0,0.0,Brak recenzji użytkowników
99,3527290,PEAK,170759,7823.0,7533.0,290.0,96.29298223188036,9.0,Przytłaczająco pozytywne
100,2050650,Resident Evil 4,168191,2702.0,2621.0,81.0,97.0022205773501,9.0,Przytłaczająco pozytywne
101,1142710,Total War: WARHAMMER III,166754,2670.0,2138.0,532.0,80.0749063670412,8.0,Bardzo pozytywne
102,2357570,Overwatch®,165651,4358.0,1864.0,2494.0,42.771913721890776,5.0,Mieszane
103,231430,Company of Heroes 2,164688,4000.0,3638.0,362.0,90.95,8.0,Bardzo pozytywne
104,289070,Sid Meier's Civilization VI,162657,6109.0,5558.0,551.0,90.98052054346046,8.0,Bardzo pozytywne
105,550,Left 4 Dead 2,162399,14192.0,13790.0,402.0,97.1674182638106,9.0,Przytłaczająco pozytywne
106,976730,Halo: The Master Chief Collection,161024,1045.0,955.0,90.0,91.38755980861244,8.0,Bardzo pozytywne
107,1203620,Enshrouded,160405,1732.0,1564.0,168.0,90.30023094688222,8.0,Bardzo pozytywne
108,3432970,REMATCH BETA TEST,159865,107.0,96.0,11.0,89.7196261682243,8.0,Bardzo pozytywne
109,1888160,ARMORED CORE™ VI FIRES OF RUBICON™,156171,304.0,288.0,16.0,94.73684210526316,8.0,Bardzo pozytywne
110,433850,Z1 Battle Royale,151239,9441.0,6755.0,2686.0,71.54962398051053,6.0,W większości pozytywne
111,1604030,V Rising,150645,1634.0,1520.0,114.0,93.02325581395348,8.0,Bardzo pozytywne
112,431960,Wallpaper Engine,150375,10457.0,10285.0,172.0,98.35516878645883,9.0,Przytłaczająco pozytywne
113,252950,Rocket League,147632,14920.0,13442.0,1478.0,90.09383378016086,8.0,Bardzo pozytywne
114,391720,Layers of Fear (2016),145384,916.0,832.0,84.0,90.82969432314412,8.0,Bardzo pozytywne
115,1903340,Clair Obscur: Expedition 33,145063,5291.0,5188.0,103.0,98.05329805329804,9.0,Przytłaczająco pozytywne
116,203770,Crusader Kings II,141439,1700.0,1532.0,168.0,90.11764705882352,8.0,Bardzo pozytywne
117,480,Spacewar,138416,0.0,0.0,0.0,0.0,0.0,Brak recenzji użytkowników
118,2300320,Farming Simulator 25,135970,5533.0,5019.0,514.0,90.71028375203326,8.0,Bardzo pozytywne
119,3354750,skate.,134901,2350.0,1964.0,386.0,83.57446808510637,8.0,Bardzo pozytywne
120,1671210,DELTARUNE,133930,1965.0,1941.0,24.0,98.77862595419847,9.0,Przytłaczająco pozytywne
121,268500,XCOM 2,133022,1442.0,1290.0,152.0,89.45908460471568,8.0,Bardzo pozytywne
122,2452280,Mecha BREAK,132816,83.0,56.0,27.0,67.46987951807229,5.0,Mieszane
123,2277560,WUCHANG: Fallen Feathers,131518,300.0,250.0,50.0,83.33333333333334,8.0,Bardzo pozytywne
124,1973530,Limbus Company,131299,670.0,624.0,46.0,93.13432835820896,8.0,Bardzo pozytywne
125,374320,DARK SOULS™ III,129975,6692.0,6376.0,316.0,95.27794381350868,9.0,Przytłaczająco pozytywne
126,351940,The Descendant,128847,101.0,88.0,13.0,87.12871287128714,8.0,Bardzo pozytywne
127,477160,Human Fall Flat,127517,3822.0,3696.0,126.0,96.7032967032967,9.0,Przytłaczająco pozytywne
128,236390,War Thunder,125430,24972.0,20436.0,4536.0,81.8356559346468,8.0,Bardzo pozytywne
129,251570,7 Days to Die,125419,10198.0,9325.0,873.0,91.4394979407727,8.0,Bardzo pozytywne
130,814380,Sekiro™: Shadows Die Twice,125315,2955.0,2802.0,153.0,94.82233502538072,8.0,Bardzo pozytywne
131,680420,OUTRIDERS,125143,900.0,738.0,162.0,82.0,8.0,Bardzo pozytywne
132,49520,Borderlands 2,124678,5376.0,4791.0,585.0,89.11830357142857,8.0,Bardzo pozytywne
133,1790600,DRAGON BALL: Sparking! ZERO,122554,543.0,486.0,57.0,89.50276243093923,8.0,Bardzo pozytywne
134,222880,Insurgency,121575,1884.0,1693.0,191.0,89.86199575371549,8.0,Bardzo pozytywne
135,1643320,S.T.A.L.K.E.R. 2: Heart of Chornobyl,121335,3753.0,2700.0,1053.0,71.94244604316546,6.0,W większości pozytywne
136,3008130,Dying Light: The Beast,121222,4444.0,4214.0,230.0,94.82448244824482,8.0,Bardzo pozytywne
137,381210,Dead by Daylight,120717,26684.0,22866.0,3818.0,85.69180032978564,8.0,Bardzo pozytywne
138,2584990,Shadowverse: Worlds Beyond,120488,37.0,23.0,14.0,62.16216216216216,5.0,Mieszane
139,427520,Factorio,118674,4896.0,4833.0,63.0,98.71323529411764,9.0,Przytłaczająco pozytywne
140,42710,Call of Duty: Black Ops - Multiplayer,118593,167.0,162.0,5.0,97.0059880239521,8.0,Bardzo pozytywne
141,214950,Total War: ROME II - Emperor Edition,118240,2303.0,2161.0,142.0,93.83412939643942,8.0,Bardzo pozytywne
142,3405340,Megabonk,117336,3353.0,3281.0,72.0,97.85266925141664,9.0,Przytłaczająco pozytywne
143,1238810,Battlefield™ V,116104,3828.0,3100.0,728.0,80.98223615464994,8.0,Bardzo pozytywne
144,322330,Don't Starve Together,115925,18080.0,17440.0,640.0,96.46017699115043,9.0,Przytłaczająco pozytywne
145,686060,Mewgenics,115428,806.0,776.0,30.0,96.27791563275434,9.0,Przytłaczająco pozytywne
146,365590,Tom Clancy's The Division,114228,771.0,659.0,112.0,85.473411154345,8.0,Bardzo pozytywne
147,881020,Granblue Fantasy: Relink,114054,42.0,37.0,5.0,88.09523809523809,7.0,Pozytywne
148,2943650,FragPunk,113946,640.0,510.0,130.0,79.6875,6.0,W większości pozytywne
149,3097560,Liar's Bar,113798,1300.0,1258.0,42.0,96.76923076923076,9.0,Przytłaczająco pozytywne
150,3231090,Amarillo's Butt Slapper,113068,83.0,68.0,15.0,81.92771084337349,8.0,Bardzo pozytywne
151,364360,Total War: WARHAMMER,113019,1059.0,957.0,102.0,90.3682719546742,8.0,Bardzo pozytywne
152,1145350,Hades II,112947,1470.0,1452.0,18.0,98.77551020408164,9.0,Przytłaczająco pozytywne
153,10190,Call of Duty: Modern Warfare 2 (2009) - Multiplayer,112874,259.0,233.0,26.0,89.96138996138995,8.0,Bardzo pozytywne
154,739630,Phasmophobia,112717,25236.0,24128.0,1108.0,95.60944682200032,9.0,Przytłaczająco pozytywne
155,304930,Unturned,112703,26003.0,23707.0,2296.0,91.17024958658617,8.0,Bardzo pozytywne
156,1811260,EA SPORTS™ FIFA 23,110878,7392.0,4796.0,2596.0,64.88095238095238,5.0,Mieszane
157,1282100,Remnant II,110856,469.0,403.0,66.0,85.9275053304904,8.0,Bardzo pozytywne
158,2669320,EA SPORTS FC 25,110026,4860.0,2564.0,2296.0,52.757201646090536,5.0,Mieszane
159,322170,Geometry Dash,109993,18858.0,17275.0,1583.0,91.6056845900944,8.0,Bardzo pozytywne
160,242760,The Forest,109397,34879.0,33946.0,933.0,97.32503798847443,9.0,Przytłaczająco pozytywne
161,1361210,"Warhammer 40,000: Darktide",108395,1105.0,920.0,185.0,83.2579185520362,8.0,Bardzo pozytywne
162,1506830,FIFA 22,108295,6045.0,4803.0,1242.0,79.45409429280397,6.0,W większości pozytywne
163,1418630,Dread Hunger,107982,23.0,15.0,8.0,65.21739130434783,5.0,Mieszane
164,1517290,Battlefield™ 2042,107376,4019.0,2354.0,1665.0,58.57178402587708,5.0,Mieszane
165,2195250,EA SPORTS FC™ 24,107359,4647.0,2789.0,1858.0,60.01721540778997,5.0,Mieszane
166,1196590,Resident Evil Village,106631,2402.0,2339.0,63.0,97.37718567860117,9.0,Przytłaczająco pozytywne
167,1248130,Farming Simulator 22,105636,11417.0,10811.0,606.0,94.69212577734956,8.0,Bardzo pozytywne
168,782330,DOOM Eternal,104891,3307.0,3092.0,215.0,93.4986392500756,8.0,Bardzo pozytywne
169,949230,Cities: Skylines II,104697,2402.0,1409.0,993.0,58.65945045795171,5.0,Mieszane
170,552500,Warhammer: Vermintide 2,104323,2282.0,2105.0,177.0,92.24364592462751,8.0,Bardzo pozytywne
171,1260320,Party Animals,104174,392.0,355.0,37.0,90.56122448979592,8.0,Bardzo pozytywne
172,292030,The Witcher 3: Wild Hunt,103329,47503.0,46827.0,676.0,98.57693198324316,9.0,Przytłaczająco pozytywne
173,1690940,DELTARUNE (Chapter 1 & 2 DEMO),102916,0.0,0.0,0.0,0.0,0.0,Brak recenzji użytkowników
174,648800,Raft,101096,8537.0,8118.0,419.0,95.09195267658428,9.0,Przytłaczająco pozytywne
175,3405690,EA SPORTS FC™ 26,100753,3550.0,1834.0,1716.0,51.66197183098592,5.0,Mieszane
176,240,Counter-Strike: Source,100056,3882.0,3782.0,100.0,97.42400824317362,9.0,Przytłaczająco pozytywne
177,3949040,RV There Yet?,100002,2221.0,2094.0,127.0,94.28185502026112,8.0,Bardzo pozytywne
178,1174180,Red Dead Redemption 2,99993,16783.0,16046.0,737.0,95.60865161175,9.0,Przytłaczająco pozytywne
179,1158310,Crusader Kings III,98872,2749.0,2539.0,210.0,92.36085849399782,8.0,Bardzo pozytywne
180,1868140,DAVE THE DIVER,98480,556.0,545.0,11.0,98.02158273381296,9.0,Przytłaczająco pozytywne
181,620,Portal 2,98460,9319.0,9188.0,131.0,98.59426977143472,9.0,Przytłaczająco pozytywne
182,2399830,ARK: Survival Ascended,98047,1325.0,877.0,448.0,66.18867924528303,5.0,Mieszane
183,1623660,MIR4,97173,58.0,39.0,19.0,67.24137931034483,5.0,Mieszane
184,1222670,The Sims™ 4,96328,7798.0,6860.0,938.0,87.97127468581688,8.0,Bardzo pozytywne
185,379430,Kingdom Come: Deliverance,96069,4937.0,4377.0,560.0,88.65707919789347,8.0,Bardzo pozytywne
186,294100,RimWorld,96040,3696.0,3654.0,42.0,98.86363636363636,9.0,Przytłaczająco pozytywne
187,367520,Hollow Knight,95655,5811.0,5610.0,201.0,96.54104284976768,9.0,Przytłaczająco pozytywne
188,39210,FINAL FANTASY XIV Online,95150,422.0,349.0,73.0,82.70142180094787,8.0,Bardzo pozytywne
189,2567870,Chained Together,94480,1273.0,1144.0,129.0,89.86645718774548,8.0,Bardzo pozytywne
190,3681810,Blue Protocol: Star Resonance,94459,234.0,100.0,134.0,42.73504273504273,5.0,Mieszane
191,1263850,Football Manager 2021,93865,632.0,614.0,18.0,97.1518987341772,9.0,Przytłaczająco pozytywne
192,397540,Borderlands 3,93820,1746.0,1506.0,240.0,86.25429553264605,8.0,Bardzo pozytywne
193,435150,Divinity: Original Sin 2,93701,2097.0,2008.0,89.0,95.75584167858848,9.0,Przytłaczająco pozytywne
194,394360,Hearts of Iron IV,93196,17049.0,15169.0,1880.0,88.97296029092615,8.0,Bardzo pozytywne
195,204880,Sins of a Solar Empire: Rebellion,93109,208.0,187.0,21.0,89.90384615384616,8.0,Bardzo pozytywne
196,2138720,REMATCH,92841,1270.0,968.0,302.0,76.22047244094489,6.0,W większości pozytywne
197,552520,Far Cry 5,92445,6166.0,5584.0,582.0,90.56114174505352,8.0,Bardzo pozytywne
198,8930,Sid Meier's Civilization V,91363,4487.0,4378.0,109.0,97.57075997325607,9.0,Przytłaczająco pozytywne
199,287700,METAL GEAR SOLID V: THE PHANTOM PAIN,91195,1449.0,1367.0,82.0,94.34092477570738,8.0,Bardzo pozytywne
200,2977660,Cats,90669,61.0,52.0,9.0,85.24590163934425,8.0,Bardzo pozytywne
201,613100,House Flipper,90666,4683.0,4541.0,142.0,96.96775571215032,9.0,Przytłaczająco pozytywne
202,203160,Tomb Raider,89538,7243.0,7083.0,160.0,97.790970592296,9.0,Przytłaczająco pozytywne
203,2252570,Football Manager 2024,89478,888.0,850.0,38.0,95.72072072072072,9.0,Przytłaczająco pozytywne
204,1845910,Dragon Age™: The Veilguard,89418,632.0,391.0,241.0,61.86708860759494,5.0,Mieszane
205,289130,ENDLESS Legend™,89190,409.0,362.0,47.0,88.50855745721272,8.0,Bardzo pozytywne
206,3350200,情感反诈模拟器,89127,2.0,2.0,0.0,100.0,0.0,Recenzje użytkowników: 2
207,1366800,Crosshair X,89033,798.0,748.0,50.0,93.734335839599,8.0,Bardzo pozytywne
208,601150,Devil May Cry 5,88894,2076.0,2013.0,63.0,96.96531791907516,9.0,Przytłaczająco pozytywne
209,1569040,Football Manager 2022,88767,686.0,663.0,23.0,96.6472303206997,9.0,Przytłaczająco pozytywne
210,211820,Starbound,88709,976.0,912.0,64.0,93.44262295081968,8.0,Bardzo pozytywne
211,3065800,Marathon,88337,324.0,229.0,95.0,70.67901234567901,6.0,W większości pozytywne
212,3681010,Nioh 3,88045,75.0,58.0,17.0,77.33333333333333,6.0,W większości pozytywne
213,207890,Football Manager 2013,87719,10.0,10.0,0.0,100.0,7.0,Pozytywne
214,3224770,Umamusume: Pretty Derby,87453,785.0,739.0,46.0,94.14012738853503,8.0,Bardzo pozytywne
215,2456740,inZOI,87377,626.0,536.0,90.0,85.62300319488818,8.0,Bardzo pozytywne
216,671860,BattleBit Remastered,87323,2821.0,2419.0,402.0,85.74973413683091,8.0,Bardzo pozytywne
217,65980,Sid Meier's Civilization: Beyond Earth,86892,345.0,266.0,79.0,77.10144927536233,6.0,W większości pozytywne
218,42690,Call of Duty®: Modern Warfare® 3 (2011) - Multiplayer,86832,0.0,0.0,0.0,0.0,0.0,Brak recenzji użytkowników
219,1222680,Need for Speed™ Heat ,86196,8091.0,7416.0,675.0,91.65739710789768,8.0,Bardzo pozytywne
220,2679460,Metaphor: ReFantazio,85961,195.0,177.0,18.0,90.76923076923076,8.0,Bardzo pozytywne
221,1920960,VPet,85551,79.0,72.0,7.0,91.13924050632912,8.0,Bardzo pozytywne
222,594570,Total War: WARHAMMER II,84920,2505.0,2401.0,104.0,95.84830339321356,9.0,Przytłaczająco pozytywne
223,3551340,Football Manager 26,84909,885.0,387.0,498.0,43.72881355932204,5.0,Mieszane
224,1295660,Sid Meier's Civilization VII,84558,811.0,391.0,420.0,48.21208384710234,5.0,Mieszane
225,1984270,Digimon Story Time Stranger,84458,33.0,30.0,3.0,90.9090909090909,7.0,Pozytywne
226,1904540,Football Manager 2023,83715,630.0,610.0,20.0,96.82539682539682,9.0,Przytłaczająco pozytywne
227,378120,Football Manager 2016,82916,72.0,67.0,5.0,93.05555555555556,8.0,Bardzo pozytywne
228,920210,LEGO® Star Wars™: The Skywalker Saga,82517,2321.0,2200.0,121.0,94.7867298578199,8.0,Bardzo pozytywne
229,998940,隐形守护者 The Invisible Guardian,82345,0.0,0.0,0.0,0.0,0.0,Brak recenzji użytkowników
230,295270,Football Manager 2015,82071,81.0,68.0,13.0,83.9506172839506,8.0,Bardzo pozytywne
231,1551360,Forza Horizon 5,81096,10478.0,9881.0,597.0,94.3023477762932,8.0,Bardzo pozytywne
232,985810,GrandChase,79883,13.0,11.0,2.0,84.61538461538461,7.0,Pozytywne
233,438100,VRChat,79593,3182.0,2664.0,518.0,83.72093023255815,8.0,Bardzo pozytywne
234,236430,DARK SOULS™ II,79528,498.0,449.0,49.0,90.16064257028113,8.0,Bardzo pozytywne
235,231670,Football Manager 2014,79105,64.0,63.0,1.0,98.4375,8.0,Bardzo pozytywne
236,1281930,tModLoader,79101,5806.0,5582.0,224.0,96.14192214950052,9.0,Przytłaczająco pozytywne
237,221100,DayZ,78937,6973.0,5717.0,1256.0,81.9876667144701,8.0,Bardzo pozytywne
238,1118520,Paralives,78603,271.0,250.0,21.0,92.25092250922508,8.0,Bardzo pozytywne
239,424840,Little Nightmares,78169,1765.0,1690.0,75.0,95.75070821529744,9.0,Przytłaczająco pozytywne
240,1272080,PAYDAY 3,77938,1539.0,994.0,545.0,64.58739441195581,5.0,Mieszane
241,71270,Football Manager 2012,77630,5.0,5.0,0.0,100.0,0.0,Recenzje użytkowników: 5
242,3450310,Europa Universalis V,77320,813.0,588.0,225.0,72.32472324723247,6.0,W większości pozytywne
243,2215430,Ghost of Tsushima DIRECTOR'S CUT,77154,2300.0,2209.0,91.0,96.04347826086956,9.0,Przytłaczająco pozytywne
244,1794680,Vampire Survivors,77061,4868.0,4817.0,51.0,98.95234182415776,9.0,Przytłaczająco pozytywne
245,1254120,Bless Unleashed,76377,205.0,140.0,65.0,68.29268292682927,5.0,Mieszane
246,872790,Football Manager 2019,75982,303.0,293.0,10.0,96.69966996699672,8.0,Bardzo pozytywne
247,1782210,Crab Game,75967,7800.0,7253.0,547.0,92.98717948717947,8.0,Bardzo pozytywne
248,1448440,Wo Long: Fallen Dynasty,75906,57.0,39.0,18.0,68.42105263157895,5.0,Mieszane
249,1293830,Forza Horizon 4,75689,7238.0,6740.0,498.0,93.11964631113568,8.0,Bardzo pozytywne
250,632360,Risk of Rain 2,75406,2502.0,2392.0,110.0,95.603517186251,9.0,Przytłaczająco pozytywne
251,883710,Resident Evil 2,74227,3024.0,2946.0,78.0,97.42063492063492,9.0,Przytłaczająco pozytywne
252,1466860,Age of Empires IV: Anniversary Edition,73928,917.0,799.0,118.0,87.1319520174482,8.0,Bardzo pozytywne
253,227300,Euro Truck Simulator 2,73887,77991.0,76499.0,1492.0,98.08695875165084,9.0,Przytłaczająco pozytywne
254,4000,Garry's Mod,73863,38567.0,37618.0,949.0,97.53934711022376,9.0,Przytłaczająco pozytywne
255,1593500,God of War,73529,4528.0,4401.0,127.0,97.1952296819788,9.0,Przytłaczająco pozytywne
256,1151340,Fallout 76,73368,2558.0,1961.0,597.0,76.66145426114151,6.0,W większości pozytywne
257,1364780,Street Fighter™ 6,72977,141.0,115.0,26.0,81.56028368794325,8.0,Bardzo pozytywne
258,482730,Football Manager 2017,72824,181.0,175.0,6.0,96.68508287292818,8.0,Bardzo pozytywne
259,2479810,Gray Zone Warfare,72548,1121.0,846.0,275.0,75.46833184656556,6.0,W większości pozytywne
260,838350,太吾绘卷 The Scroll Of Taiwu,72533,0.0,0.0,0.0,0.0,0.0,Brak recenzji użytkowników
261,1229490,ULTRAKILL,71785,2548.0,2453.0,95.0,96.27158555729984,9.0,Przytłaczająco pozytywne
262,624090,Football Manager 2018,71575,146.0,135.0,11.0,92.46575342465754,8.0,Bardzo pozytywne
263,202990,Call of Duty: Black Ops II - Multiplayer,71228,179.0,163.0,16.0,91.06145251396649,8.0,Bardzo pozytywne
264,3768760,007 First Light,71073,444.0,429.0,15.0,96.62162162162164,8.0,Bardzo pozytywne
265,1426210,It Takes Two,71039,2021.0,1949.0,72.0,96.43740722414648,9.0,Przytłaczająco pozytywne
266,250900,The Binding of Isaac: Rebirth,70701,15562.0,15061.0,501.0,96.78061945765326,9.0,Przytłaczająco pozytywne
267,200510,XCOM: Enemy Unknown,70568,1082.0,1018.0,64.0,94.08502772643251,8.0,Bardzo pozytywne
268,529340,Victoria 3,70100,935.0,668.0,267.0,71.44385026737969,6.0,W większości pozytywne
269,232090,Killing Floor 2,69987,1535.0,1431.0,104.0,93.22475570032572,8.0,Bardzo pozytywne
270,489830,The Elder Scrolls V: Skyrim Special Edition,69906,6353.0,5992.0,361.0,94.3176452069888,8.0,Bardzo pozytywne
271,2384580,DYNASTY WARRIORS: ORIGINS,69483,16.0,16.0,0.0,100.0,7.0,Pozytywne
272,3357650,PRAGMATA,68687,447.0,430.0,17.0,96.19686800894854,8.0,Bardzo pozytywne
273,281990,Stellaris,68602,2582.0,2365.0,217.0,91.5956622773044,8.0,Bardzo pozytywne
274,513710,SCUM,68322,1013.0,781.0,232.0,77.09772951628825,6.0,W większości pozytywne
275,261640,Borderlands: The Pre-Sequel,68238,627.0,527.0,100.0,84.05103668261563,8.0,Bardzo pozytywne
276,356190,Middle-earth™: Shadow of War™,68183,2817.0,2652.0,165.0,94.1427050053248,8.0,Bardzo pozytywne
277,270550,Yet Another Zombie Defense,67959,491.0,436.0,55.0,88.79837067209776,8.0,Bardzo pozytywne
278,1454400,Cookie Clicker,67867,1563.0,1505.0,58.0,96.2891874600128,9.0,Przytłaczająco pozytywne
279,1774580,STAR WARS Jedi: Survivor™,67855,1773.0,1423.0,350.0,80.2594472645234,8.0,Bardzo pozytywne
280,1172620,Sea of Thieves,66906,9747.0,9110.0,637.0,93.4646557915256,8.0,Bardzo pozytywne
281,1817070,Marvel’s Spider-Man Remastered,66436,3018.0,2955.0,63.0,97.91252485089464,9.0,Przytłaczająco pozytywne
282,4025700,Heartopia,66118,74.0,51.0,23.0,68.91891891891892,5.0,Mieszane
283,4465480,Counter-Strike:Global Offensive,66099,2153.0,2115.0,38.0,98.23502090106828,9.0,Przytłaczająco pozytywne
284,2073620,Arena Breakout: Infinite,66007,1096.0,826.0,270.0,75.36496350364963,6.0,W większości pozytywne
285,924970,Back 4 Blood,65987,626.0,515.0,111.0,82.26837060702876,8.0,Bardzo pozytywne
286,363970,Clicker Heroes,65882,2307.0,2143.0,164.0,92.8912006935414,8.0,Bardzo pozytywne
287,3679080,The Seven Deadly Sins: Origin,65753,65.0,36.0,29.0,55.38461538461539,5.0,Mieszane
288,108600,Project Zomboid,65505,7682.0,7300.0,382.0,95.02733663108566,9.0,Przytłaczająco pozytywne
289,2322560,完蛋！我被美女包围了！,65435,12.0,9.0,3.0,75.0,6.0,W większości pozytywne
290,2993780,FANTASY LIFE i: The Girl Who Steals Time,65389,10.0,9.0,1.0,90.0,7.0,Pozytywne
291,8870,BioShock Infinite,65332,1670.0,1609.0,61.0,96.34730538922156,9.0,Przytłaczająco pozytywne
292,3159330,Assassin's Creed Shadows,64825,485.0,371.0,114.0,76.49484536082474,6.0,W większości pozytywne
293,2344520,Diablo® IV,64518,1776.0,1325.0,451.0,74.60585585585585,6.0,W większości pozytywne
294,220,Half-Life 2,64085,6488.0,6365.0,123.0,98.10419235511714,9.0,Przytłaczająco pozytywne
295,311210,Call of Duty: Black Ops III,63681,1430.0,1118.0,312.0,78.18181818181819,6.0,W większości pozytywne
296,42700,Call of Duty: Black Ops,63343,1406.0,1343.0,63.0,95.51920341394026,9.0,Przytłaczająco pozytywne
297,1371980,No Rest for the Wicked,62997,853.0,778.0,75.0,91.20750293083236,8.0,Bardzo pozytywne
298,1332010,Stray,62963,2747.0,2698.0,49.0,98.21623589370222,9.0,Przytłaczająco pozytywne
299,812140,Assassin's Creed Odyssey,62069,3695.0,3464.0,231.0,93.74830852503383,8.0,Bardzo pozytywne
300,1250410,Microsoft Flight Simulator (2020),61829,1543.0,1308.0,235.0,84.7699287103046,8.0,Bardzo pozytywne
301,1313140,Cult of the Lamb,61780,1858.0,1819.0,39.0,97.90096878363832,9.0,Przytłaczająco pozytywne
302,2000950,Call of Duty®: Modern Warfare®,61667,1157.0,1029.0,128.0,88.93690579083837,8.0,Bardzo pozytywne
303,219990,Grim Dawn,61458,1604.0,1570.0,34.0,97.88029925187033,9.0,Przytłaczająco pozytywne
304,3105440,Heroes of Might and Magic: Olden Era,60885,902.0,831.0,71.0,92.12860310421286,8.0,Bardzo pozytywne
305,444090,Paladins,60743,14847.0,13195.0,1652.0,88.87317303158888,8.0,Bardzo pozytywne
306,583950,Artifact Classic,60646,123.0,77.0,46.0,62.60162601626016,5.0,Mieszane
307,582660,Black Desert,60395,2935.0,2359.0,576.0,80.3747870528109,8.0,Bardzo pozytywne
308,255710,Cities: Skylines,60386,9283.0,8903.0,380.0,95.90649574491005,9.0,Przytłaczająco pozytywne
309,648350,Jurassic World Evolution,60296,1136.0,1075.0,61.0,94.63028169014083,8.0,Bardzo pozytywne
310,952060,Resident Evil 3,60293,1872.0,1709.0,163.0,91.29273504273505,8.0,Bardzo pozytywne
311,740130,Tales of ARISE,60274,136.0,128.0,8.0,94.11764705882352,8.0,Bardzo pozytywne
312,629760,MORDHAU,60204,1655.0,1376.0,279.0,83.14199395770393,8.0,Bardzo pozytywne
313,594650,Hunt: Showdown 1896,60124,4295.0,3449.0,846.0,80.30267753201397,8.0,Bardzo pozytywne
314,1328670,Mass Effect™ Legendary Edition,59817,1439.0,1367.0,72.0,94.99652536483669,8.0,Bardzo pozytywne
315,1366540,Dyson Sphere Program,59815,318.0,313.0,5.0,98.42767295597484,8.0,Bardzo pozytywne
316,1056640,Phantasy Star Online 2 New Genesis,59558,95.0,62.0,33.0,65.26315789473685,5.0,Mieszane
317,787860,Farming Simulator 19,59466,9211.0,8871.0,340.0,96.30876126370644,9.0,Przytłaczająco pozytywne
318,1919590,NBA 2K23,59006,1219.0,1026.0,193.0,84.16735028712058,8.0,Bardzo pozytywne
319,304050,Trove,58949,3173.0,2678.0,495.0,84.39962180901355,8.0,Bardzo pozytywne
320,834910,ATLAS,58939,385.0,234.0,151.0,60.77922077922078,5.0,Mieszane
321,3280350,DEATH STRANDING 2: ON THE BEACH,57682,235.0,227.0,8.0,96.59574468085106,8.0,Bardzo pozytywne
322,4128580,BidKing,57450,0.0,0.0,0.0,0.0,0.0,Brak recenzji użytkowników
323,813000,PUBG: Experimental Server,57414,0.0,0.0,0.0,0.0,0.0,Brak recenzji użytkowników
324,2016590,Dark and Darker,57164,1566.0,1098.0,468.0,70.11494252873564,6.0,W większości pozytywne
325,646570,Slay the Spire,57025,1692.0,1647.0,45.0,97.3404255319149,9.0,Przytłaczająco pozytywne
326,2878980,NBA 2K25,56948,693.0,517.0,176.0,74.60317460317461,6.0,W większości pozytywne
327,2321470,Deep Rock Galactic: Survivor,56943,620.0,576.0,44.0,92.90322580645162,8.0,Bardzo pozytywne
328,107410,Arma 3,56679,5834.0,5343.0,491.0,91.58381899211518,8.0,Bardzo pozytywne
329,444200,World of Tanks Blitz,56669,6625.0,5628.0,997.0,84.95094339622642,8.0,Bardzo pozytywne
330,476620,Call of Duty: WWII - Multiplayer,56627,258.0,223.0,35.0,86.43410852713178,8.0,Bardzo pozytywne
331,1151640,Horizon Zero Dawn™ Complete Edition,56557,3480.0,3232.0,248.0,92.8735632183908,8.0,Bardzo pozytywne
332,646910,The Crew 2,55907,3349.0,2683.0,666.0,80.11346670647954,8.0,Bardzo pozytywne
333,1124300,HUMANKIND™,55284,816.0,683.0,133.0,83.70098039215686,8.0,Bardzo pozytywne
334,1144200,Ready or Not,55174,6798.0,5652.0,1146.0,83.14210061782877,8.0,Bardzo pozytywne
335,597820,BIOMUTANT,55048,400.0,304.0,96.0,76.0,6.0,W większości pozytywne
336,200710,Torchlight II,54821,946.0,904.0,42.0,95.5602536997886,9.0,Przytłaczająco pozytywne
337,2852190,Monster Hunter Stories 3: Twisted Reflection,54778,18.0,17.0,1.0,94.44444444444444,7.0,Pozytywne
338,1145360,Hades,54240,3613.0,3550.0,63.0,98.25629670633822,9.0,Przytłaczająco pozytywne
339,548430,Deep Rock Galactic,54160,4871.0,4768.0,103.0,97.88544446725518,9.0,Przytłaczająco pozytywne
340,34330,Total War: SHOGUN 2,54115,1993.0,1916.0,77.0,96.13647767185148,9.0,Przytłaczająco pozytywne
341,436150,Governor of Poker 3,53943,462.0,372.0,90.0,80.51948051948052,8.0,Bardzo pozytywne
342,960090,Bloons TD 6,53943,16062.0,15673.0,389.0,97.57813472792928,9.0,Przytłaczająco pozytywne
343,1238840,Battlefield™ 1,53714,3707.0,3361.0,346.0,90.66630698678176,8.0,Bardzo pozytywne
344,372000,Tree of Savior (English Ver.),53554,123.0,82.0,41.0,66.66666666666666,5.0,Mieszane
345,3070070,TCG Card Shop Simulator,53453,243.0,237.0,6.0,97.53086419753086,8.0,Bardzo pozytywne
346,392110,ENDLESS Space™ 2,53435,434.0,395.0,39.0,91.01382488479264,8.0,Bardzo pozytywne
347,440900,Conan Exiles Enhanced,53402,2091.0,1763.0,328.0,84.31372549019608,8.0,Bardzo pozytywne
348,1721470,Poppy Playtime,52866,4979.0,4272.0,707.0,85.80036151837719,8.0,Bardzo pozytywne
349,3472040,NBA 2K26,52863,453.0,363.0,90.0,80.13245033112582,8.0,Bardzo pozytywne
350,1049590,Eternal Return,52853,287.0,236.0,51.0,82.22996515679442,8.0,Bardzo pozytywne
351,2799860,INAZUMA ELEVEN: Victory Road,52795,147.0,140.0,7.0,95.23809523809524,8.0,Bardzo pozytywne
352,1374490,RuneScape: Dragonwilds,52641,85.0,64.0,21.0,75.29411764705883,6.0,W większości pozytywne
353,1149460,Icarus,52501,619.0,500.0,119.0,80.77544426494345,8.0,Bardzo pozytywne
354,337000,Deus Ex: Mankind Divided™,52485,792.0,671.0,121.0,84.72222222222221,8.0,Bardzo pozytywne
355,236870,HITMAN™,51650,727.0,656.0,71.0,90.23383768913342,8.0,Bardzo pozytywne
356,264710,Subnautica,51446,7226.0,7085.0,141.0,98.0487129809023,9.0,Przytłaczająco pozytywne
357,2670630,Supermarket Simulator,51363,2795.0,2643.0,152.0,94.56171735241504,8.0,Bardzo pozytywne
358,1282730,Loop Hero,51156,433.0,421.0,12.0,97.22863741339492,8.0,Bardzo pozytywne
359,22380,Fallout: New Vegas,51038,150.0,142.0,8.0,94.66666666666669,8.0,Bardzo pozytywne
360,3274580,Anno 117: Pax Romana,50484,237.0,182.0,55.0,76.79324894514767,6.0,W większości pozytywne
361,286690,Metro 2033 Redux,50317,2789.0,2649.0,140.0,94.98027967013266,8.0,Bardzo pozytywne
362,24240,PAYDAY: The Heist,50316,1358.0,1273.0,85.0,93.74079528718704,8.0,Bardzo pozytywne
363,1778820,TEKKEN 8,49977,769.0,513.0,256.0,66.71001300390117,5.0,Mieszane
364,2661300,Grounded 2,49836,253.0,214.0,39.0,84.58498023715416,8.0,Bardzo pozytywne
365,3513350,Wuthering Waves,49497,522.0,475.0,47.0,90.99616858237547,8.0,Bardzo pozytywne
366,306130,The Elder Scrolls Online,49234,2797.0,2398.0,399.0,85.7347157668931,8.0,Bardzo pozytywne
367,1943950,Escape the Backrooms,48879,2379.0,2228.0,151.0,93.65279529213956,8.0,Bardzo pozytywne
368,241930,Middle-earth™: Shadow of Mordor™,48668,2668.0,2524.0,144.0,94.60269865067468,8.0,Bardzo pozytywne
369,1089350,NBA 2K20,48375,565.0,434.0,131.0,76.8141592920354,6.0,W większości pozytywne
370,617290,Remnant: From the Ashes,48289,351.0,299.0,52.0,85.18518518518519,8.0,Bardzo pozytywne
371,236850,Europa Universalis IV,48165,6965.0,6431.0,534.0,92.33309404163676,8.0,Bardzo pozytywne
372,1283700,SUPERVIVE,47913,252.0,228.0,24.0,90.47619047619048,8.0,Bardzo pozytywne
373,243470,Watch_Dogs,47887,788.0,711.0,77.0,90.22842639593908,8.0,Bardzo pozytywne
374,2709570,Supermarket Together,47836,4397.0,4200.0,197.0,95.51967250398,9.0,Przytłaczająco pozytywne
375,360430,Mafia III: Definitive Edition,47822,2487.0,1704.0,783.0,68.51628468033776,5.0,Mieszane
376,3932890,Escape from Tarkov,47800,349.0,191.0,158.0,54.72779369627507,5.0,Mieszane
377,1371580,Myth of Empires,47654,141.0,106.0,35.0,75.177304964539,6.0,W większości pozytywne
378,1928980,Nightingale,47569,71.0,45.0,26.0,63.38028169014085,5.0,Mieszane
379,3124540,Far Far West,47256,492.0,483.0,9.0,98.17073170731707,8.0,Bardzo pozytywne
380,2646460,Soulmask,46833,144.0,107.0,37.0,74.30555555555556,6.0,W większości pozytywne
381,1184370,Pathfinder: Wrath of the Righteous - Enhanced Edition,46724,468.0,409.0,59.0,87.3931623931624,8.0,Bardzo pozytywne
382,1644960,NBA 2K22,46661,441.0,344.0,97.0,78.00453514739229,6.0,W większości pozytywne
383,387990,Scrap Mechanic,46643,8875.0,8494.0,381.0,95.70704225352112,9.0,Przytłaczająco pozytywne
384,1607250,MY HERO ULTRA RUMBLE,46591,184.0,134.0,50.0,72.82608695652173,6.0,W większości pozytywne
385,1172380,STAR WARS Jedi: Fallen Order™ ,46550,4180.0,3805.0,375.0,91.02870813397128,8.0,Bardzo pozytywne
386,1621690,Core Keeper,46465,737.0,705.0,32.0,95.65807327001356,9.0,Przytłaczająco pozytywne
387,42680,Call of Duty®: Modern Warfare® 3 (2011),46327,1355.0,1274.0,81.0,94.0221402214022,8.0,Bardzo pozytywne
388,599140,Graveyard Keeper,46305,1651.0,1541.0,110.0,93.3373712901272,8.0,Bardzo pozytywne
389,2072450,Like a Dragon: Infinite Wealth,46161,151.0,143.0,8.0,94.70198675496688,8.0,Bardzo pozytywne
390,2420510,HoloCure - Save the Fans!,46155,303.0,296.0,7.0,97.6897689768977,8.0,Bardzo pozytywne
391,3117820,Sultan's Game,46106,7.0,6.0,1.0,85.71428571428571,0.0,Recenzje użytkowników: 7
392,1549250,Undecember,46103,274.0,166.0,108.0,60.58394160583942,5.0,Mieszane
393,239140,Dying Light,45876,29095.0,28424.0,671.0,97.6937618147448,9.0,Przytłaczająco pozytywne
394,2444750,Shape of Dreams,45773,93.0,88.0,5.0,94.6236559139785,8.0,Bardzo pozytywne
395,460930,Tom Clancy's Ghost Recon® Wildlands,45704,1644.0,1408.0,236.0,85.64476885644768,8.0,Bardzo pozytywne
396,3265700,Vampire Crawlers,45686,149.0,146.0,3.0,97.98657718120806,8.0,Bardzo pozytywne
397,2186680,"Warhammer 40,000: Rogue Trader",45405,533.0,486.0,47.0,91.18198874296436,8.0,Bardzo pozytywne
398,2701660,DRAGON QUEST III HD-2D Remake,45357,3.0,3.0,0.0,100.0,0.0,Recenzje użytkowników: 3
399,504370,Battlerite,45145,781.0,660.0,121.0,84.50704225352112,8.0,Bardzo pozytywne
400,1337520,Risk of Rain Returns,45141,183.0,180.0,3.0,98.36065573770492,8.0,Bardzo pozytywne
401,2161700,Persona 3 Reload,45002,429.0,417.0,12.0,97.2027972027972,8.0,Bardzo pozytywne
402,1296830,暖雪 Warm Snow,44702,18.0,18.0,0.0,100.0,7.0,Pozytywne
403,391220,Rise of the Tomb Raider,44588,3256.0,3149.0,107.0,96.7137592137592,9.0,Przytłaczająco pozytywne
404,3037410,Fish Idle 2: Underwater Mystery,44430,11.0,5.0,6.0,45.45454545454545,5.0,Mieszane
405,1313860,EA SPORTS™ FIFA 21 ,44388,2625.0,1956.0,669.0,74.5142857142857,6.0,W większości pozytywne
406,678950,DRAGON BALL FighterZ,44303,751.0,693.0,58.0,92.27696404793608,8.0,Bardzo pozytywne
407,379720,DOOM,44271,5081.0,4942.0,139.0,97.26431804762842,9.0,Przytłaczająco pozytywne
408,2379780,Balatro,43905,2136.0,2104.0,32.0,98.50187265917604,9.0,Przytłaczająco pozytywne
409,2352620,Fellowship,43841,139.0,96.0,43.0,69.06474820143885,5.0,Mieszane
410,1677740,Stumble Guys,43705,12312.0,9892.0,2420.0,80.34437946718649,8.0,Bardzo pozytywne
411,1501750,Lords of the Fallen,43075,830.0,588.0,242.0,70.8433734939759,6.0,W większości pozytywne
412,1669000,Age of Wonders 4,42877,356.0,319.0,37.0,89.60674157303372,8.0,Bardzo pozytywne
413,1631270,StarRupture,42864,527.0,482.0,45.0,91.46110056925995,8.0,Bardzo pozytywne
414,546560,Half-Life: Alyx,42858,1118.0,1096.0,22.0,98.03220035778176,9.0,Przytłaczająco pozytywne
415,3892270,Gamble With Your Friends,42848,467.0,434.0,33.0,92.93361884368308,8.0,Bardzo pozytywne
416,588430,Fallout Shelter,42656,2410.0,2225.0,185.0,92.32365145228216,8.0,Bardzo pozytywne
417,1213210,Command & Conquer™ Remastered Collection,42587,602.0,573.0,29.0,95.1827242524917,9.0,Przytłaczająco pozytywne
418,206420,Saints Row IV,42270,2979.0,2732.0,247.0,91.70862705605909,8.0,Bardzo pozytywne
419,2605790,Deep Rock Galactic: Rogue Core,42176,124.0,105.0,19.0,84.67741935483872,8.0,Bardzo pozytywne
420,848450,Subnautica: Below Zero,42115,2365.0,2215.0,150.0,93.65750528541226,8.0,Bardzo pozytywne
421,859580,Imperator: Rome,41945,372.0,278.0,94.0,74.73118279569893,6.0,W większości pozytywne
422,291650,Pillars of Eternity,41906,778.0,728.0,50.0,93.573264781491,8.0,Bardzo pozytywne
423,1483870,Draw & Guess,41766,2.0,2.0,0.0,100.0,0.0,Recenzje użytkowników: 2
424,3061570,Persona5: The Phantom X,41622,143.0,74.0,69.0,51.74825174825175,5.0,Mieszane
425,582160,Assassin's Creed Origins,41551,3242.0,2957.0,285.0,91.20913016656384,8.0,Bardzo pozytywne
426,1928420,Farlight 84,41396,491.0,394.0,97.0,80.24439918533605,8.0,Bardzo pozytywne
427,1325200,Nioh 2 – The Complete Edition,41325,257.0,229.0,28.0,89.10505836575877,8.0,Bardzo pozytywne
428,208140,ENDLESS Space™ - Definitive Edition,41263,268.0,226.0,42.0,84.32835820895522,8.0,Bardzo pozytywne
429,2796010,Party Club,40828,20.0,17.0,3.0,85.0,7.0,Pozytywne
430,2909400,FINAL FANTASY VII REBIRTH,40564,184.0,154.0,30.0,83.69565217391305,8.0,Bardzo pozytywne
431,2420110,Horizon Forbidden West™ Complete Edition,40462,937.0,875.0,62.0,93.38313767342584,8.0,Bardzo pozytywne
432,1818450,STALCRAFT: X,40311,805.0,537.0,268.0,66.70807453416148,5.0,Mieszane
433,629520,Soundpad,40096,1019.0,980.0,39.0,96.17271835132485,9.0,Przytłaczająco pozytywne
434,745920,Temtem,39572,258.0,225.0,33.0,87.20930232558139,8.0,Bardzo pozytywne
435,2784840,EGG,39524,430.0,395.0,35.0,91.86046511627907,8.0,Bardzo pozytywne
436,2744880,Climber Animals: Together,39181,8.0,6.0,2.0,75.0,0.0,Recenzje użytkowników: 8
437,1329410,雀魂麻将(MahjongSoul),39075,1.0,0.0,1.0,0.0,0.0,Recenzje użytkowników: 1
438,1942280,Brotato,38905,2546.0,2475.0,71.0,97.21131186174392,9.0,Przytłaczająco pozytywne
439,774861,Project Winter,38794,158.0,137.0,21.0,86.70886075949366,8.0,Bardzo pozytywne
440,284160,BeamNG.drive,38775,20904.0,20374.0,530.0,97.46460007654038,9.0,Przytłaczająco pozytywne
441,1604270,Broken Arrow,38753,367.0,251.0,116.0,68.39237057220708,5.0,Mieszane
442,813780,Age of Empires II: Definitive Edition,38725,1866.0,1775.0,91.0,95.12325830653803,9.0,Przytłaczająco pozytywne
443,2167580,Summoners War: Chronicles,38641,52.0,37.0,15.0,71.15384615384616,6.0,W większości pozytywne
444,703080,Planet Zoo,38630,1840.0,1741.0,99.0,94.6195652173913,8.0,Bardzo pozytywne
445,393380,Squad,38573,2173.0,1831.0,342.0,84.26138978370916,8.0,Bardzo pozytywne
446,668580,Atomic Heart,38469,701.0,624.0,77.0,89.01569186875892,8.0,Bardzo pozytywne
447,750920,Shadow of the Tomb Raider,38268,2078.0,1929.0,149.0,92.82964388835418,8.0,Bardzo pozytywne
448,1971870,Mortal Kombat 1,38129,763.0,595.0,168.0,77.98165137614679,6.0,W większości pozytywne
449,1282270,Strinova,38043,355.0,294.0,61.0,82.8169014084507,8.0,Bardzo pozytywne
450,43160,Metro: Last Light Complete Edition,37815,340.0,328.0,12.0,96.47058823529412,8.0,Bardzo pozytywne
451,3495810,Wet Passion,37733,1.0,0.0,1.0,0.0,0.0,Recenzje użytkowników: 1
452,209170,Call of Duty: Ghosts - Multiplayer,37268,42.0,32.0,10.0,76.19047619047619,6.0,W większości pozytywne
453,2349820,Hero's Land,37249,41.0,28.0,13.0,68.29268292682927,5.0,Mieszane
454,286160,Tabletop Simulator,37198,429.0,414.0,15.0,96.5034965034965,8.0,Bardzo pozytywne
455,700600,Evil Genius 2,37117,98.0,85.0,13.0,86.73469387755102,8.0,Bardzo pozytywne
456,1805320,Romestead,37047,43.0,41.0,2.0,95.34883720930232,7.0,Pozytywne
457,1304930,The Outlast Trials,36689,1195.0,1103.0,92.0,92.30125523012552,8.0,Bardzo pozytywne
458,1030840,Mafia: Definitive Edition,36679,3555.0,3320.0,235.0,93.38959212376932,8.0,Bardzo pozytywne
459,1677280,Company of Heroes 3,36646,899.0,552.0,347.0,61.40155728587319,5.0,Mieszane
460,2427700,Backpack Battles,36557,357.0,350.0,7.0,98.0392156862745,8.0,Bardzo pozytywne
461,1888930,The Last of Us™ Part I,36496,2460.0,2234.0,226.0,90.8130081300813,8.0,Bardzo pozytywne
462,1222730,STAR WARS™: Squadrons,36492,208.0,141.0,67.0,67.78846153846155,5.0,Mieszane
463,3188910,Waifu,36197,4.0,1.0,3.0,25.0,0.0,Recenzje użytkowników: 4
464,3205720,Schedule I: Free Sample,36145,823.0,790.0,33.0,95.9902794653706,9.0,Przytłaczająco pozytywne
465,319830,AX:EL,35956,20.0,13.0,7.0,65.0,5.0,Mieszane
466,882100,XCOM: Chimera Squad,35955,313.0,259.0,54.0,82.74760383386581,8.0,Bardzo pozytywne
467,1237950,STAR WARS™ Battlefront™ II,35892,3888.0,3622.0,266.0,93.15843621399176,8.0,Bardzo pozytywne
468,1527950,Wartales,35879,1056.0,966.0,90.0,91.47727272727272,8.0,Bardzo pozytywne
469,637090,BATTLETECH,35767,157.0,132.0,25.0,84.07643312101911,8.0,Bardzo pozytywne
470,2322010,God of War Ragnarök,35615,1568.0,1505.0,63.0,95.98214285714286,9.0,Przytłaczająco pozytywne
471,1601580,Frostpunk 2,35533,831.0,723.0,108.0,87.00361010830325,8.0,Bardzo pozytywne
472,1687950,Persona 5 Royal,35474,648.0,614.0,34.0,94.75308641975307,8.0,Bardzo pozytywne
473,2062430,BALL x PIT,35402,227.0,223.0,4.0,98.23788546255508,8.0,Bardzo pozytywne
474,2394010,Palworld Dedicated Server,35380,0.0,0.0,0.0,0.0,0.0,Brak recenzji użytkowników
475,1217060,Gunfire Reborn,35263,560.0,540.0,20.0,96.42857142857144,9.0,Przytłaczająco pozytywne
476,1941540,Mafia: The Old Country,35247,867.0,684.0,183.0,78.89273356401384,6.0,W większości pozytywne
477,976310,Mortal Kombat 11,35147,2446.0,2238.0,208.0,91.49632052330335,8.0,Bardzo pozytywne
478,2408820,Luma Island,35098,66.0,64.0,2.0,96.96969696969695,8.0,Bardzo pozytywne
479,34220,Football Manager 2011,34997,7.0,7.0,0.0,100.0,0.0,Recenzje użytkowników: 7
480,1277400,Monster Hunter Stories 2: Wings of Ruin,34995,59.0,58.0,1.0,98.30508474576273,8.0,Bardzo pozytywne
481,291550,Brawlhalla,34816,5884.0,4628.0,1256.0,78.65397688647178,6.0,W większości pozytywne
482,213670,South Park™: The Stick of Truth™,34811,3168.0,3107.0,61.0,98.07449494949496,9.0,Przytłaczająco pozytywne
483,1057090,Ori and the Will of the Wisps,34807,1235.0,1216.0,19.0,98.46153846153848,9.0,Przytłaczająco pozytywne
484,2622000,Astral Party ,34387,18.0,13.0,5.0,72.22222222222221,6.0,W większości pozytywne
485,55230,Saints Row: The Third,34371,3909.0,3829.0,80.0,97.9534407776925,9.0,Przytłaczająco pozytywne
486,1286830,STAR WARS™: The Old Republic™,34210,1310.0,1174.0,136.0,89.61832061068702,8.0,Bardzo pozytywne
487,535930,Two Point Hospital,34009,620.0,579.0,41.0,93.38709677419357,8.0,Bardzo pozytywne
488,678960,CODE VEIN,33895,488.0,414.0,74.0,84.8360655737705,8.0,Bardzo pozytywne
489,4356080,Burglin' Gnomes Demo,33796,0.0,0.0,0.0,0.0,0.0,Brak recenzji użytkowników
490,2104890,RoadCraft,33761,484.0,392.0,92.0,80.99173553719008,8.0,Bardzo pozytywne
491,3202030,龙胤立志传,33667,0.0,0.0,0.0,0.0,0.0,Brak recenzji użytkowników
492,70,Half-Life,33471,3375.0,3269.0,106.0,96.85925925925926,9.0,Przytłaczająco pozytywne
493,2215200,LEGO® Batman™: Legacy of the Dark Knight,33456,256.0,249.0,7.0,97.265625,8.0,Bardzo pozytywne
494,234140,Mad Max,33356,2800.0,2664.0,136.0,95.14285714285714,9.0,Przytłaczająco pozytywne
495,903950,Last Oasis,33287,268.0,188.0,80.0,70.1492537313433,6.0,W większości pozytywne
496,48700,Mount & Blade: Warband,33054,6279.0,6172.0,107.0,98.29590699155916,9.0,Przytłaczająco pozytywne
497,1665460,eFootball™,33037,1895.0,942.0,953.0,49.709762532981536,5.0,Mieszane
498,2680010,The First Berserker: Khazan,32929,285.0,267.0,18.0,93.6842105263158,8.0,Bardzo pozytywne
499,80,Counter-Strike: Condition Zero,32748,1007.0,926.0,81.0,91.9563058589871,8.0,Bardzo pozytywne
500,736190,Chinese Parents,32593,24.0,16.0,8.0,66.66666666666666,5.0,Mieszane
501,1190460,DEATH STRANDING,32515,950.0,909.0,41.0,95.6842105263158,9.0,Przytłaczająco pozytywne
502,1905180,OBS Studio,32360,876.0,827.0,49.0,94.40639269406392,8.0,Bardzo pozytywne
503,447020,Farming Simulator 17,32313,2357.0,2282.0,75.0,96.81798896902842,9.0,Przytłaczająco pozytywne
504,1035930,Nyasha,32033,5.0,5.0,0.0,100.0,0.0,Recenzje użytkowników: 5
505,962130,Grounded,32012,1042.0,981.0,61.0,94.14587332053743,8.0,Bardzo pozytywne
506,1225330,NBA 2K21,31826,255.0,183.0,72.0,71.76470588235294,6.0,W większości pozytywne
507,3419520,Quarantine Zone: The Last Check,31653,295.0,265.0,30.0,89.83050847457628,8.0,Bardzo pozytywne
508,3017860,DOOM: The Dark Ages,31470,584.0,529.0,55.0,90.58219178082192,8.0,Bardzo pozytywne
509,386360,SMITE,31169,2518.0,2155.0,363.0,85.58379666401906,8.0,Bardzo pozytywne
510,997070,Marvel's Avengers - The Definitive Edition,31165,825.0,654.0,171.0,79.27272727272727,6.0,W większości pozytywne
511,1384160,GUILTY GEAR -STRIVE-,31156,316.0,290.0,26.0,91.77215189873418,8.0,Bardzo pozytywne
512,1129580,Medieval Dynasty,31057,2690.0,2577.0,113.0,95.7992565055762,9.0,Przytłaczająco pozytywne
513,1669980,Volcano Princess,31057,26.0,24.0,2.0,92.3076923076923,7.0,Pozytywne
514,858820,Tribes of Midgard,30930,273.0,224.0,49.0,82.05128205128204,8.0,Bardzo pozytywne
515,1693980,Dead Space,30925,775.0,723.0,52.0,93.29032258064515,8.0,Bardzo pozytywne
516,2531310,The Last of Us™ Part II Remastered,30690,1094.0,1034.0,60.0,94.51553930530164,8.0,Bardzo pozytywne
517,500,Left 4 Dead,30616,1044.0,999.0,45.0,95.6896551724138,9.0,Przytłaczająco pozytywne
518,2338770,NBA 2K24,30363,1044.0,689.0,355.0,65.99616858237547,5.0,Mieszane
519,1430190,Killing Floor 3,30112,167.0,74.0,93.0,44.31137724550898,5.0,Mieszane
520,1627720,Lies of P,30095,964.0,897.0,67.0,93.04979253112032,8.0,Bardzo pozytywne
521,1113000,Persona 4 Golden,29984,640.0,622.0,18.0,97.1875,9.0,Przytłaczająco pozytywne
522,218230,PlanetSide 2,29676,1150.0,973.0,177.0,84.60869565217392,8.0,Bardzo pozytywne
523,637650,FINAL FANTASY XV WINDOWS EDITION,29498,349.0,317.0,32.0,90.83094555873924,8.0,Bardzo pozytywne
524,50130,Mafia II (Classic),29474,2729.0,2662.0,67.0,97.5448882374496,9.0,Przytłaczająco pozytywne
525,4197610,Librarian: Tidy Up the Arcane Library!,29469,151.0,147.0,4.0,97.35099337748343,8.0,Bardzo pozytywne
526,1169040,Necesse,29440,383.0,365.0,18.0,95.30026109660574,8.0,Bardzo pozytywne
527,823130,Totally Accurate Battlegrounds,29438,1701.0,1480.0,221.0,87.00764256319812,8.0,Bardzo pozytywne
528,323190,Frostpunk,29361,2915.0,2807.0,108.0,96.295025728988,9.0,Przytłaczająco pozytywne
529,427410,Abiotic Factor,29278,349.0,338.0,11.0,96.84813753581662,8.0,Bardzo pozytywne
530,841370,NBA 2K19,29202,208.0,156.0,52.0,75.0,6.0,W większości pozytywne
531,1948980,大侠立志传：碧血丹心,28936,10.0,10.0,0.0,100.0,7.0,Pozytywne
532,359320,Elite Dangerous,28923,1334.0,1139.0,195.0,85.38230884557721,8.0,Bardzo pozytywne
533,1113560,NieR Replicant ver.1.22474487139...,28684,192.0,180.0,12.0,93.75,8.0,Bardzo pozytywne
534,1079310,Elemental Girls,28636,4.0,3.0,1.0,75.0,0.0,Recenzje użytkowników: 4
535,2015270,Rotwood,28595,69.0,63.0,6.0,91.30434782608695,8.0,Bardzo pozytywne
536,1676840,For The King II,28528,144.0,115.0,29.0,79.86111111111111,6.0,W większości pozytywne
537,1938010,WILD HEARTS™,28511,36.0,16.0,20.0,44.44444444444444,5.0,Mieszane
538,1284190,The Planet Crafter,28416,1270.0,1233.0,37.0,97.08661417322834,9.0,Przytłaczająco pozytywne
539,975370,Dwarf Fortress,28340,288.0,281.0,7.0,97.56944444444444,8.0,Bardzo pozytywne
540,2651280,Marvel's Spider-Man 2,28189,1105.0,990.0,115.0,89.59276018099548,8.0,Bardzo pozytywne
541,766570,Russian Fishing 4,28073,1444.0,1260.0,184.0,87.25761772853186,8.0,Bardzo pozytywne
542,221380,Age of Empires II (2013),27927,1004.0,979.0,25.0,97.50996015936256,9.0,Przytłaczająco pozytywne
543,1237970,Titanfall® 2,27631,3210.0,3095.0,115.0,96.41744548286604,9.0,Przytłaczająco pozytywne
544,10500,Total War: EMPIRE - Definitive Edition,27559,1320.0,1248.0,72.0,94.54545454545456,8.0,Bardzo pozytywne
545,2515020,FINAL FANTASY XVI,27508,308.0,263.0,45.0,85.3896103896104,8.0,Bardzo pozytywne
546,457140,Oxygen Not Included,27486,1410.0,1381.0,29.0,97.94326241134752,9.0,Przytłaczająco pozytywne
547,2221490,Tom Clancy's The Division 2,27482,621.0,511.0,110.0,82.2866344605475,8.0,Bardzo pozytywne
548,48000,LIMBO,27466,1200.0,1127.0,73.0,93.91666666666669,8.0,Bardzo pozytywne
549,1259420,Days Gone,27450,4462.0,4292.0,170.0,96.19004930524429,9.0,Przytłaczająco pozytywne
550,208650,Batman™: Arkham Knight,27406,3100.0,2873.0,227.0,92.6774193548387,8.0,Bardzo pozytywne
551,1974050,Torchlight: Infinite,27406,340.0,267.0,73.0,78.52941176470588,6.0,W większości pozytywne
552,2499860,DRAGON QUEST VII Reimagined,27390,4.0,4.0,0.0,100.0,0.0,Recenzje użytkowników: 4
553,367500,Dragon's Dogma: Dark Arisen,27368,343.0,282.0,61.0,82.21574344023324,8.0,Bardzo pozytywne
554,44350,GRID 2,27339,5298.0,4924.0,374.0,92.94073235183087,8.0,Bardzo pozytywne
555,1307550,Craftopia,27246,41.0,31.0,10.0,75.60975609756098,6.0,W większości pozytywne
556,761890,Albion Online,27227,4372.0,3631.0,741.0,83.0512351326624,8.0,Bardzo pozytywne
557,1672500,GUNDAM BREAKER 4,27110,2.0,2.0,0.0,100.0,0.0,Recenzje użytkowników: 2
558,1154030,Titan Quest II,27099,308.0,259.0,49.0,84.0909090909091,8.0,Bardzo pozytywne
559,3557620,Blue Archive,27077,131.0,120.0,11.0,91.6030534351145,8.0,Bardzo pozytywne
560,251410,Dark Matter,27035,1.0,0.0,1.0,0.0,0.0,Recenzje użytkowników: 1
561,532790,Vampire: The Masquerade - Bloodlines 2,27020,127.0,79.0,48.0,62.20472440944882,5.0,Mieszane
562,692850,Bloodstained: Ritual of the Night,26934,77.0,71.0,6.0,92.2077922077922,8.0,Bardzo pozytywne
563,701160,Kingdom Two Crowns,26623,462.0,433.0,29.0,93.72294372294373,8.0,Bardzo pozytywne
564,569610,Distant Space,26557,77.0,61.0,16.0,79.22077922077922,6.0,W większości pozytywne
565,729040,Borderlands GOTY Enhanced,26446,517.0,436.0,81.0,84.33268858800773,8.0,Bardzo pozytywne
566,1189490,觅长生,26379,1.0,1.0,0.0,100.0,0.0,Recenzje użytkowników: 1
567,325610,Total War: ATTILA,26346,893.0,796.0,97.0,89.13773796192609,8.0,Bardzo pozytywne
568,2080690,Sunkenland,26154,155.0,139.0,16.0,89.6774193548387,8.0,Bardzo pozytywne
569,203140,Hitman: Absolution,26137,1836.0,1759.0,77.0,95.80610021786492,9.0,Przytłaczająco pozytywne
570,2218750,Halls of Torment,26061,607.0,589.0,18.0,97.03459637561778,9.0,Przytłaczająco pozytywne
571,1934680,Age of Mythology: Retold,25879,235.0,223.0,12.0,94.8936170212766,8.0,Bardzo pozytywne
572,851850,DRAGON BALL Z: KAKAROT,25852,1015.0,979.0,36.0,96.45320197044336,9.0,Przytłaczająco pozytywne
573,2918300,SPLITGATE: Arena Reloaded,25785,108.0,70.0,38.0,64.81481481481481,5.0,Mieszane
574,3058630,Assetto Corsa EVO,25752,556.0,358.0,198.0,64.38848920863309,5.0,Mieszane
575,954850,Kerbal Space Program 2,25724,306.0,92.0,214.0,30.065359477124183,4.0,W większości negatywne
576,285190,"Warhammer 40,000: Dawn of War III",25676,431.0,231.0,200.0,53.596287703016245,5.0,Mieszane
577,1466060,Tainted Grail: The Fall of Avalon,25656,814.0,754.0,60.0,92.62899262899262,8.0,Bardzo pozytywne
578,1222140,Detroit: Become Human,25615,5874.0,5736.0,138.0,97.65066394279876,9.0,Przytłaczająco pozytywne
579,1134570,F1 2021,25575,1339.0,1140.0,199.0,85.13816280806572,8.0,Bardzo pozytywne
580,1421250,Tiny Bunny,25465,18.0,17.0,1.0,94.44444444444444,7.0,Pozytywne
581,577800,NBA 2K18,25432,122.0,66.0,56.0,54.09836065573771,5.0,Mieszane
582,1367080,MOBILE SUIT GUNDAM BATTLE OPERATION 2,25422,23.0,6.0,17.0,26.08695652173913,4.0,W większości negatywne
583,1084160,Jagged Alliance 3,25366,590.0,548.0,42.0,92.8813559322034,8.0,Bardzo pozytywne
584,1034140,Subverse,25318,104.0,95.0,9.0,91.34615384615384,8.0,Bardzo pozytywne
585,916440,Anno 1800,25302,721.0,650.0,71.0,90.15256588072124,8.0,Bardzo pozytywne
586,518790,theHunter: Call of the Wild™,25235,7037.0,6697.0,340.0,95.16839562313486,9.0,Przytłaczająco pozytywne
587,1062090,Timberborn,25234,886.0,860.0,26.0,97.06546275395034,9.0,Przytłaczająco pozytywne
588,3314790,CloverPit,25190,225.0,218.0,7.0,96.88888888888889,8.0,Bardzo pozytywne
589,1692250,F1® 22,25172,869.0,633.0,236.0,72.84234752589182,6.0,W większości pozytywne
590,875210,三国群英传8 Kingdom Heroes 8,25160,0.0,0.0,0.0,0.0,0.0,Brak recenzji użytkowników
591,209000,Batman™: Arkham Origins,25017,1414.0,1319.0,95.0,93.28147100424329,8.0,Bardzo pozytywne
592,2524890,Pixel Gun 3D: PC Edition,25014,1375.0,1062.0,313.0,77.23636363636363,6.0,W większości pozytywne
593,1044720,Farthest Frontier,24910,484.0,441.0,43.0,91.11570247933884,8.0,Bardzo pozytywne
594,1874880,Arma Reforger,24907,916.0,761.0,155.0,83.07860262008734,8.0,Bardzo pozytywne
595,2537590,Microsoft Flight Simulator 2024,24863,431.0,274.0,157.0,63.57308584686775,5.0,Mieszane
596,34120,Aliens vs Predator Dedicated Server,24768,0.0,0.0,0.0,0.0,0.0,Brak recenzji użytkowników
597,10540,Football Manager 2009,24738,0.0,0.0,0.0,0.0,0.0,Brak recenzji użytkowników
598,3513700,Scarlet Idol Demo,24718,0.0,0.0,0.0,0.0,0.0,Brak recenzji użytkowników
599,1171690,Wayfinder,24712,312.0,183.0,129.0,58.65384615384615,5.0,Mieszane
600,242920,Banished,24636,468.0,407.0,61.0,86.96581196581197,8.0,Bardzo pozytywne
601,389430,Knight Online,24594,95.0,63.0,32.0,66.3157894736842,5.0,Mieszane
602,480490,Prey,24594,840.0,773.0,67.0,92.02380952380952,8.0,Bardzo pozytywne
603,719040,Wasteland 3,24555,581.0,527.0,54.0,90.70567986230635,8.0,Bardzo pozytywne
604,418460,Rising Storm 2: Vietnam,24518,816.0,745.0,71.0,91.29901960784314,8.0,Bardzo pozytywne
605,3078390,CORN,24503,4.0,2.0,2.0,50.0,0.0,Recenzje użytkowników: 4
606,570940,DARK SOULS™: REMASTERED,24501,2735.0,2593.0,142.0,94.80804387568556,8.0,Bardzo pozytywne
607,34000,Football Manager 2010,24343,0.0,0.0,0.0,0.0,0.0,Brak recenzji użytkowników
608,3780860,Hell Let Loose Vietnam: Playtest,24331,14.0,2.0,12.0,14.285714285714285,3.0,Negatywne
609,234650,Shadowrun Returns,24329,151.0,129.0,22.0,85.43046357615894,8.0,Bardzo pozytywne
610,2129530,REANIMAL,24309,176.0,142.0,34.0,80.68181818181817,8.0,Bardzo pozytywne
611,1066780,Transport Fever 2,24308,873.0,812.0,61.0,93.01260022909509,8.0,Bardzo pozytywne
612,1859910,活俠傳,24278,0.0,0.0,0.0,0.0,0.0,Brak recenzji użytkowników
613,1407200,World of Tanks,24172,6341.0,5457.0,884.0,86.05898123324397,8.0,Bardzo pozytywne
614,453480,Shadowverse,24167,78.0,68.0,10.0,87.17948717948718,8.0,Bardzo pozytywne
615,3241970,Heroes of Might and Magic: Olden Era Demo,24157,268.0,189.0,79.0,70.52238805970148,6.0,W większości pozytywne
616,1496790,Gotham Knights,24138,420.0,278.0,142.0,66.19047619047619,5.0,Mieszane
617,1250,Killing Floor,24107,1053.0,993.0,60.0,94.30199430199433,8.0,Bardzo pozytywne
618,4164420,My Winter Car,24107,1540.0,1449.0,91.0,94.0909090909091,8.0,Bardzo pozytywne
619,2707930,Palia,24104,451.0,392.0,59.0,86.91796008869179,8.0,Bardzo pozytywne
620,3146520,WEBFISHING,24085,755.0,738.0,17.0,97.74834437086092,9.0,Przytłaczająco pozytywne
621,645630,Car Mechanic Simulator 2018,24045,2852.0,2668.0,184.0,93.5483870967742,8.0,Bardzo pozytywne
622,1080110,F1 2020,24010,1393.0,1312.0,81.0,94.18521177315148,8.0,Bardzo pozytywne
623,524220,NieR:Automata™,23908,1307.0,1230.0,77.0,94.10864575363428,8.0,Bardzo pozytywne
624,244850,Space Engineers,23888,2333.0,2176.0,157.0,93.27046720960138,8.0,Bardzo pozytywne
625,3948120,Scritchy Scratchy,23881,291.0,273.0,18.0,93.81443298969072,8.0,Bardzo pozytywne
626,858810,Dawn of Man,23864,196.0,186.0,10.0,94.89795918367348,8.0,Bardzo pozytywne
627,1940340,Darkest Dungeon® II,23800,424.0,344.0,80.0,81.13207547169812,8.0,Bardzo pozytywne
628,464920,Surviving Mars,23744,535.0,458.0,77.0,85.60747663551402,8.0,Bardzo pozytywne
629,2527500,MiSide,23741,1273.0,1250.0,23.0,98.19324430479185,9.0,Przytłaczająco pozytywne
630,2124490,SILENT HILL 2,23676,943.0,911.0,32.0,96.60657476139978,9.0,Przytłaczająco pozytywne
631,8980,Borderlands GOTY,23655,669.0,615.0,54.0,91.92825112107624,8.0,Bardzo pozytywne
632,1325860,VTube Studio,23651,46.0,36.0,10.0,78.26086956521739,6.0,W większości pozytywne
633,220200,Kerbal Space Program,23482,2065.0,2020.0,45.0,97.82082324455206,9.0,Przytłaczająco pozytywne
634,225540,Just Cause 3,23459,2828.0,2577.0,251.0,91.12446958981612,8.0,Bardzo pozytywne
635,1111030,Hentai Bad Girls,23438,15.0,13.0,2.0,86.66666666666667,7.0,Pozytywne
636,3301060,Desktop Mate,23420,85.0,63.0,22.0,74.11764705882354,6.0,W większości pozytywne
637,220240,Far Cry® 3,23065,3340.0,3139.0,201.0,93.98203592814372,8.0,Bardzo pozytywne
638,346900,AdVenture Capitalist,22998,2005.0,1865.0,140.0,93.01745635910224,8.0,Bardzo pozytywne
639,411300,ELEX,22969,1419.0,1212.0,207.0,85.41226215644821,8.0,Bardzo pozytywne
640,323470,DRAGON BALL XENOVERSE,22850,412.0,379.0,33.0,91.99029126213593,8.0,Bardzo pozytywne
641,1876890,Wandering Sword,22824,12.0,12.0,0.0,100.0,7.0,Pozytywne
642,1253920,Rogue Legacy 2,22811,190.0,178.0,12.0,93.6842105263158,8.0,Bardzo pozytywne
643,2250040,Crosshair V2,22805,278.0,236.0,42.0,84.89208633093526,8.0,Bardzo pozytywne
644,712100,A Total War Saga: THRONES OF BRITANNIA,22797,284.0,230.0,54.0,80.98591549295774,8.0,Bardzo pozytywne
645,495420,State of Decay 2,22728,518.0,423.0,95.0,81.66023166023166,8.0,Bardzo pozytywne
646,560130,Pillars of Eternity II: Deadfire,22724,533.0,504.0,29.0,94.55909943714822,8.0,Bardzo pozytywne
647,1392860,Little Nightmares III,22653,155.0,88.0,67.0,56.774193548387096,5.0,Mieszane
648,640820,Pathfinder: Kingmaker,22643,367.0,295.0,72.0,80.38147138964578,8.0,Bardzo pozytywne
649,2947440,SILENT HILL f,22621,283.0,222.0,61.0,78.4452296819788,6.0,W większości pozytywne
650,10180,Call of Duty: Modern Warfare 2 (2009),22614,1820.0,1754.0,66.0,96.37362637362638,9.0,Przytłaczająco pozytywne
651,3059520,F1® 25,22595,1225.0,1113.0,112.0,90.85714285714286,8.0,Bardzo pozytywne
652,1190000,Car Mechanic Simulator 2021,22561,1712.0,1660.0,52.0,96.96261682242992,9.0,Przytłaczająco pozytywne
653,403640,Dishonored 2,22411,1120.0,1068.0,52.0,95.35714285714286,9.0,Przytłaczająco pozytywne
654,644930,They Are Billions,22395,802.0,753.0,49.0,93.89027431421448,8.0,Bardzo pozytywne
655,2296990,We Were Here Expeditions: The FriendShip,22392,337.0,311.0,26.0,92.28486646884274,8.0,Bardzo pozytywne
656,1757300,Jump Space,22365,87.0,77.0,10.0,88.50574712643679,8.0,Bardzo pozytywne
657,3061810,Like a Dragon: Pirate Yakuza in Hawaii,22327,91.0,87.0,4.0,95.6043956043956,8.0,Bardzo pozytywne
658,2426960,Summoners War,22281,81.0,63.0,18.0,77.77777777777779,6.0,W większości pozytywne
659,2225070,Trackmania,22128,475.0,359.0,116.0,75.57894736842105,6.0,W większości pozytywne
660,1850570,DEATH STRANDING DIRECTOR'S CUT,22080,697.0,655.0,42.0,93.974175035868,8.0,Bardzo pozytywne
661,493340,Planet Coaster,21971,353.0,317.0,36.0,89.80169971671388,8.0,Bardzo pozytywne
662,1190970,House Flipper 2,21945,871.0,806.0,65.0,92.53731343283582,8.0,Bardzo pozytywne
663,824550,SD GUNDAM BATTLE ALLIANCE,21909,2.0,2.0,0.0,100.0,0.0,Recenzje użytkowników: 2
664,65800,Dungeon Defenders,21862,243.0,230.0,13.0,94.65020576131688,8.0,Bardzo pozytywne
665,1084600,My Time at Sandrock,21778,125.0,123.0,2.0,98.4,8.0,Bardzo pozytywne
666,1875830,Shin Megami Tensei V: Vengeance,21749,49.0,47.0,2.0,95.91836734693877,7.0,Pozytywne
667,780310,The Riftbreaker,21741,396.0,382.0,14.0,96.46464646464646,8.0,Bardzo pozytywne
668,626690,Sword Art Online: Fatal Bullet,21727,119.0,111.0,8.0,93.27731092436974,8.0,Bardzo pozytywne
669,488790,South Park The Fractured But Whole,21609,886.0,825.0,61.0,93.11512415349888,8.0,Bardzo pozytywne
670,2397300,Half Sword,21604,432.0,280.0,152.0,64.81481481481481,5.0,Mieszane
671,1476970,Legends of Idleon MMO,21533,541.0,451.0,90.0,83.3641404805915,8.0,Bardzo pozytywne
672,1657630,Slime Rancher 2,21524,1545.0,1512.0,33.0,97.86407766990293,9.0,Przytłaczająco pozytywne
673,601510,Yu-Gi-Oh! Duel Links,21520,183.0,162.0,21.0,88.52459016393442,8.0,Bardzo pozytywne
674,2437170,SMITE 2,21481,294.0,158.0,136.0,53.74149659863946,5.0,Mieszane
675,2958130,Jurassic World Evolution 3,21387,296.0,290.0,6.0,97.97297297297295,8.0,Bardzo pozytywne
676,686810,Hell Let Loose,21385,3409.0,2904.0,505.0,85.18627163391024,8.0,Bardzo pozytywne
677,2791440,Brighter Shores,21272,37.0,19.0,18.0,51.35135135135135,5.0,Mieszane
678,619820,Heroes of Hammerwatch II,21237,44.0,39.0,5.0,88.63636363636364,7.0,Pozytywne
679,2968420,PowerWash Simulator 2,21150,122.0,118.0,4.0,96.72131147540983,8.0,Bardzo pozytywne
680,2849080,Kingdom Rush 5: Alliance TD,21133,150.0,143.0,7.0,95.33333333333334,8.0,Bardzo pozytywne
681,1961460,Project Playtime,21105,1634.0,1357.0,277.0,83.04773561811506,8.0,Bardzo pozytywne
682,1094520,Sands of Salzaar,21047,22.0,18.0,4.0,81.81818181818183,7.0,Pozytywne
683,996470,eFootball PES 2020,21018,352.0,254.0,98.0,72.1590909090909,6.0,W większości pozytywne
684,1004640,FINAL FANTASY TACTICS - The Ivalice Chronicles,21010,18.0,18.0,0.0,100.0,7.0,Pozytywne
685,1244460,Jurassic World Evolution 2,20993,1781.0,1725.0,56.0,96.85569904548008,9.0,Przytłaczająco pozytywne
686,880940,Pummel Party,20957,1211.0,1128.0,83.0,93.14616019818332,8.0,Bardzo pozytywne
687,2543180,POPUCOM,20919,0.0,0.0,0.0,0.0,0.0,Brak recenzji użytkowników
688,993090,Lossless Scaling,20903,552.0,483.0,69.0,87.5,8.0,Bardzo pozytywne
689,2666510,Rusty's Retirement,20876,72.0,70.0,2.0,97.2222222222222,8.0,Bardzo pozytywne
690,376210,The Isle,20814,3670.0,3285.0,385.0,89.50953678474114,8.0,Bardzo pozytywne
691,431240,Golf With Your Friends,20750,2106.0,1842.0,264.0,87.46438746438746,8.0,Bardzo pozytywne
692,1259970,eFootball PES 2021 SEASON UPDATE,20674,494.0,376.0,118.0,76.11336032388664,6.0,W większości pozytywne
693,400,Portal,20672,3646.0,3581.0,65.0,98.21722435545804,9.0,Przytłaczająco pozytywne
694,2432860,MENACE,20623,154.0,148.0,6.0,96.1038961038961,8.0,Bardzo pozytywne
695,2763740,Revolution Idle,20515,234.0,219.0,15.0,93.5897435897436,8.0,Bardzo pozytywne
696,383180,Dead Island Riptide Definitive Edition,20476,459.0,363.0,96.0,79.08496732026144,6.0,W większości pozytywne
697,418370,Resident Evil 7 Biohazard,20449,2263.0,2175.0,88.0,96.11135660627484,9.0,Przytłaczająco pozytywne
698,4069520,Super Battle Golf,20421,28.0,27.0,1.0,96.42857142857144,7.0,Pozytywne
699,578650,The Outer Worlds,20349,349.0,299.0,50.0,85.67335243553008,8.0,Bardzo pozytywne
700,310560,DiRT Rally,20343,1625.0,1436.0,189.0,88.36923076923077,8.0,Bardzo pozytywne
701,623990,Tom Clancy's Rainbow Six Siege - Test Server,20306,0.0,0.0,0.0,0.0,0.0,Brak recenzji użytkowników
702,244210,Assetto Corsa,20299,6400.0,6011.0,389.0,93.921875,8.0,Bardzo pozytywne
703,2445690,Lost Castle 2,20280,12.0,10.0,2.0,83.33333333333334,7.0,Pozytywne
704,815370,Green Hell,20259,3981.0,3643.0,338.0,91.50967093695051,8.0,Bardzo pozytywne
705,329000,Data Hacker: Corruption,20258,2.0,0.0,2.0,0.0,0.0,Recenzje użytkowników: 2
706,466560,Northgard: Definitive Edition,20235,1487.0,1368.0,119.0,91.99731002017484,8.0,Bardzo pozytywne
707,2835570,Buckshot Roulette,20226,2762.0,2644.0,118.0,95.72773352643011,9.0,Przytłaczająco pozytywne
708,3526710,Everything is Crab,20208,39.0,38.0,1.0,97.43589743589745,7.0,Pozytywne
709,1973710,ヘブンバーンズレッド,20201,3.0,3.0,0.0,100.0,0.0,Recenzje użytkowników: 3
710,933110,Age of Empires III: Definitive Edition,20146,723.0,638.0,85.0,88.24343015214384,8.0,Bardzo pozytywne
711,1252330,DEATHLOOP,20094,380.0,311.0,69.0,81.84210526315789,8.0,Bardzo pozytywne
712,1220010,Home Behind 2,20081,3.0,2.0,1.0,66.66666666666666,0.0,Recenzje użytkowników: 3
713,2369390,Far Cry 6,20080,914.0,727.0,187.0,79.54048140043764,6.0,W większości pozytywne
714,262060,Darkest Dungeon®,20064,4037.0,3882.0,155.0,96.16051523408473,9.0,Przytłaczająco pozytywne
715,2688950,Planet Coaster 2,20048,64.0,56.0,8.0,87.5,8.0,Bardzo pozytywne
716,205100,Dishonored,19938,1214.0,1193.0,21.0,98.27018121911036,9.0,Przytłaczająco pozytywne
717,1404210,Red Dead Online,19921,1879.0,1621.0,258.0,86.26929217668973,8.0,Bardzo pozytywne
718,2128940,人魅,19912,0.0,0.0,0.0,0.0,0.0,Brak recenzji użytkowników
719,3167550,Tiny Pasture,19732,56.0,55.0,1.0,98.21428571428572,8.0,Bardzo pozytywne
720,602960,Barotrauma,19655,1379.0,1314.0,65.0,95.286439448876,9.0,Przytłaczająco pozytywne
721,2417610,METAL GEAR SOLID Δ: SNAKE EATER,19634,159.0,136.0,23.0,85.53459119496856,8.0,Bardzo pozytywne
722,2285150,The Front,19585,135.0,88.0,47.0,65.18518518518519,5.0,Mieszane
723,475150,Titan Quest Anniversary Edition,19497,1564.0,1468.0,96.0,93.8618925831202,8.0,Bardzo pozytywne
724,226840,Age of Wonders III,19469,392.0,343.0,49.0,87.5,8.0,Bardzo pozytywne
725,2185060,Two Point Museum,19439,102.0,98.0,4.0,96.07843137254902,8.0,Bardzo pozytywne
726,454650,DRAGON BALL XENOVERSE 2,19416,904.0,861.0,43.0,95.2433628318584,9.0,Przytłaczająco pozytywne
727,476600,Call of Duty: WWII,19406,2121.0,1807.0,314.0,85.1956624233852,8.0,Bardzo pozytywne
728,1465460,Infection Free Zone,19380,412.0,378.0,34.0,91.747572815534,8.0,Bardzo pozytywne
729,212680,FTL: Faster Than Light,19301,827.0,792.0,35.0,95.76783555018136,9.0,Przytłaczająco pozytywne
730,1869590,Omega Strikers,19257,176.0,148.0,28.0,84.0909090909091,8.0,Bardzo pozytywne
731,1569580,Blue Prince,19243,82.0,74.0,8.0,90.2439024390244,8.0,Bardzo pozytywne
732,2457220,Avowed,19198,124.0,89.0,35.0,71.7741935483871,6.0,W większości pozytywne
733,1237320,Sonic Frontiers,19181,213.0,195.0,18.0,91.54929577464787,8.0,Bardzo pozytywne
734,2208920,Assassin's Creed Valhalla,19181,1487.0,1175.0,312.0,79.01815736381977,6.0,W większości pozytywne
735,835570,Conqueror's Blade,19178,216.0,161.0,55.0,74.53703703703704,6.0,W większości pozytywne
736,33930,Arma 2: Operation Arrowhead,19175,430.0,397.0,33.0,92.32558139534883,8.0,Bardzo pozytywne
737,270880,American Truck Simulator,19153,5981.0,5838.0,143.0,97.60909546898512,9.0,Przytłaczająco pozytywne
738,3020510,Legend of Heroes: Three Kingdoms,19153,0.0,0.0,0.0,0.0,0.0,Brak recenzji użytkowników
739,268910,Cuphead,19026,3091.0,2963.0,128.0,95.8589453251375,9.0,Przytłaczająco pozytywne
740,1147560,Skul: The Hero Slayer,18970,294.0,279.0,15.0,94.89795918367348,8.0,Bardzo pozytywne
741,1997040,MARVEL SNAP,18967,397.0,326.0,71.0,82.11586901763224,8.0,Bardzo pozytywne
742,389730,TEKKEN 7,18966,1604.0,1453.0,151.0,90.5860349127182,8.0,Bardzo pozytywne
743,274170,Hotline Miami 2: Wrong Number,18950,1668.0,1580.0,88.0,94.7242206235012,8.0,Bardzo pozytywne
744,2288150,ROMANCE OF THE THREE KINGDOMS 8  REMAKE,18948,0.0,0.0,0.0,0.0,0.0,Brak recenzji użytkowników
745,15620,"Warhammer 40,000: Dawn of War II - Anniversary Edition",18862,602.0,555.0,47.0,92.19269102990032,8.0,Bardzo pozytywne
746,2066020,Soulstone Survivors,18854,493.0,476.0,17.0,96.55172413793105,8.0,Bardzo pozytywne
747,2103140,Magicraft,18834,63.0,62.0,1.0,98.4126984126984,8.0,Bardzo pozytywne
748,493520,GTFO,18813,426.0,335.0,91.0,78.63849765258216,6.0,W większości pozytywne
749,2162800,shapez 2 - Factory,18806,128.0,126.0,2.0,98.4375,8.0,Bardzo pozytywne
750,461040,PICO PARK:Classic Edition,18798,139.0,112.0,27.0,80.57553956834532,8.0,Bardzo pozytywne
751,236110,Dungeon Defenders II,18785,716.0,628.0,88.0,87.70949720670392,8.0,Bardzo pozytywne
752,934700,Dead Island 2,18721,682.0,550.0,132.0,80.64516129032258,8.0,Bardzo pozytywne
753,313160,Farming Simulator 15,18711,1063.0,1024.0,39.0,96.33113828786452,9.0,Przytłaczająco pozytywne
754,585690,Minimalism,18698,65.0,44.0,21.0,67.6923076923077,5.0,Mieszane
755,2291060,EARTH DEFENSE FORCE 6,18641,11.0,11.0,0.0,100.0,7.0,Pozytywne
756,261030,The Walking Dead: Season Two,18627,1576.0,1558.0,18.0,98.85786802030458,9.0,Przytłaczająco pozytywne
757,3165720,Fellowship Playtest,18609,0.0,0.0,0.0,0.0,0.0,Brak recenzji użytkowników
758,2119830,MISERY,18585,939.0,850.0,89.0,90.52183173588924,8.0,Bardzo pozytywne
759,627690,Idle Champions of the Forgotten Realms,18578,246.0,212.0,34.0,86.1788617886179,8.0,Bardzo pozytywne
760,885970,Total War: ROME REMASTERED,18526,231.0,196.0,35.0,84.84848484848484,8.0,Bardzo pozytywne
761,1458140,Pacific Drive,18507,337.0,284.0,53.0,84.27299703264094,8.0,Bardzo pozytywne
762,2742830,Monster Train 2,18503,46.0,44.0,2.0,95.65217391304348,7.0,Pozytywne
763,690830,Foundation,18448,412.0,370.0,42.0,89.80582524271846,8.0,Bardzo pozytywne
764,239160,Thief,18352,667.0,556.0,111.0,83.35832083958022,8.0,Bardzo pozytywne
765,955900,Amazing Cultivation Simulator,18349,12.0,11.0,1.0,91.66666666666666,7.0,Pozytywne
766,202970,Call of Duty: Black Ops II,18277,995.0,912.0,83.0,91.65829145728644,8.0,Bardzo pozytywne
767,3556750,"Warhammer 40,000: Dawn of War - Definitive Edition",18262,270.0,234.0,36.0,86.66666666666667,8.0,Bardzo pozytywne
768,319630,Life is Strange™,18260,3959.0,3850.0,109.0,97.24677948977016,9.0,Przytłaczająco pozytywne
769,1449110,The Outer Worlds 2,18251,58.0,47.0,11.0,81.03448275862068,8.0,Bardzo pozytywne
770,2135150,Elin,18239,29.0,29.0,0.0,100.0,7.0,Pozytywne
771,447040,Watch_Dogs 2,18138,1467.0,1297.0,170.0,88.41172460804363,8.0,Bardzo pozytywne
772,1601570,The Alters,18120,591.0,565.0,26.0,95.60067681895092,9.0,Przytłaczająco pozytywne
773,9200,RAGE,18059,483.0,415.0,68.0,85.92132505175984,8.0,Bardzo pozytywne
774,2141910,Magic: The Gathering Arena,18047,165.0,109.0,56.0,66.06060606060606,5.0,Mieszane
775,2753900,The King is Watching,17988,94.0,90.0,4.0,95.74468085106383,8.0,Bardzo pozytywne
776,361420,ASTRONEER,17986,3881.0,3726.0,155.0,96.00618397320278,9.0,Przytłaczająco pozytywne
777,246620,Plague Inc: Evolved,17889,1951.0,1845.0,106.0,94.5668887749872,8.0,Bardzo pozytywne
778,244160,Homeworld Remastered Collection,17790,178.0,167.0,11.0,93.82022471910112,8.0,Bardzo pozytywne
779,216150,MapleStory,17750,61.0,46.0,15.0,75.40983606557377,6.0,W większości pozytywne
780,505460,Foxhole,17704,718.0,607.0,111.0,84.54038997214485,8.0,Bardzo pozytywne
781,24200,DC Universe Online,17701,237.0,191.0,46.0,80.59071729957806,8.0,Bardzo pozytywne
782,471710,Rec Room,17678,2070.0,1919.0,151.0,92.70531400966183,8.0,Bardzo pozytywne
783,3564400,ウマ娘 プリティーダービー,17644,0.0,0.0,0.0,0.0,0.0,Brak recenzji użytkowników
784,1544020,The Callisto Protocol,17580,630.0,464.0,166.0,73.65079365079366,6.0,W większości pozytywne
785,383870,Firewatch,17568,1181.0,1125.0,56.0,95.25825571549534,9.0,Przytłaczająco pozytywne
786,611500,Quake Champions,17476,1126.0,918.0,208.0,81.52753108348135,8.0,Bardzo pozytywne
787,3716600,Mage Arena,17404,386.0,365.0,21.0,94.55958549222798,8.0,Bardzo pozytywne
788,312660,Sniper Elite 4,17366,1785.0,1671.0,114.0,93.61344537815124,8.0,Bardzo pozytywne
789,1273400,Construction Simulator,17365,712.0,639.0,73.0,89.74719101123596,8.0,Bardzo pozytywne
790,728880,Overcooked! 2,17356,726.0,682.0,44.0,93.93939393939394,8.0,Bardzo pozytywne
791,525300,Starship Annihilator,17248,4.0,2.0,2.0,50.0,0.0,Recenzje użytkowników: 4
792,4214820,Game of Thrones Kingsroad,17224,0.0,0.0,0.0,0.0,0.0,Brak recenzji użytkowników
793,747660,Five Nights at Freddy's: Security Breach,17219,2509.0,2309.0,200.0,92.02869669190912,8.0,Bardzo pozytywne
794,207140,SpeedRunners,17212,782.0,728.0,54.0,93.09462915601024,8.0,Bardzo pozytywne
795,1433140,The Texas Chain Saw Massacre,17198,271.0,205.0,66.0,75.64575645756457,6.0,W większości pozytywne
796,1113120,IXION,17189,165.0,145.0,20.0,87.87878787878788,8.0,Bardzo pozytywne
797,3478050,Road to Empress I,17170,16.0,16.0,0.0,100.0,7.0,Pozytywne
798,2157830,John Carpenter's Toxic Commando,17158,66.0,56.0,10.0,84.84848484848484,8.0,Bardzo pozytywne
799,1276390,Bloons TD Battles 2,17137,2124.0,1901.0,223.0,89.50094161958569,8.0,Bardzo pozytywne
800,1617400,The Bazaar,17136,43.0,35.0,8.0,81.3953488372093,7.0,Pozytywne
801,1566690,Outpost: Infinity Siege,17128,40.0,33.0,7.0,82.5,7.0,Pozytywne
802,1092790,Inscryption,17072,927.0,893.0,34.0,96.33225458468176,9.0,Przytłaczająco pozytywne
803,433340,Slime Rancher,17059,3851.0,3779.0,72.0,98.1303557517528,9.0,Przytłaczająco pozytywne
804,1118200,People Playground,17015,11568.0,11362.0,206.0,98.2192254495159,9.0,Przytłaczająco pozytywne
805,1971650,OCTOPATH TRAVELER II,17008,29.0,26.0,3.0,89.65517241379311,7.0,Pozytywne
806,898750,Super Robot Wars 30,17005,9.0,9.0,0.0,100.0,0.0,Recenzje użytkowników: 9
807,939960,Far Cry New Dawn,16975,1066.0,875.0,191.0,82.08255159474672,8.0,Bardzo pozytywne
808,298110,Far Cry 4,16963,2289.0,2053.0,236.0,89.68982088248143,8.0,Bardzo pozytywne
809,1824220,Chivalry 2,16959,732.0,624.0,108.0,85.24590163934425,8.0,Bardzo pozytywne
810,1504980,It Takes Two Friend's Pass,16827,4.0,3.0,1.0,75.0,0.0,Recenzje użytkowników: 4
811,1509960,PICO PARK,16802,325.0,293.0,32.0,90.15384615384616,8.0,Bardzo pozytywne
812,219740,Don't Starve,16796,3639.0,3557.0,82.0,97.74663369057434,9.0,Przytłaczająco pozytywne
813,3142050,Warborne Above Ashes,16771,76.0,44.0,32.0,57.89473684210527,5.0,Mieszane
814,1625450,Muck,16715,6377.0,5997.0,380.0,94.04108514975694,8.0,Bardzo pozytywne
815,3609080,StarSavior,16599,14.0,13.0,1.0,92.85714285714286,7.0,Pozytywne
816,35450,Rising Storm/Red Orchestra 2 Multiplayer,16551,810.0,763.0,47.0,94.19753086419752,8.0,Bardzo pozytywne
817,269210,Hero Siege,16518,1217.0,960.0,257.0,78.88249794576828,6.0,W większości pozytywne
818,872410,ROMANCE OF THE THREE KINGDOMS XIV,16482,2.0,1.0,1.0,50.0,0.0,Recenzje użytkowników: 2
819,2406770,Bodycam,16457,456.0,376.0,80.0,82.45614035087719,8.0,Bardzo pozytywne
820,429470,Space Pilgrim Episode I: Alpha Centauri,16445,40.0,32.0,8.0,80.0,7.0,Pozytywne
821,2455640,Romancing SaGa 2: Revenge of the Seven,16429,4.0,4.0,0.0,100.0,0.0,Recenzje użytkowników: 4
822,3054490,Shrimp,16392,7.0,6.0,1.0,85.71428571428571,0.0,Recenzje użytkowników: 7
823,1268750,Starship Troopers: Extermination,16372,131.0,104.0,27.0,79.38931297709924,6.0,W większości pozytywne
824,606880,GreedFall,16345,613.0,491.0,122.0,80.0978792822186,8.0,Bardzo pozytywne
825,2543510,GUNTOUCHABLES,16284,39.0,34.0,5.0,87.17948717948718,7.0,Pozytywne
826,1949740,Banana Shooter,16242,499.0,431.0,68.0,86.37274549098196,8.0,Bardzo pozytywne
827,3590,Plants vs. Zombies: Game of the Year,16225,1968.0,1946.0,22.0,98.8821138211382,9.0,Przytłaczająco pozytywne
828,233450,Prison Architect,16211,2301.0,2197.0,104.0,95.48022598870055,9.0,Przytłaczająco pozytywne
829,1473480,A.V.A Global,16199,48.0,24.0,24.0,50.0,5.0,Mieszane
830,1189630,俠之道(PathOfWuxia),16175,1.0,1.0,0.0,100.0,0.0,Recenzje użytkowników: 1
831,612880,Wolfenstein II: The New Colossus,16141,1668.0,1511.0,157.0,90.58752997601918,8.0,Bardzo pozytywne
832,427290,Vampyr,16120,598.0,485.0,113.0,81.10367892976589,8.0,Bardzo pozytywne
833,3024040,Stronghold Crusader: Definitive Edition,16109,817.0,766.0,51.0,93.7576499388005,8.0,Bardzo pozytywne
834,242050,Assassin's Creed IV Black Flag,16049,1505.0,1410.0,95.0,93.687707641196,8.0,Bardzo pozytywne
835,204360,Castle Crashers,16013,2291.0,2221.0,70.0,96.94456569183762,9.0,Przytłaczająco pozytywne
836,550650,Black Squad,15939,1432.0,1128.0,304.0,78.77094972067039,6.0,W większości pozytywne
837,2781320,SMITE 2 - Public Test,15919,4.0,1.0,3.0,25.0,0.0,Recenzje użytkowników: 4
838,1335830,Len's Island,15912,61.0,54.0,7.0,88.52459016393442,8.0,Bardzo pozytywne
839,2334730,Death Must Die,15905,352.0,339.0,13.0,96.30681818181816,8.0,Bardzo pozytywne
840,386940,Ultimate Chicken Horse,15874,2976.0,2848.0,128.0,95.6989247311828,9.0,Przytłaczająco pozytywne
841,2634950,Tokyo Xtreme Racer,15824,110.0,106.0,4.0,96.36363636363636,8.0,Bardzo pozytywne
842,311690,Enter the Gungeon,15792,1800.0,1728.0,72.0,96.0,9.0,Przytłaczająco pozytywne
843,362960,Tyranny,15792,397.0,372.0,25.0,93.70277078085644,8.0,Bardzo pozytywne
844,307780,Mortal Kombat X,15743,1634.0,1499.0,135.0,91.73806609547124,8.0,Bardzo pozytywne
845,55150,"Warhammer 40,000: Space Marine - Anniversary Edition",15653,685.0,626.0,59.0,91.38686131386862,8.0,Bardzo pozytywne
846,2893570,DRAGON QUEST I & II HD-2D Remake,15608,1.0,1.0,0.0,100.0,0.0,Recenzje użytkowników: 1
847,3606890,Upload Labs,15592,146.0,144.0,2.0,98.63013698630137,8.0,Bardzo pozytywne
848,1549970,Aliens: Fireteam Elite,15568,364.0,306.0,58.0,84.06593406593407,8.0,Bardzo pozytywne
849,39120,RIFT,15546,131.0,101.0,30.0,77.09923664122137,6.0,W większości pozytywne
850,368260,Marvel's Midnight Suns,15500,260.0,229.0,31.0,88.07692307692308,8.0,Bardzo pozytywne
851,3013470,Bananametr,15472,5.0,4.0,1.0,80.0,0.0,Recenzje użytkowników: 5
852,969990,SpongeBob SquarePants: Battle for Bikini Bottom - Rehydrated,15419,299.0,285.0,14.0,95.31772575250837,8.0,Bardzo pozytywne
853,1158160,Coral Island,15418,133.0,121.0,12.0,90.97744360902256,8.0,Bardzo pozytywne
854,292730,Call of Duty: Infinite Warfare,15417,748.0,538.0,210.0,71.92513368983957,6.0,W większości pozytywne
855,2340650,古龙风云录,15401,0.0,0.0,0.0,0.0,0.0,Brak recenzji użytkowników
856,930210,HuniePop 2: Double Date,15388,41.0,37.0,4.0,90.2439024390244,7.0,Pozytywne
857,412020,Metro Exodus,15375,3186.0,3008.0,178.0,94.41305712492152,8.0,Bardzo pozytywne
858,2642680,Half Sword Demo,15366,41.0,31.0,10.0,75.60975609756098,6.0,W większości pozytywne
859,2536520,Diablo II: Resurrected – Infernal Edition,15348,147.0,135.0,12.0,91.83673469387756,8.0,Bardzo pozytywne
860,492720,Tropico 6,15294,337.0,275.0,62.0,81.60237388724035,8.0,Bardzo pozytywne
861,2840770,Avatar: Frontiers of Pandora,15283,403.0,331.0,72.0,82.13399503722084,8.0,Bardzo pozytywne
862,1812450,Bellwright,15263,434.0,371.0,63.0,85.48387096774194,8.0,Bardzo pozytywne
863,3659280,Off The Grid,15247,26.0,12.0,14.0,46.15384615384615,5.0,Mieszane
864,1543030,Sword and Fairy 7,15245,8.0,8.0,0.0,100.0,0.0,Recenzje użytkowników: 8
865,365670,Blender,15236,1521.0,1423.0,98.0,93.5568704799474,8.0,Bardzo pozytywne
866,392160,X4: Foundations,15198,312.0,253.0,59.0,81.08974358974359,8.0,Bardzo pozytywne
867,1167630,Teardown,15172,4899.0,4743.0,156.0,96.8156766687079,9.0,Przytłaczająco pozytywne
868,3015610,Cucumber,15155,35.0,21.0,14.0,60.0,5.0,Mieszane
869,56400,"Warhammer 40,000: Dawn of War II - Retribution",15143,334.0,311.0,23.0,93.11377245508982,8.0,Bardzo pozytywne
870,714010,Aimlabs,15141,3060.0,2827.0,233.0,92.38562091503267,8.0,Bardzo pozytywne
871,305620,The Long Dark,15037,1507.0,1394.0,113.0,92.5016589250166,8.0,Bardzo pozytywne
872,1987080,Inside the Backrooms,15033,412.0,346.0,66.0,83.98058252427184,8.0,Bardzo pozytywne
873,1286680,Tiny Tina's Wonderlands,15021,220.0,167.0,53.0,75.9090909090909,6.0,W większości pozytywne
874,1588550,Cairn,14996,201.0,200.0,1.0,99.50248756218906,8.0,Bardzo pozytywne
875,292000,No More Room in Hell 2,14980,123.0,58.0,65.0,47.15447154471545,5.0,Mieszane
876,3672400,Farever,14961,102.0,79.0,23.0,77.45098039215686,6.0,W większości pozytywne
877,588650,Dead Cells,14910,1919.0,1882.0,37.0,98.07191245440332,9.0,Przytłaczająco pozytywne
878,253980,Enclave,14907,224.0,195.0,29.0,87.05357142857143,8.0,Bardzo pozytywne
879,385760,NBA 2K17,14905,98.0,69.0,29.0,70.40816326530613,6.0,W większości pozytywne
880,1029690,Sniper Elite 5,14870,865.0,784.0,81.0,90.63583815028902,8.0,Bardzo pozytywne
881,109600,Neverwinter,14866,1291.0,1074.0,217.0,83.19132455460883,8.0,Bardzo pozytywne
882,1909950,SUPER ROBOT WARS Y,14812,1.0,1.0,0.0,100.0,0.0,Recenzje użytkowników: 1
883,2625420,Drive Beyond Horizons,14797,195.0,155.0,40.0,79.48717948717949,6.0,W większości pozytywne
884,310950,Street Fighter V,14783,160.0,103.0,57.0,64.375,5.0,Mieszane
885,371660,Far Cry Primal,14783,1200.0,1123.0,77.0,93.58333333333331,8.0,Bardzo pozytywne
886,238460,BattleBlock Theater,14781,888.0,857.0,31.0,96.509009009009,9.0,Przytłaczająco pozytywne
887,3834090,YAPYAP,14775,98.0,81.0,17.0,82.6530612244898,8.0,Bardzo pozytywne
888,43110,Metro 2033,14743,1171.0,1090.0,81.0,93.08283518360376,8.0,Bardzo pozytywne
889,544750,SOULCALIBUR VI,14684,151.0,134.0,17.0,88.74172185430463,8.0,Bardzo pozytywne
890,590380,Into the Breach,14682,196.0,187.0,9.0,95.40816326530611,8.0,Bardzo pozytywne
891,1029780,Going Medieval,14676,754.0,719.0,35.0,95.3580901856764,9.0,Przytłaczająco pozytywne
892,2215390,Five Nights at Freddy's: Secret of the Mimic,14644,302.0,275.0,27.0,91.05960264900662,8.0,Bardzo pozytywne
893,581320,Insurgency: Sandstorm,14606,1542.0,1394.0,148.0,90.40207522697796,8.0,Bardzo pozytywne
894,311860,Data Hacker: Initiation,14518,6.0,2.0,4.0,33.33333333333333,0.0,Recenzje użytkowników: 6
895,775500,SCARLET NEXUS,14516,91.0,80.0,11.0,87.91208791208791,8.0,Bardzo pozytywne
896,2904000,The Spell Brigade,14514,74.0,60.0,14.0,81.08108108108108,8.0,Bardzo pozytywne
897,2108330,F1® 23,14512,582.0,517.0,65.0,88.8316151202749,8.0,Bardzo pozytywne
898,2407270,AI Limit,14480,83.0,73.0,10.0,87.95180722891565,8.0,Bardzo pozytywne
899,2407300,Asteroids ++,14467,3.0,3.0,0.0,100.0,0.0,Recenzje użytkowników: 3
900,555570,Infestation: The New Z,14437,1194.0,734.0,460.0,61.47403685092128,5.0,Mieszane
901,2231380,Ghost Recon Breakpoint,14382,609.0,500.0,109.0,82.10180623973727,8.0,Bardzo pozytywne
902,250320,The Wolf Among Us,14321,1002.0,992.0,10.0,99.00199600798403,9.0,Przytłaczająco pozytywne
903,1401590,Disney Dreamlight Valley,14314,168.0,159.0,9.0,94.64285714285714,8.0,Bardzo pozytywne
904,3447040,Sora no Kiseki the 1st,14295,0.0,0.0,0.0,0.0,0.0,Brak recenzji użytkowników
905,1836120,QUICKERFLAK,14289,23.0,18.0,5.0,78.26086956521739,6.0,W większości pozytywne
906,70010,Dino D-Day - Dedicated Server,14248,0.0,0.0,0.0,0.0,0.0,Brak recenzji użytkowników
907,2201320,Date Everything!,14231,61.0,55.0,6.0,90.1639344262295,8.0,Bardzo pozytywne
908,1290000,PowerWash Simulator,14178,330.0,317.0,13.0,96.06060606060606,8.0,Bardzo pozytywne
909,2084940,Mysterious School,14157,0.0,0.0,0.0,0.0,0.0,Brak recenzji użytkowników
910,270150,RUNNING WITH RIFLES,14149,151.0,143.0,8.0,94.70198675496688,8.0,Bardzo pozytywne
911,593600,PixARK,14144,752.0,677.0,75.0,90.02659574468085,8.0,Bardzo pozytywne
912,303390,Dead Bits,14137,315.0,179.0,136.0,56.82539682539682,5.0,Mieszane
913,2725260,ENDER MAGNOLIA: Bloom in the Mist,14134,50.0,49.0,1.0,98.0,8.0,Bardzo pozytywne
914,1475810,Ghostwire: Tokyo,14086,233.0,216.0,17.0,92.7038626609442,8.0,Bardzo pozytywne
915,1102190,Monster Train,14073,168.0,163.0,5.0,97.02380952380952,8.0,Bardzo pozytywne
916,3123410,Atelier Yumia: The Alchemist of Memories & the Envisioned Land,14067,6.0,6.0,0.0,100.0,0.0,Recenzje użytkowników: 6
917,1846380,Need for Speed™ Unbound,14063,2718.0,1960.0,758.0,72.11184694628403,6.0,W większości pozytywne
918,3014320,OCTOPATH TRAVELER 0,14046,11.0,11.0,0.0,100.0,7.0,Pozytywne
919,1385380,Across the Obelisk,14037,60.0,49.0,11.0,81.66666666666667,8.0,Bardzo pozytywne
920,3347970,少女前线,14019,0.0,0.0,0.0,0.0,0.0,Brak recenzji użytkowników
921,979690,The Ascent,14013,365.0,280.0,85.0,76.71232876712328,6.0,W większości pozytywne
922,636040,Pixel Worlds,13962,996.0,820.0,176.0,82.32931726907631,8.0,Bardzo pozytywne
923,700330,SCP: Secret Laboratory,13908,15528.0,14284.0,1244.0,91.98866563626996,8.0,Bardzo pozytywne
924,2072560,DRAGON BALL GEKISHIN SQUADRA,13908,120.0,86.0,34.0,71.66666666666667,6.0,W większości pozytywne
925,2784470,9 Kings,13905,233.0,220.0,13.0,94.4206008583691,8.0,Bardzo pozytywne
926,422250,ShipLord,13869,20.0,10.0,10.0,50.0,5.0,Mieszane
927,291480,Warface: Clutch,13867,4673.0,3729.0,944.0,79.79884442542264,6.0,W większości pozytywne
928,209160,Call of Duty: Ghosts,13831,1000.0,793.0,207.0,79.3,6.0,W większości pozytywne
929,1462040,FINAL FANTASY VII REMAKE INTERGRADE,13803,323.0,288.0,35.0,89.1640866873065,8.0,Bardzo pozytywne
930,1703340,The Stanley Parable: Ultra Deluxe,13802,257.0,245.0,12.0,95.3307392996109,8.0,Bardzo pozytywne
931,799600,Cosmoteer: Starship Architect & Commander,13794,90.0,84.0,6.0,93.33333333333331,8.0,Bardzo pozytywne
932,502500,ACE COMBAT™7: SKIES UNKNOWN,13758,498.0,456.0,42.0,91.56626506024097,8.0,Bardzo pozytywne
933,2416450,MOUSE: P.I. For Hire,13755,352.0,345.0,7.0,98.01136363636364,8.0,Bardzo pozytywne
934,2375550,Like a Dragon Gaiden: The Man Who Erased His Name,13737,111.0,106.0,5.0,95.4954954954955,8.0,Bardzo pozytywne
935,508440,Totally Accurate Battle Simulator,13674,3144.0,3087.0,57.0,98.18702290076337,9.0,Przytłaczająco pozytywne
936,548570,RAGE 2,13673,237.0,183.0,54.0,77.21518987341773,6.0,W większości pozytywne
937,2551020,One-armed robber,13663,3863.0,3603.0,260.0,93.26947967900595,8.0,Bardzo pozytywne
938,17505,Zombie Panic! Source Dedicated Server,13643,0.0,0.0,0.0,0.0,0.0,Brak recenzji użytkowników
939,2486820,Sonic Racing: CrossWorlds,13630,100.0,91.0,9.0,91.0,8.0,Bardzo pozytywne
940,1040200,Crime Scene Cleaner,13577,661.0,656.0,5.0,99.24357034795764,9.0,Przytłaczająco pozytywne
941,1817190,Marvel's Spider-Man: Miles Morales,13539,1677.0,1609.0,68.0,95.94514013118663,9.0,Przytłaczająco pozytywne
942,245620,Tropico 5,13483,315.0,277.0,38.0,87.93650793650794,8.0,Bardzo pozytywne
943,315210,Suicide Squad: Kill the Justice League,13459,222.0,125.0,97.0,56.30630630630631,5.0,Mieszane
944,751780,Forager,13438,739.0,693.0,46.0,93.77537212449256,8.0,Bardzo pozytywne
945,2141730,Backrooms: Escape Together,13432,392.0,349.0,43.0,89.03061224489795,8.0,Bardzo pozytywne
946,1283970,YoloMouse,13415,32.0,29.0,3.0,90.625,7.0,Pozytywne
947,1062520,Dinkum,13412,119.0,110.0,9.0,92.43697478991596,8.0,Bardzo pozytywne
948,1575940,Sins of a Solar Empire II,13394,54.0,38.0,16.0,70.37037037037037,6.0,W większości pozytywne
949,946050,Soda Dungeon 2,13385,70.0,68.0,2.0,97.14285714285714,8.0,Bardzo pozytywne
950,393420,Hurtworld,13333,5557.0,5075.0,482.0,91.32625517365484,8.0,Bardzo pozytywne
951,2488620,F1® 24,13327,654.0,515.0,139.0,78.74617737003058,6.0,W większości pozytywne
952,1414850,Nickelodeon All-Star Brawl,13314,5.0,3.0,2.0,60.0,0.0,Recenzje użytkowników: 5
953,666140,My Time at Portia,13299,259.0,245.0,14.0,94.5945945945946,8.0,Bardzo pozytywne
954,382030,Yargis - Space Melee - Dedicated Server,13271,0.0,0.0,0.0,0.0,0.0,Brak recenzji użytkowników
955,359870,FINAL FANTASY X/X-2 HD Remaster,13263,106.0,98.0,8.0,92.45283018867924,8.0,Bardzo pozytywne
956,269710,Tumblestone,13239,43.0,27.0,16.0,62.7906976744186,5.0,Mieszane
957,1522820,Orcs Must Die! 3,13210,266.0,238.0,28.0,89.47368421052632,8.0,Bardzo pozytywne
958,1372280,MELTY BLOOD: TYPE LUMINA,13182,26.0,26.0,0.0,100.0,7.0,Pozytywne
959,3022740,Heart Clicker,13176,4.0,3.0,1.0,75.0,0.0,Recenzje użytkowników: 4
960,99900,Spiral Knights,13143,516.0,436.0,80.0,84.49612403100775,8.0,Bardzo pozytywne
961,2864560,Rune Factory: Guardians of Azuma,13121,5.0,4.0,1.0,80.0,0.0,Recenzje użytkowników: 5
962,261570,Ori and the Blind Forest,13108,366.0,357.0,9.0,97.54098360655738,8.0,Bardzo pozytywne
963,63220,Monday Night Combat Dedicated Server,13061,0.0,0.0,0.0,0.0,0.0,Brak recenzji użytkowników
964,3545990,美女，请别影响我成仙,13040,1.0,1.0,0.0,100.0,0.0,Recenzje użytkowników: 1
965,2351560,Apocalypse Party,12972,13.0,12.0,1.0,92.3076923076923,7.0,Pozytywne
966,3358510,再刷一把2：金色传说,12958,0.0,0.0,0.0,0.0,0.0,Brak recenzji użytkowników
967,1966900,20 Minutes Till Dawn,12953,254.0,241.0,13.0,94.88188976377953,8.0,Bardzo pozytywne
968,2698940,The Crew Motorfest,12945,814.0,680.0,134.0,83.53808353808354,8.0,Bardzo pozytywne
969,590830,s&box,12935,87.0,54.0,33.0,62.06896551724138,5.0,Mieszane
970,1875580,Mina the Hollower,12916,17.0,14.0,3.0,82.35294117647058,7.0,Pozytywne
971,2508780,STORY OF SEASONS: Grand Bazaar,12898,7.0,7.0,0.0,100.0,0.0,Recenzje użytkowników: 7
972,20920,The Witcher 2: Assassins of Kings Enhanced Edition,12884,7584.0,7316.0,268.0,96.4662447257384,9.0,Przytłaczająco pozytywne
973,2373990,Solo Leveling: ARISE OVERDRIVE,12839,92.0,77.0,15.0,83.69565217391305,8.0,Bardzo pozytywne
974,1336490,Against the Storm,12832,838.0,818.0,20.0,97.61336515513126,9.0,Przytłaczająco pozytywne
975,3562120,Magical Princess,12789,4.0,4.0,0.0,100.0,0.0,Recenzje użytkowników: 4
976,768200,Smalland: Survive the Wilds,12741,53.0,45.0,8.0,84.90566037735849,8.0,Bardzo pozytywne
977,1432860,Sun Haven,12706,112.0,101.0,11.0,90.17857142857144,8.0,Bardzo pozytywne
978,1562430,DREDGE,12686,430.0,417.0,13.0,96.97674418604652,8.0,Bardzo pozytywne
979,20900,The Witcher: Enhanced Edition,12685,6416.0,6216.0,200.0,96.88279301745636,9.0,Przytłaczająco pozytywne
980,1340990,Rise of the Ronin,12683,66.0,49.0,17.0,74.24242424242425,6.0,W większości pozytywne
981,209650,Call of Duty: Advanced Warfare,12675,630.0,523.0,107.0,83.01587301587303,8.0,Bardzo pozytywne
982,1766060,HumanitZ,12674,140.0,101.0,39.0,72.14285714285714,6.0,W większości pozytywne
983,2289750,Super Fantasy Kingdom,12672,110.0,103.0,7.0,93.63636363636364,8.0,Bardzo pozytywne
984,324800,Shadow Warrior 2,12634,484.0,457.0,27.0,94.4214876033058,8.0,Bardzo pozytywne
985,1119730,Ranch Simulator,12624,545.0,447.0,98.0,82.01834862385321,8.0,Bardzo pozytywne
986,446800,Transport Fever,12615,394.0,347.0,47.0,88.07106598984772,8.0,Bardzo pozytywne
987,2828860,The Forever Winter,12611,133.0,89.0,44.0,66.9172932330827,5.0,Mieszane
988,113200,The Binding of Isaac,12575,2536.0,2410.0,126.0,95.03154574132492,9.0,Przytłaczająco pozytywne
989,1343400,RuneScape,12569,178.0,144.0,34.0,80.89887640449437,8.0,Bardzo pozytywne
990,3456580,RoadCraft Demo,12559,113.0,65.0,48.0,57.52212389380531,5.0,Mieszane
991,226320,Marvel Heroes Omega,12518,162.0,126.0,36.0,77.77777777777779,6.0,W większości pozytywne
992,1599600,PlateUp!,12460,199.0,185.0,14.0,92.964824120603,8.0,Bardzo pozytywne
993,1611910,"Warhammer 40,000: Chaos Gate - Daemonhunters",12455,256.0,212.0,44.0,82.8125,8.0,Bardzo pozytywne
994,2142790,Fields of Mistria,12452,150.0,144.0,6.0,96.0,8.0,Bardzo pozytywne
995,1238860,Battlefield 4™ ,12425,3079.0,2768.0,311.0,89.89931796037675,8.0,Bardzo pozytywne
996,2495450,Winter Memories,12403,6.0,6.0,0.0,100.0,0.0,Recenzje użytkowników: 6
997,8710,STCC - The Game Demo Dedicated Server,12397,0.0,0.0,0.0,0.0,0.0,Brak recenzji użytkowników
998,805550,Assetto Corsa Competizione,12376,1083.0,1002.0,81.0,92.5207756232687,8.0,Bardzo pozytywne
999,1274570,DEVOUR,12331,2264.0,2112.0,152.0,93.28621908127208,8.0,Bardzo pozytywne
1000,1416920,中国式网游,12301,0.0,0.0,0.0,0.0,0.0,Brak recenzji użytkowników
1001,1858630,SWORD ART ONLINE Fractured Daydream,12290,8.0,7.0,1.0,87.5,0.0,Recenzje użytkowników: 8
1002,2996990,Flag Clicker,12284,9.0,6.0,3.0,66.66666666666666,0.0,Recenzje użytkowników: 9
1003,884660,CRSED: Cuisine Royale,12266,1120.0,948.0,172.0,84.64285714285714,8.0,Bardzo pozytywne
1004,1149620,Gas Station Simulator,12229,755.0,687.0,68.0,90.99337748344372,8.0,Bardzo pozytywne
1005,918570,Century: Age of Ashes,12222,258.0,199.0,59.0,77.13178294573643,6.0,W większości pozytywne
1006,235460,METAL GEAR RISING: REVENGEANCE,12205,1828.0,1787.0,41.0,97.75711159737418,9.0,Przytłaczająco pozytywne
1007,222840,Left 4 Dead Dedicated Server,12199,0.0,0.0,0.0,0.0,0.0,Brak recenzji użytkowników
1008,872200,Rogue Company,12189,249.0,198.0,51.0,79.51807228915662,6.0,W większości pozytywne
1009,289650,Assassin's Creed Unity,12180,1657.0,1432.0,225.0,86.4212432106216,8.0,Bardzo pozytywne
1010,386180,Crossout,12170,1730.0,1432.0,298.0,82.77456647398844,8.0,Bardzo pozytywne
1011,204300,Awesomenauts,12156,604.0,533.0,71.0,88.24503311258279,8.0,Bardzo pozytywne
1012,1262580,Need for Speed™ Payback,12152,3388.0,3122.0,266.0,92.14876033057853,8.0,Bardzo pozytywne
1013,2677660,Indiana Jones and the Great Circle,12138,542.0,511.0,31.0,94.28044280442803,8.0,Bardzo pozytywne
1014,207610,The Walking Dead,12114,4158.0,4105.0,53.0,98.72534872534872,9.0,Przytłaczająco pozytywne
1015,335300,DARK SOULS™ II: Scholar of the First Sin,12106,2231.0,1874.0,357.0,83.998207082026,8.0,Bardzo pozytywne
1016,3552140,Retro Rewind - Video Store Simulator,12081,21.0,20.0,1.0,95.23809523809524,7.0,Pozytywne
1017,2591280,F1® Manager 2024,12066,159.0,136.0,23.0,85.53459119496856,8.0,Bardzo pozytywne
1018,2966320,Starsand Island,12063,14.0,13.0,1.0,92.85714285714286,7.0,Pozytywne
1019,3830120,Drakantos Playtest,12036,8.0,5.0,3.0,62.5,0.0,Recenzje użytkowników: 8
1020,1465360,SnowRunner,12027,3110.0,2919.0,191.0,93.85852090032154,8.0,Bardzo pozytywne
1021,1324780,Easy Red 2,12026,165.0,151.0,14.0,91.51515151515152,8.0,Bardzo pozytywne
1022,924980,Trials of Mana,11998,12.0,12.0,0.0,100.0,7.0,Pozytywne
1023,914690,Hentai Shooter 3D,11995,40.0,34.0,6.0,85.0,7.0,Pozytywne
1024,1592190,BONELAB,11991,196.0,186.0,10.0,94.89795918367348,8.0,Bardzo pozytywne
1025,201810,Wolfenstein: The New Order,11986,2170.0,2093.0,77.0,96.4516129032258,9.0,Przytłaczająco pozytywne
1026,584400,Sonic Mania,11937,258.0,249.0,9.0,96.51162790697676,8.0,Bardzo pozytywne
1027,844870,KurtzPel,11937,521.0,360.0,161.0,69.09788867562379,5.0,Mieszane
1028,1361510,Teenage Mutant Ninja Turtles: Shredder's Revenge,11933,47.0,47.0,0.0,100.0,7.0,Pozytywne
1029,726360,BOOBS SAGA: Prepare To Hentai Edition,11930,25.0,21.0,4.0,84.0,7.0,Pozytywne
1030,2273430,BlazBlue Entropy Effect,11918,35.0,34.0,1.0,97.14285714285714,7.0,Pozytywne
1031,363150,Romance of the Three Kingdoms XIII,11909,1.0,1.0,0.0,100.0,0.0,Recenzje użytkowników: 1
1032,204450,Call of Juarez Gunslinger,11902,1915.0,1862.0,53.0,97.23237597911228,9.0,Przytłaczająco pozytywne
1033,221040,Resident Evil 6,11879,1072.0,844.0,228.0,78.73134328358209,6.0,W większości pozytywne
1034,4333400,RedM,11875,0.0,0.0,0.0,0.0,0.0,Brak recenzji użytkowników
1035,1267910,Melvor Idle,11867,77.0,69.0,8.0,89.6103896103896,8.0,Bardzo pozytywne
1036,1857090,Norland,11866,282.0,254.0,28.0,90.0709219858156,8.0,Bardzo pozytywne
1037,1035510,Ultimate Zombie Defense,11859,73.0,58.0,15.0,79.45205479452055,6.0,W większości pozytywne
1038,238320,Outlast,11827,4627.0,4450.0,177.0,96.17462718824292,9.0,Przytłaczająco pozytywne
1039,113400,APB Reloaded,11813,981.0,614.0,367.0,62.589194699286445,5.0,Mieszane
1040,1336980,NOBUNAGA'S AMBITION: Awakening,11783,0.0,0.0,0.0,0.0,0.0,Brak recenzji użytkowników
1041,2217000,Rivals of Aether II,11765,11.0,7.0,4.0,63.63636363636363,5.0,Mieszane
1042,972660,Spiritfarer®: Farewell Edition,11726,256.0,242.0,14.0,94.53125,8.0,Bardzo pozytywne
1043,1128810,RISK: Global Domination,11716,521.0,409.0,112.0,78.50287907869482,6.0,W większości pozytywne
1044,12210,Grand Theft Auto IV: The Complete Edition,11696,7537.0,6820.0,717.0,90.48693113971076,8.0,Bardzo pozytywne
1045,233860,Kenshi,11654,556.0,536.0,20.0,96.40287769784172,9.0,Przytłaczająco pozytywne
1046,1515210,The Past Within,11642,232.0,225.0,7.0,96.98275862068964,8.0,Bardzo pozytywne
1047,3784030,RACCOIN: Coin Pusher Roguelike,11626,11.0,8.0,3.0,72.72727272727273,6.0,W większości pozytywne
1048,1583230,High On Life,11608,288.0,266.0,22.0,92.36111111111111,8.0,Bardzo pozytywne
1049,1995520,Pax Dei,11531,201.0,110.0,91.0,54.72636815920397,5.0,Mieszane
1050,2362060,CODE VEIN II,11499,21.0,12.0,9.0,57.14285714285714,5.0,Mieszane
1051,3427660,Waifusitter,11489,4.0,1.0,3.0,25.0,0.0,Recenzje użytkowników: 4
1052,774171,Muse Dash,11478,949.0,890.0,59.0,93.78292939936776,8.0,Bardzo pozytywne
1053,22370,Fallout 3 - Game of the Year Edition,11471,645.0,559.0,86.0,86.66666666666667,8.0,Bardzo pozytywne
1054,265550,Dead Rising 3,11418,197.0,176.0,21.0,89.34010152284264,8.0,Bardzo pozytywne
1055,704270,Generation Zero®,11416,719.0,574.0,145.0,79.83310152990263,6.0,W większości pozytywne
1056,2336220,Feed The Cups,11413,0.0,0.0,0.0,0.0,0.0,Brak recenzji użytkowników
1057,396160,Secret Of Magia,11352,9.0,5.0,4.0,55.55555555555556,0.0,Recenzje użytkowników: 9
1058,871720,Ultimate Custom Night,11320,5273.0,5036.0,237.0,95.50540489285036,9.0,Przytłaczająco pozytywne
1059,794260,Outward,11296,293.0,198.0,95.0,67.57679180887372,5.0,Mieszane
1060,1139900,Ghostrunner,11294,1337.0,1286.0,51.0,96.1854899027674,9.0,Przytłaczająco pozytywne
1061,958260,DEAD OR ALIVE Xtreme Venus Vacation,11284,2.0,2.0,0.0,100.0,0.0,Recenzje użytkowników: 2
1062,211420,DARK SOULS™: Prepare To Die Edition,11259,1105.0,1016.0,89.0,91.94570135746606,8.0,Bardzo pozytywne
1063,48240,Anno 2070,11217,122.0,87.0,35.0,71.31147540983606,6.0,W większości pozytywne
1064,2627260,Ninja Gaiden 4,11217,25.0,23.0,2.0,92.0,7.0,Pozytywne
1065,621830,WRC 7,11215,413.0,350.0,63.0,84.7457627118644,8.0,Bardzo pozytywne
1066,346010,Besiege,11206,694.0,647.0,47.0,93.22766570605188,8.0,Bardzo pozytywne
1067,641990,The Escapists 2,11202,1217.0,1141.0,76.0,93.75513557929337,8.0,Bardzo pozytywne
1068,2552430,KINGDOM HEARTS -HD 1.5+2.5 ReMIX-,11152,27.0,25.0,2.0,92.5925925925926,7.0,Pozytywne
1069,489630,"Warhammer 40,000: Gladius - Relics of War",11136,284.0,238.0,46.0,83.80281690140845,8.0,Bardzo pozytywne
1070,1594320,Captain of Industry,11121,181.0,169.0,12.0,93.37016574585635,8.0,Bardzo pozytywne
1071,1447430,小黑盒加速器,11085,0.0,0.0,0.0,0.0,0.0,Brak recenzji użytkowników
1072,266840,Age of Mythology: Extended Edition,11074,231.0,225.0,6.0,97.4025974025974,8.0,Bardzo pozytywne
1073,1857950,VEIN,11073,71.0,66.0,5.0,92.95774647887325,8.0,Bardzo pozytywne
1074,391540,Undertale,11071,7018.0,6819.0,199.0,97.16443431176972,9.0,Przytłaczająco pozytywne
1075,1206560,WorldBox - God Simulator,11034,1029.0,979.0,50.0,95.14091350826044,9.0,Przytłaczająco pozytywne
1076,2253100,Everwind,11022,207.0,190.0,17.0,91.78743961352656,8.0,Bardzo pozytywne
1077,1088850,Marvel's Guardians of the Galaxy,10989,695.0,675.0,20.0,97.12230215827336,9.0,Przytłaczająco pozytywne
1078,1104280,The Slormancer,10989,75.0,67.0,8.0,89.33333333333333,8.0,Bardzo pozytywne
1079,2134320,ENA: Dream BBQ,10988,373.0,370.0,3.0,99.19571045576409,8.0,Bardzo pozytywne
1080,434170,The Jackbox Party Pack 3,10972,6.0,6.0,0.0,100.0,0.0,Recenzje użytkowników: 6
1081,1331550,Big Ambitions,10961,124.0,119.0,5.0,95.96774193548389,8.0,Bardzo pozytywne
1082,413410,Danganronpa: Trigger Happy Havoc,10958,763.0,743.0,20.0,97.37876802096986,9.0,Przytłaczająco pozytywne
1083,1659040,HITMAN World of Assassination,10925,1134.0,1032.0,102.0,91.005291005291,8.0,Bardzo pozytywne
1084,224260,No More Room in Hell,10922,1597.0,1452.0,145.0,90.92047589229806,8.0,Bardzo pozytywne
1085,274940,Depth,10916,635.0,575.0,60.0,90.5511811023622,8.0,Bardzo pozytywne
1086,57690,Tropico 4,10892,255.0,245.0,10.0,96.07843137254902,8.0,Bardzo pozytywne
1087,312520,Rain World,10884,451.0,421.0,30.0,93.3481152993348,8.0,Bardzo pozytywne
1088,1284210,Guild Wars 2®,10875,483.0,431.0,52.0,89.23395445134575,8.0,Bardzo pozytywne
1089,214490,Alien: Isolation,10870,1239.0,1184.0,55.0,95.56093623890234,9.0,Przytłaczająco pozytywne
1090,40390,Risen 2 - Dark Waters,10867,1106.0,963.0,143.0,87.07052441229656,8.0,Bardzo pozytywne
1091,7520,Two Worlds II HD,10863,423.0,320.0,103.0,75.65011820330969,6.0,W większości pozytywne
1092,238090,Sniper Elite 3,10861,1142.0,1031.0,111.0,90.2802101576182,8.0,Bardzo pozytywne
1093,1659420,UNCHARTED™: Legacy of Thieves Collection,10851,1251.0,1183.0,68.0,94.56434852118304,8.0,Bardzo pozytywne
1094,1948800,Yi Xian: The Cultivation Card Game,10818,6.0,6.0,0.0,100.0,0.0,Recenzje użytkowników: 6
1095,3831120,江山北望,10815,0.0,0.0,0.0,0.0,0.0,Brak recenzji użytkowników
1096,589360,Ni no Kuni™ II: Revenant Kingdom,10805,85.0,80.0,5.0,94.11764705882352,8.0,Bardzo pozytywne
1097,2768430,ATLYSS,10803,127.0,124.0,3.0,97.63779527559056,8.0,Bardzo pozytywne
1098,444480,Broken Dreams,10797,8.0,7.0,1.0,87.5,0.0,Recenzje użytkowników: 8
1099,1162520,大富翁10(Richman 10),10791,0.0,0.0,0.0,0.0,0.0,Brak recenzji użytkowników
1100,1783560,The Last Caretaker,10767,132.0,115.0,17.0,87.12121212121212,8.0,Bardzo pozytywne
1101,1645820,SurrounDead,10762,392.0,364.0,28.0,92.85714285714286,8.0,Bardzo pozytywne
1102,1714040,Super Auto Pets,10760,524.0,471.0,53.0,89.8854961832061,8.0,Bardzo pozytywne
1103,2488370,Cash Cleaner Simulator,10747,86.0,83.0,3.0,96.51162790697676,8.0,Bardzo pozytywne
1104,625960,Stoneshard,10738,652.0,541.0,111.0,82.97546012269939,8.0,Bardzo pozytywne
1105,357070,UBERMOSH,10730,41.0,35.0,6.0,85.36585365853658,7.0,Pozytywne
1106,3183280,Game of Thrones: Kingsroad,10727,89.0,61.0,28.0,68.53932584269663,5.0,Mieszane
1107,412220,DDNet,10726,552.0,499.0,53.0,90.39855072463769,8.0,Bardzo pozytywne
1108,1898300,ASKA,10713,334.0,282.0,52.0,84.4311377245509,8.0,Bardzo pozytywne
1109,2198150,Tiny Glade,10692,464.0,456.0,8.0,98.27586206896552,8.0,Bardzo pozytywne
1110,1451090,Tactics Ogre: Reborn,10677,6.0,5.0,1.0,83.33333333333334,0.0,Recenzje użytkowników: 6
1111,1842810,Taiko Risshiden V DX,10663,0.0,0.0,0.0,0.0,0.0,Brak recenzji użytkowników
1112,485510,Nioh: Complete Edition,10649,334.0,262.0,72.0,78.44311377245509,6.0,W większości pozytywne
1113,8500,EVE Online,10627,529.0,400.0,129.0,75.61436672967864,6.0,W większości pozytywne
1114,1211630,The Jackbox Party Pack 7,10599,9.0,9.0,0.0,100.0,0.0,Recenzje użytkowników: 9
1115,860510,Little Nightmares II,10563,527.0,497.0,30.0,94.30740037950665,8.0,Bardzo pozytywne
1116,3548580,Chill with You Lo-Fi Story,10509,8.0,8.0,0.0,100.0,0.0,Recenzje użytkowników: 8
1117,47890,The Sims™ 3,10505,683.0,634.0,49.0,92.82576866764276,8.0,Bardzo pozytywne
1118,3271000,SEGA FOOTBALL CLUB CHAMPIONS,10488,3.0,1.0,2.0,33.33333333333333,0.0,Recenzje użytkowników: 3
1119,718850,Age of Wonders: Planetfall,10462,120.0,109.0,11.0,90.83333333333331,8.0,Bardzo pozytywne
1120,2909110,Nuclear Nightmare,10441,362.0,291.0,71.0,80.38674033149171,8.0,Bardzo pozytywne
1121,1211020,Wobbly Life,10421,723.0,701.0,22.0,96.95712309820192,9.0,Przytłaczająco pozytywne
1122,728530,SD GUNDAM G GENERATION CROSS RAYS,10415,8.0,7.0,1.0,87.5,0.0,Recenzje użytkowników: 8
1123,2981610,Sand Playtest,10379,13.0,5.0,8.0,38.46153846153847,4.0,W większości negatywne
1124,385080,Guardians of Victoria,10374,7.0,2.0,5.0,28.57142857142857,0.0,Recenzje użytkowników: 7
1125,339610,FreeStyle 2: Street Basketball,10356,170.0,128.0,42.0,75.29411764705883,6.0,W większości pozytywne
1126,242700,Injustice: Gods Among Us Ultimate Edition,10344,355.0,300.0,55.0,84.50704225352112,8.0,Bardzo pozytywne
1127,1377580,Soulworker,10332,299.0,238.0,61.0,79.59866220735786,6.0,W większości pozytywne
1128,489520,Minion Masters,10329,1214.0,1133.0,81.0,93.32784184514004,8.0,Bardzo pozytywne
1129,7510,X-Blades,10294,191.0,135.0,56.0,70.68062827225131,6.0,W większości pozytywne
1130,939400,LoveChoice 拣爱,10241,68.0,56.0,12.0,82.35294117647058,8.0,Bardzo pozytywne
1131,1097840,Gears 5,10196,237.0,206.0,31.0,86.91983122362869,8.0,Bardzo pozytywne
1132,1342490,Daemon X Machina: Titanic Scion,10185,8.0,5.0,3.0,62.5,0.0,Recenzje użytkowników: 8
1133,994280,古剑奇谭三(Gujian3),10183,8.0,7.0,1.0,87.5,0.0,Recenzje użytkowników: 8
1134,1911610,Windblown,10179,62.0,59.0,3.0,95.16129032258064,8.0,Bardzo pozytywne
1135,2163330,Yet Another Zombie Survivors,10173,414.0,407.0,7.0,98.30917874396135,8.0,Bardzo pozytywne
1136,1210320,Potion Craft: Alchemist Simulator,10161,1221.0,1190.0,31.0,97.46109746109744,9.0,Przytłaczająco pozytywne
1137,2103130,Matchmaking Inc.,10109,0.0,0.0,0.0,0.0,0.0,Brak recenzji użytkowników
1138,265930,Goat Simulator,10108,2201.0,2080.0,121.0,94.50249886415266,8.0,Bardzo pozytywne
1139,744900,Dead Frontier 2,10101,369.0,254.0,115.0,68.83468834688347,5.0,Mieszane
1140,200210,Realm of the Mad God Exalt,10051,1918.0,1678.0,240.0,87.48696558915537,8.0,Bardzo pozytywne
1141,3014080,The Hundred Line -Last Defense Academy-,10026,29.0,29.0,0.0,100.0,7.0,Pozytywne
1142,1812620,DSX,10025,54.0,43.0,11.0,79.62962962962963,6.0,W większości pozytywne
1143,2315040,火炬之光：无限,10025,0.0,0.0,0.0,0.0,0.0,Brak recenzji użytkowników
1144,503560,911 Operator,10019,918.0,858.0,60.0,93.4640522875817,8.0,Bardzo pozytywne
1145,2071280,Ravenswatch,10018,179.0,143.0,36.0,79.88826815642457,6.0,W większości pozytywne
1146,273110,Counter-Strike Nexon,10007,2166.0,1641.0,525.0,75.76177285318559,6.0,W większości pozytywne
1147,2051010,プロ野球スピリッツ2024-2025,10005,0.0,0.0,0.0,0.0,0.0,Brak recenzji użytkowników
1148,1408610,Call of the Wild: The Angler™,9995,183.0,122.0,61.0,66.66666666666666,5.0,Mieszane
1149,527230,For The King,9993,281.0,258.0,23.0,91.81494661921708,8.0,Bardzo pozytywne
1150,2668080,SNOWBREAK,9964,57.0,35.0,22.0,61.40350877192983,5.0,Mieszane
1151,1900,Earth 2160,9960,128.0,98.0,30.0,76.5625,6.0,W większości pozytywne
1152,34030,Total War: NAPOLEON - Definitive Edition,9935,851.0,808.0,43.0,94.94712103407755,8.0,Bardzo pozytywne
1153,380600,Fishing Planet,9926,12071.0,11269.0,802.0,93.35597713528291,8.0,Bardzo pozytywne
1154,601430,The Evil Within 2,9918,422.0,404.0,18.0,95.73459715639812,8.0,Bardzo pozytywne
1155,1127500,Mini Motorways,9914,448.0,439.0,9.0,97.99107142857144,8.0,Bardzo pozytywne
1156,2526380,Sword of Convallaria,9914,22.0,17.0,5.0,77.27272727272727,6.0,W większości pozytywne
1157,2956680,LORT,9899,26.0,17.0,9.0,65.38461538461539,5.0,Mieszane
1158,537800,Bomber Crew,9898,302.0,280.0,22.0,92.71523178807946,8.0,Bardzo pozytywne
1159,1288320,Way of the Hunter,9880,157.0,134.0,23.0,85.35031847133759,8.0,Bardzo pozytywne
1160,2484250,ASTRA: Knights of Veda,9877,15.0,12.0,3.0,80.0,7.0,Pozytywne
1161,7530,Two Worlds II Castle Defense,9868,18.0,14.0,4.0,77.77777777777779,6.0,W większości pozytywne
1162,1016920,Unrailed!,9852,275.0,260.0,15.0,94.54545454545456,8.0,Bardzo pozytywne
1163,562730,MechDefender,9849,5.0,4.0,1.0,80.0,0.0,Recenzje użytkowników: 5
1164,490110,The Precinct,9838,227.0,203.0,24.0,89.42731277533039,8.0,Bardzo pozytywne
1165,740,Counter-Strike Global Offensive - Dedicated Server,9827,0.0,0.0,0.0,0.0,0.0,Brak recenzji użytkowników
1166,1176470,Terra Invicta,9826,135.0,118.0,17.0,87.4074074074074,8.0,Bardzo pozytywne
1167,737800,F1 2018,9809,778.0,725.0,53.0,93.18766066838047,8.0,Bardzo pozytywne
1168,9880,Champions Online,9794,49.0,35.0,14.0,71.42857142857143,6.0,W większości pozytywne
1169,2644470,PICO PARK 2,9782,36.0,29.0,7.0,80.55555555555556,7.0,Pozytywne
1170,987840,Expeditions: Rome,9765,160.0,150.0,10.0,93.75,8.0,Bardzo pozytywne
1171,1128920,EVERSPACE™ 2,9760,155.0,140.0,15.0,90.32258064516128,8.0,Bardzo pozytywne
1172,244450,Men of War: Assault Squad 2,9750,1232.0,1148.0,84.0,93.18181818181816,8.0,Bardzo pozytywne
1173,1386730,Wordle 2,9734,9.0,6.0,3.0,66.66666666666666,0.0,Recenzje użytkowników: 9
1174,418530,Spelunky 2,9702,184.0,171.0,13.0,92.93478260869566,8.0,Bardzo pozytywne
1175,527430,"Warhammer 40,000: Inquisitor - Martyr",9698,444.0,394.0,50.0,88.73873873873875,8.0,Bardzo pozytywne
1176,212910,Call of Duty: Black Ops II - Zombies,9695,213.0,198.0,15.0,92.95774647887325,8.0,Bardzo pozytywne
1177,2140020,Stronghold: Definitive Edition,9672,1223.0,1122.0,101.0,91.74161896974653,8.0,Bardzo pozytywne
1178,1922560,Plants vs. Zombies™ Garden Warfare 2: Deluxe Edition,9670,1581.0,1496.0,85.0,94.6236559139785,8.0,Bardzo pozytywne
1179,1170950,Mortal Online 2,9657,116.0,64.0,52.0,55.172413793103445,5.0,Mieszane
1180,1608070,CRISIS CORE –FINAL FANTASY VII– REUNION,9648,56.0,55.0,1.0,98.21428571428572,8.0,Bardzo pozytywne
1181,1735700,Back to the Dawn,9624,19.0,18.0,1.0,94.73684210526316,7.0,Pozytywne
1182,586350,UBERMOSH:WRAITH,9620,5.0,4.0,1.0,80.0,0.0,Recenzje użytkowników: 5
1183,204100,Max Payne 3,9594,1796.0,1642.0,154.0,91.42538975501114,8.0,Bardzo pozytywne
1184,895400,Deadside,9581,435.0,325.0,110.0,74.71264367816092,6.0,W większości pozytywne
1185,517630,Just Cause 4,9571,502.0,361.0,141.0,71.91235059760956,6.0,W większości pozytywne
1186,899440,GOD EATER 3,9549,24.0,18.0,6.0,75.0,6.0,W większości pozytywne
1187,2154900,Street Fighter™ 6 Demo,9549,0.0,0.0,0.0,0.0,0.0,Brak recenzji użytkowników
1188,1235140,Yakuza: Like a Dragon,9535,247.0,229.0,18.0,92.71255060728744,8.0,Bardzo pozytywne
1189,4920,Natural Selection 2,9510,143.0,126.0,17.0,88.11188811188812,8.0,Bardzo pozytywne
1190,629730,Blade & Sorcery,9509,673.0,643.0,30.0,95.54234769687965,9.0,Przytłaczająco pozytywne
1191,2855560,流亡黯道,9508,0.0,0.0,0.0,0.0,0.0,Brak recenzji użytkowników
1192,282070,This War of Mine,9503,2550.0,2459.0,91.0,96.4313725490196,9.0,Przytłaczająco pozytywne
1193,438040,Shakes and Fidget,9495,10632.0,10172.0,460.0,95.673438675696,9.0,Przytłaczająco pozytywne
1194,105450,Age of Empires® III (2007),9490,440.0,422.0,18.0,95.9090909090909,8.0,Bardzo pozytywne
1195,1477020,Wordle 4,9450,3.0,2.0,1.0,66.66666666666666,0.0,Recenzje użytkowników: 3
1196,1486920,Tempest Rising,9429,198.0,184.0,14.0,92.92929292929291,8.0,Bardzo pozytywne
1197,2495980,箭箭剑 Arrow a Row,9404,25.0,22.0,3.0,88.0,7.0,Pozytywne
1198,2780980,LOCKDOWN Protocol,9398,107.0,96.0,11.0,89.7196261682243,8.0,Bardzo pozytywne
1199,3545060,Team Fortress 2 Classified,9395,205.0,186.0,19.0,90.73170731707316,8.0,Bardzo pozytywne
1200,3643170,Roadside Research,9348,43.0,35.0,8.0,81.3953488372093,7.0,Pozytywne
1201,563560,Alien Swarm: Reactive Drop,9335,392.0,376.0,16.0,95.91836734693877,8.0,Bardzo pozytywne
1202,1902690,Fate/Samurai Remnant,9335,17.0,16.0,1.0,94.11764705882352,7.0,Pozytywne
1203,977950,A Dance of Fire and Ice,9330,541.0,500.0,41.0,92.42144177449168,8.0,Bardzo pozytywne
1204,1467450,The Chronicles Of Myrtana: Archolos,9328,8731.0,8647.0,84.0,99.03791089222312,9.0,Przytłaczająco pozytywne
1205,48720,Mount & Blade: With Fire and Sword,9315,1568.0,1490.0,78.0,95.02551020408164,9.0,Przytłaczająco pozytywne
1206,3618390,Gamblers Table,9309,56.0,44.0,12.0,78.57142857142857,6.0,W większości pozytywne
1207,1930,Two Worlds: Epic Edition,9281,446.0,384.0,62.0,86.09865470852019,8.0,Bardzo pozytywne
1208,224220,Pressure,9263,55.0,45.0,10.0,81.81818181818183,8.0,Bardzo pozytywne
1209,881100,Noita,9256,1311.0,1258.0,53.0,95.95728451563691,9.0,Przytłaczająco pozytywne
1210,2446550,STAR WARS™: Battlefront Classic Collection,9232,35.0,11.0,24.0,31.428571428571427,4.0,W większości negatywne
1211,604540,Empire of Sin,9229,45.0,28.0,17.0,62.22222222222222,5.0,Mieszane
1212,1089090,ONE PIECE: PIRATE WARRIORS 4,9219,115.0,109.0,6.0,94.78260869565216,8.0,Bardzo pozytywne
1213,870780,Control Ultimate Edition,9193,514.0,447.0,67.0,86.96498054474708,8.0,Bardzo pozytywne
1214,2643390,Star Trek: Voyager - Across the Unknown,9173,24.0,23.0,1.0,95.83333333333334,7.0,Pozytywne
1215,1702010,Sengoku Dynasty,9161,189.0,148.0,41.0,78.3068783068783,6.0,W większości pozytywne
1216,1133870,Space Engineers 2,9157,59.0,42.0,17.0,71.1864406779661,6.0,W większości pozytywne
1217,1696440,绝世好武功 The Matchless Kungfu,9131,5.0,3.0,2.0,60.0,0.0,Recenzje użytkowników: 5
1218,1708850,Drug Dealer Simulator 2,9126,448.0,357.0,91.0,79.6875,6.0,W większości pozytywne
1219,40990,Mafia,9112,654.0,587.0,67.0,89.75535168195718,8.0,Bardzo pozytywne
1220,3293260,Waterpark Simulator,9103,162.0,158.0,4.0,97.53086419753086,8.0,Bardzo pozytywne
1221,3511030,Mini Cozy Room: Lo-Fi,9093,4.0,4.0,0.0,100.0,0.0,Recenzje użytkowników: 4
1222,387290,Ori and the Blind Forest: Definitive Edition,9079,1416.0,1377.0,39.0,97.2457627118644,9.0,Przytłaczająco pozytywne
1223,2231450,Pizza Tower,9074,795.0,780.0,15.0,98.1132075471698,9.0,Przytłaczająco pozytywne
1224,2665680,Tower of Babel: Survivors of Chaos,9060,50.0,48.0,2.0,96.0,8.0,Bardzo pozytywne
1225,2114740,Blasphemous 2,9055,185.0,166.0,19.0,89.72972972972974,8.0,Bardzo pozytywne
1226,48220,Might & Magic: Heroes VI,9047,332.0,213.0,119.0,64.1566265060241,5.0,Mieszane
1227,253920,Gorky 17,9012,232.0,214.0,18.0,92.24137931034484,8.0,Bardzo pozytywne
1228,3897800,Poker Night at the Inventory,9006,97.0,92.0,5.0,94.84536082474226,8.0,Bardzo pozytywne
1229,1106840,Hydroneer,8996,573.0,506.0,67.0,88.30715532286213,8.0,Bardzo pozytywne
1230,638970,Yakuza 0,8985,890.0,853.0,37.0,95.84269662921348,9.0,Przytłaczająco pozytywne
1231,2739600,剑气劫,8970,0.0,0.0,0.0,0.0,0.0,Brak recenzji użytkowników
1232,544810,KARDS - The WWII Card Game,8966,873.0,775.0,98.0,88.77434135166094,8.0,Bardzo pozytywne
1233,573100,Battlefleet Gothic: Armada 2,8960,143.0,117.0,26.0,81.81818181818183,8.0,Bardzo pozytywne
1234,1535560,Farmer Against Potatoes Idle,8951,124.0,118.0,6.0,95.16129032258064,8.0,Bardzo pozytywne
1235,400750,Call to Arms - Gates of Hell: Ostfront,8950,874.0,784.0,90.0,89.7025171624714,8.0,Bardzo pozytywne
1236,1150440,Aliens: Dark Descent,8919,509.0,454.0,55.0,89.19449901768172,8.0,Bardzo pozytywne
1237,383120,Empyrion - Galactic Survival,8829,299.0,230.0,69.0,76.92307692307693,6.0,W większości pozytywne
1238,2933130,The Lord of the Rings: Return to Moria™,8811,99.0,77.0,22.0,77.77777777777779,6.0,W większości pozytywne
1239,2399420,Le Mans Ultimate,8809,516.0,435.0,81.0,84.30232558139535,8.0,Bardzo pozytywne
1240,1929610,Demonologist,8806,588.0,531.0,57.0,90.3061224489796,8.0,Bardzo pozytywne
1241,2325290,Sky: Children of the Light,8806,186.0,162.0,24.0,87.09677419354838,8.0,Bardzo pozytywne
1242,1324130,Stranded: Alien Dawn,8792,183.0,162.0,21.0,88.52459016393442,8.0,Bardzo pozytywne
1243,2315690,WWE 2K24,8789,144.0,123.0,21.0,85.41666666666666,8.0,Bardzo pozytywne
1244,1895880,Ratchet & Clank: Rift Apart,8757,337.0,329.0,8.0,97.62611275964392,8.0,Bardzo pozytywne
1245,845070,The Awesome Adventures of Captain Spirit,8739,242.0,226.0,16.0,93.38842975206612,8.0,Bardzo pozytywne
1246,1382330,Persona 5 Strikers,8730,98.0,88.0,10.0,89.79591836734694,8.0,Bardzo pozytywne
1247,2668510,Red Dead Redemption,8697,596.0,571.0,25.0,95.80536912751678,9.0,Przytłaczająco pozytywne
1248,3228590,Deadzone: Rogue,8679,146.0,139.0,7.0,95.2054794520548,8.0,Bardzo pozytywne
1249,675010,MudRunner,8667,2147.0,2024.0,123.0,94.27107591988822,8.0,Bardzo pozytywne
1250,1388880,Doki Doki Literature Club Plus!,8662,303.0,296.0,7.0,97.6897689768977,8.0,Bardzo pozytywne
1251,1991040,学生时代,8662,0.0,0.0,0.0,0.0,0.0,Brak recenzji użytkowników
1252,3101040,Magical Girl Witch Trials (魔法少女ノ魔女裁判),8653,1.0,1.0,0.0,100.0,0.0,Recenzje użytkowników: 1
1253,632810,Soundpad Demo,8651,43.0,43.0,0.0,100.0,7.0,Pozytywne
1254,1244090,Sea of Stars: Sunset Edition,8635,63.0,61.0,2.0,96.82539682539682,8.0,Bardzo pozytywne
1255,47410,Stronghold Kingdoms,8616,503.0,395.0,108.0,78.52882703777337,6.0,W większości pozytywne
1256,3436030,IDLE BOSS RUSH,8614,15.0,11.0,4.0,73.33333333333333,6.0,W większości pozytywne
1257,485610,Soccer Online: Ball 3D,8589,1529.0,1366.0,163.0,89.33943754087639,8.0,Bardzo pozytywne
1258,1222700,A Way Out,8582,3939.0,3651.0,288.0,92.68849961919268,8.0,Bardzo pozytywne
1259,1401730,Crashlands 2,8571,10.0,9.0,1.0,90.0,7.0,Pozytywne
1260,774801,Crab Champions,8564,177.0,174.0,3.0,98.30508474576273,8.0,Bardzo pozytywne
1261,1881700,Undawn,8531,64.0,29.0,35.0,45.3125,5.0,Mieszane
1262,1874000,Life is Strange: Double Exposure,8524,175.0,118.0,57.0,67.42857142857143,5.0,Mieszane
1263,257420,Serious Sam 4,8522,400.0,372.0,28.0,93.0,8.0,Bardzo pozytywne
1264,2067920,Rogue: Genesia ,8516,72.0,69.0,3.0,95.83333333333334,8.0,Bardzo pozytywne
1265,349040,NARUTO SHIPPUDEN: Ultimate Ninja STORM 4,8466,1289.0,1208.0,81.0,93.71605896043444,8.0,Bardzo pozytywne
1266,1658280,Eiyuden Chronicle: Hundred Heroes,8466,15.0,11.0,4.0,73.33333333333333,6.0,W większości pozytywne
1267,1805480,Like a Dragon: Ishin!,8461,57.0,50.0,7.0,87.71929824561403,8.0,Bardzo pozytywne
1268,4700,Total War: MEDIEVAL II - Definitive Edition,8453,1771.0,1729.0,42.0,97.62845849802372,9.0,Przytłaczająco pozytywne
1269,254060,KnightShift,8446,219.0,199.0,20.0,90.8675799086758,8.0,Bardzo pozytywne
1270,2353060,Invincible VS,8435,17.0,13.0,4.0,76.47058823529412,6.0,W większości pozytywne
1271,1206610,Rubber Bandits,8430,58.0,44.0,14.0,75.86206896551724,6.0,W większości pozytywne
1272,2827200,MIMESIS,8417,48.0,40.0,8.0,83.33333333333334,7.0,Pozytywne
1273,1007040,EARTH DEFENSE FORCE 5,8416,14.0,12.0,2.0,85.71428571428571,7.0,Pozytywne
1274,3404260,Dead as Disco,8413,124.0,121.0,3.0,97.58064516129032,8.0,Bardzo pozytywne
1275,3400930,Guilty as Sock!,8409,46.0,44.0,2.0,95.65217391304348,7.0,Pozytywne
1276,3585800,Keep Digging,8404,49.0,40.0,9.0,81.63265306122449,7.0,Pozytywne
1277,3917090,Assetto Corsa Rally,8398,368.0,333.0,35.0,90.4891304347826,8.0,Bardzo pozytywne
1278,1605220,Dune: Spice Wars,8397,419.0,364.0,55.0,86.87350835322196,8.0,Bardzo pozytywne
1279,2495100,Hello Kitty Island Adventure,8393,128.0,125.0,3.0,97.65625,8.0,Bardzo pozytywne
1280,1341290,We Were Here Forever,8390,286.0,278.0,8.0,97.2027972027972,8.0,Bardzo pozytywne
1281,595520,FINAL FANTASY XII THE ZODIAC AGE,8386,49.0,48.0,1.0,97.95918367346938,7.0,Pozytywne
1282,2291850,Underground Blossom,8368,75.0,73.0,2.0,97.33333333333334,8.0,Bardzo pozytywne
1283,4126220,Crusaders Quest : Hero Town,8367,0.0,0.0,0.0,0.0,0.0,Brak recenzji użytkowników
1284,47810,Dragon Age: Origins - Ultimate Edition,8364,489.0,427.0,62.0,87.32106339468302,8.0,Bardzo pozytywne
1285,2161440,风帆纪元 Sailing Era,8335,3.0,2.0,1.0,66.66666666666666,0.0,Recenzje użytkowników: 3
1286,217490,Borderlands 2 RU,8332,0.0,0.0,0.0,0.0,0.0,Brak recenzji użytkowników
1287,2385530,PGA TOUR 2K25,8330,9.0,7.0,2.0,77.77777777777779,0.0,Recenzje użytkowników: 9
1288,292120,FINAL FANTASY XIII,8320,120.0,93.0,27.0,77.5,6.0,W większości pozytywne
1289,3937550,Yakuza Kiwami 3 & Dark Ties,8317,26.0,19.0,7.0,73.07692307692307,6.0,W większości pozytywne
1290,1096530,Solasta: Crown of the Magister,8291,182.0,161.0,21.0,88.46153846153845,8.0,Bardzo pozytywne
1291,983870,FOUNDRY,8287,87.0,77.0,10.0,88.50574712643679,8.0,Bardzo pozytywne
1292,1963610,Road to Vostok,8282,105.0,93.0,12.0,88.57142857142857,8.0,Bardzo pozytywne
1293,803050,Per Aspera,8274,60.0,54.0,6.0,90.0,8.0,Bardzo pozytywne
1294,784150,Workers & Resources: Soviet Republic,8264,2392.0,2317.0,75.0,96.86454849498328,9.0,Przytłaczająco pozytywne
1295,644560,Mirror,8250,239.0,226.0,13.0,94.56066945606696,8.0,Bardzo pozytywne
1296,3180070,"No, I'm not a Human",8248,693.0,669.0,24.0,96.53679653679652,9.0,Przytłaczająco pozytywne
1297,4172530,Legend of YMIR,8242,7.0,3.0,4.0,42.85714285714285,0.0,Recenzje użytkowników: 7
1298,3213850,gogh: Focus with Your Avatar,8236,8.0,8.0,0.0,100.0,0.0,Recenzje użytkowników: 8
1299,900040,ELEX II,8233,583.0,458.0,125.0,78.55917667238423,6.0,W większości pozytywne
1300,377840,FINAL FANTASY IX,8229,87.0,85.0,2.0,97.70114942528735,8.0,Bardzo pozytywne
1301,1498570,THE KING OF FIGHTERS XV,8226,12.0,7.0,5.0,58.333333333333336,5.0,Mieszane
1302,364690,SUPER DISTRO,8184,34.0,6.0,28.0,17.647058823529413,3.0,Negatywne
1303,1353230,Bomb Rush Cyberfunk,8174,51.0,51.0,0.0,100.0,8.0,Bardzo pozytywne
1304,1201240,BLEACH Brave Souls - 3D Action,8166,174.0,153.0,21.0,87.93103448275862,8.0,Bardzo pozytywne
1305,826630,Iron Harvest,8164,556.0,465.0,91.0,83.63309352517986,8.0,Bardzo pozytywne
1306,1202130,Starship Troopers: Terran Command,8163,142.0,126.0,16.0,88.73239436619718,8.0,Bardzo pozytywne
1307,3230400,EA SPORTS™ Madden NFL 26,8157,11.0,8.0,3.0,72.72727272727273,6.0,W większości pozytywne
1308,21690,Resident Evil 5,8154,919.0,818.0,101.0,89.00979325353646,8.0,Bardzo pozytywne
1309,2290180,Riders Republic,8145,1218.0,1134.0,84.0,93.10344827586206,8.0,Bardzo pozytywne
1310,813230,ANIMAL WELL,8133,136.0,133.0,3.0,97.79411764705884,8.0,Bardzo pozytywne
1311,2239710,Into the Dead: Our Darkest Days,8132,34.0,33.0,1.0,97.05882352941175,7.0,Pozytywne
1312,38400,Fallout,8130,590.0,559.0,31.0,94.74576271186442,8.0,Bardzo pozytywne
1313,1468260,Leaf Blower Revolution - Idle Game,8125,381.0,355.0,26.0,93.1758530183727,8.0,Bardzo pozytywne
1314,756800,Contraband Police,8124,1748.0,1707.0,41.0,97.65446224256291,9.0,Przytłaczająco pozytywne
1315,585420,Trailmakers,8113,459.0,422.0,37.0,91.93899782135075,8.0,Bardzo pozytywne
1316,2624870,Life is Strange: Reunion,8111,89.0,76.0,13.0,85.39325842696628,8.0,Bardzo pozytywne
1317,763890,Wildermyth,8106,50.0,50.0,0.0,100.0,8.0,Bardzo pozytywne
1318,1372810,Teamfight Manager,8092,14.0,13.0,1.0,92.85714285714286,7.0,Pozytywne
1319,429660,Tales of Berseria,8085,94.0,91.0,3.0,96.80851063829788,8.0,Bardzo pozytywne
1320,632470,Disco Elysium,8081,1810.0,1725.0,85.0,95.30386740331492,9.0,Przytłaczająco pozytywne
1321,365360,Battle Brothers,8060,452.0,425.0,27.0,94.02654867256636,8.0,Bardzo pozytywne
1322,1334000,Wordle,8054,20.0,15.0,5.0,75.0,6.0,W większości pozytywne
1323,699130,World War Z,8036,191.0,162.0,29.0,84.81675392670157,8.0,Bardzo pozytywne
1324,1147690,NGU IDLE,8032,129.0,125.0,4.0,96.89922480620154,8.0,Bardzo pozytywne
1325,2238900,STAR OCEAN THE SECOND STORY R,8028,9.0,9.0,0.0,100.0,0.0,Recenzje użytkowników: 9
1326,3313720,今古群侠传,8026,0.0,0.0,0.0,0.0,0.0,Brak recenzji użytkowników
1327,1548850,Six Days in Fallujah,8021,127.0,101.0,26.0,79.52755905511812,6.0,W większości pozytywne
1328,1256670,Library Of Ruina,8015,161.0,154.0,7.0,95.65217391304348,8.0,Bardzo pozytywne
1329,249230,Risen 3 - Titan Lords,8011,726.0,627.0,99.0,86.36363636363636,8.0,Bardzo pozytywne
1330,936790,Life is Strange: True Colors,8001,336.0,302.0,34.0,89.88095238095238,8.0,Bardzo pozytywne
1331,1490890,Demon Slayer -Kimetsu no Yaiba- The Hinokami Chronicles,7995,227.0,206.0,21.0,90.7488986784141,8.0,Bardzo pozytywne
1332,1258080,Shop Titans,7990,203.0,179.0,24.0,88.17733990147784,8.0,Bardzo pozytywne
1333,1969870,生死狙击2,7987,35.0,22.0,13.0,62.85714285714285,5.0,Mieszane
1334,2951630,Total War: PHARAOH DYNASTIES,7980,185.0,146.0,39.0,78.91891891891892,6.0,W większości pozytywne
1335,488210,JDM Tuner Racing,7970,20.0,16.0,4.0,80.0,7.0,Pozytywne
1336,1660080,Aloft,7970,29.0,25.0,4.0,86.20689655172413,7.0,Pozytywne
1337,753640,Outer Wilds,7936,454.0,420.0,34.0,92.51101321585902,8.0,Bardzo pozytywne
1338,4003800,PRAGMATA SKETCHBOOK - DEMO,7932,0.0,0.0,0.0,0.0,0.0,Brak recenzji użytkowników
1339,568220,Lobotomy Corporation,7928,160.0,154.0,6.0,96.25,8.0,Bardzo pozytywne
1340,9900,Star Trek Online,7910,137.0,116.0,21.0,84.67153284671532,8.0,Bardzo pozytywne
1341,516750,My Summer Car,7897,9358.0,8987.0,371.0,96.035477666168,9.0,Przytłaczająco pozytywne
1342,290080,Life is Feudal: Your Own,7896,243.0,209.0,34.0,86.0082304526749,8.0,Bardzo pozytywne
1343,2513280,SONIC X SHADOW GENERATIONS,7894,163.0,158.0,5.0,96.93251533742333,8.0,Bardzo pozytywne
1344,2772750,Age of History 3,7887,3380.0,3083.0,297.0,91.21301775147928,8.0,Bardzo pozytywne
1345,3300410,Garten of Banban 0,7877,141.0,101.0,40.0,71.63120567375887,6.0,W większości pozytywne
1346,2328480,Ascension,7873,0.0,0.0,0.0,0.0,0.0,Brak recenzji użytkowników
1347,3035570,Assassin's Creed Mirage,7870,328.0,264.0,64.0,80.48780487804879,8.0,Bardzo pozytywne
1348,1499560,LastCloudiaTc,7862,0.0,0.0,0.0,0.0,0.0,Brak recenzji użytkowników
1349,482400,System Shock,7850,186.0,169.0,17.0,90.86021505376344,8.0,Bardzo pozytywne
1350,1798010,Mega Man Battle Network Legacy Collection Vol. 1,7843,1.0,0.0,1.0,0.0,0.0,Recenzje użytkowników: 1
1351,576310,Oracle,7838,4.0,2.0,2.0,50.0,0.0,Recenzje użytkowników: 4
1352,2597080,Realm of Ink,7832,4.0,4.0,0.0,100.0,0.0,Recenzje użytkowników: 4
1353,1718570,ASTLIBRA ～生きた証～ Revision,7828,11.0,9.0,2.0,81.81818181818183,7.0,Pozytywne
1354,1159690,Voidtrain,7824,97.0,75.0,22.0,77.31958762886599,6.0,W większości pozytywne
1355,1449690,The Walking Dead: The Telltale Definitive Series,7820,891.0,885.0,6.0,99.32659932659934,9.0,Przytłaczająco pozytywne
1356,475550,Beholder,7817,1107.0,1069.0,38.0,96.5672990063234,9.0,Przytłaczająco pozytywne
1357,2276930,Chillquarium,7812,58.0,55.0,3.0,94.82758620689656,8.0,Bardzo pozytywne
1358,3504780,Wildgate,7799,18.0,14.0,4.0,77.77777777777779,6.0,W większości pozytywne
1359,1797880,Lost Light,7787,281.0,156.0,125.0,55.51601423487544,5.0,Mieszane
1360,504230,Celeste,7782,916.0,883.0,33.0,96.39737991266377,9.0,Przytłaczająco pozytywne
1361,669330,Mechabellum,7782,194.0,175.0,19.0,90.20618556701032,8.0,Bardzo pozytywne
1362,200170,Worms Revolution,7770,439.0,397.0,42.0,90.43280182232346,8.0,Bardzo pozytywne
1363,1825750,SoulWorker,7767,299.0,238.0,61.0,79.59866220735786,6.0,W większości pozytywne
1364,3036080,Shawarma Legend,7766,10.0,10.0,0.0,100.0,7.0,Pozytywne
1365,3199170,BLOODSTRIKE,7765,207.0,174.0,33.0,84.05797101449275,8.0,Bardzo pozytywne
1366,239820,Game Dev Tycoon,7761,1212.0,1176.0,36.0,97.02970297029702,9.0,Przytłaczająco pozytywne
1367,30,Day of Defeat,7758,272.0,246.0,26.0,90.44117647058825,8.0,Bardzo pozytywne
1368,942970,Unheard,7754,29.0,28.0,1.0,96.55172413793105,7.0,Pozytywne
1369,736220,Squad 44,7753,466.0,376.0,90.0,80.68669527896995,8.0,Bardzo pozytywne
1370,1161580,Hardspace: Shipbreaker,7731,176.0,167.0,9.0,94.88636363636364,8.0,Bardzo pozytywne
1371,606280,Darksiders III,7730,292.0,253.0,39.0,86.64383561643835,8.0,Bardzo pozytywne
1372,397900,Business Tour - Online Multiplayer Board Game,7707,13620.0,9338.0,4282.0,68.56093979441997,5.0,Mieszane
1373,601840,Griftlands,7693,76.0,71.0,5.0,93.42105263157896,8.0,Bardzo pozytywne
1374,1537830,Disney Speedstorm,7675,79.0,59.0,20.0,74.68354430379746,6.0,W większości pozytywne
1375,1562700,SANABI,7663,30.0,30.0,0.0,100.0,7.0,Pozytywne
1376,2169200,Sniper Elite: Resistance,7652,125.0,99.0,26.0,79.2,6.0,W większości pozytywne
1377,843380,Super Animal Royale,7648,1025.0,987.0,38.0,96.29268292682926,9.0,Przytłaczająco pozytywne
1378,1904480,Absolum,7642,37.0,37.0,0.0,100.0,7.0,Pozytywne
1379,3198850,Play Together,7633,0.0,0.0,0.0,0.0,0.0,Brak recenzji użytkowników
1380,631510,Devil May Cry HD Collection,7622,456.0,428.0,28.0,93.859649122807,8.0,Bardzo pozytywne
1381,343360,Particula,7590,64.0,39.0,25.0,60.9375,5.0,Mieszane
1382,2933080,Crime Boss: Rockay City,7586,97.0,77.0,20.0,79.38144329896907,6.0,W większości pozytywne
1383,682990,Drug Dealer Simulator,7574,1638.0,1524.0,114.0,93.04029304029304,8.0,Bardzo pozytywne
1384,373420,Divinity: Original Sin Enhanced Edition,7565,647.0,598.0,49.0,92.42658423493046,8.0,Bardzo pozytywne
1385,2453360,鸡械绿洲,7565,1.0,1.0,0.0,100.0,0.0,Recenzje użytkowników: 1
1386,2005010,"Warhammer 40,000: Boltgun",7561,297.0,270.0,27.0,90.9090909090909,8.0,Bardzo pozytywne
1387,1649080,Two Point Campus,7553,122.0,112.0,10.0,91.8032786885246,8.0,Bardzo pozytywne
1388,8190,Just Cause 2,7547,1326.0,1200.0,126.0,90.49773755656108,8.0,Bardzo pozytywne
1389,814000,ONE PIECE ODYSSEY,7545,44.0,40.0,4.0,90.9090909090909,7.0,Pozytywne
1390,1359090,Zero Hour,7537,494.0,385.0,109.0,77.93522267206477,6.0,W większości pozytywne
1391,3026450,Deadly Days: Roadtrip,7520,6.0,6.0,0.0,100.0,0.0,Recenzje użytkowników: 6
1392,2051620,Enlisted,7518,2000.0,1765.0,235.0,88.25,8.0,Bardzo pozytywne
1393,300,Day of Defeat: Source,7507,402.0,376.0,26.0,93.53233830845772,8.0,Bardzo pozytywne
1394,1284410,GWENT: The Witcher Card Game,7504,1990.0,1853.0,137.0,93.11557788944724,8.0,Bardzo pozytywne
1395,2294660,The Quinfall,7504,232.0,116.0,116.0,50.0,5.0,Mieszane
1396,375450,NOBUNAGA'S AMBITION: Sphere of Influence - Ascension,7488,1.0,1.0,0.0,100.0,0.0,Recenzje użytkowników: 1
1397,601360,Portal: Revolution,7483,601.0,582.0,19.0,96.83860232945092,9.0,Przytłaczająco pozytywne
1398,253900,Knights and Merchants,7481,530.0,489.0,41.0,92.26415094339625,8.0,Bardzo pozytywne
1399,3244220,A Game About Digging A Hole™,7477,440.0,402.0,38.0,91.36363636363636,8.0,Bardzo pozytywne
1400,326460,ShellShock Live,7455,256.0,242.0,14.0,94.53125,8.0,Bardzo pozytywne
1401,2436940,Sephiria,7451,7.0,7.0,0.0,100.0,0.0,Recenzje użytkowników: 7
1402,375910,Anno 2205,7446,87.0,75.0,12.0,86.20689655172413,8.0,Bardzo pozytywne
1403,2060160,The Farmer Was Replaced,7436,49.0,47.0,2.0,95.91836734693877,7.0,Pozytywne
1404,1451190,Undisputed,7433,450.0,280.0,170.0,62.22222222222222,5.0,Mieszane
1405,698780,Doki Doki Literature Club,7402,4609.0,4383.0,226.0,95.09655022781514,9.0,Przytłaczająco pozytywne
1406,3103840,TCG Card Shop Simulator: Prologue,7389,55.0,51.0,4.0,92.72727272727272,8.0,Bardzo pozytywne
1407,544730,Catan Universe,7376,278.0,144.0,134.0,51.798561151079134,5.0,Mieszane
1408,1526490,恐惧之间 Fear surrounds,7373,3.0,2.0,1.0,66.66666666666666,0.0,Recenzje użytkowników: 3
1409,3478870,GeoGuessr Steam Edition,7363,1591.0,1064.0,527.0,66.87617850408549,5.0,Mieszane
1410,977400,Cell to Singularity - Evolution Never Ends,7340,912.0,852.0,60.0,93.42105263157896,8.0,Bardzo pozytywne
1411,2879840,Escape Simulator 2,7340,71.0,71.0,0.0,100.0,8.0,Bardzo pozytywne
1412,961200,Predecessor,7339,135.0,99.0,36.0,73.33333333333333,6.0,W większości pozytywne
1413,253230,A Hat in Time,7312,334.0,332.0,2.0,99.4011976047904,8.0,Bardzo pozytywne
1414,1114150,CarX Street,7302,508.0,371.0,137.0,73.03149606299213,6.0,W większości pozytywne
1415,410900,Forts,7280,551.0,522.0,29.0,94.73684210526316,8.0,Bardzo pozytywne
1416,2157560,Granblue Fantasy Versus: Rising,7278,18.0,16.0,2.0,88.88888888888889,7.0,Pozytywne
1417,992300,嗜血印 Bloody Spell,7267,58.0,50.0,8.0,86.20689655172413,8.0,Bardzo pozytywne
1418,607080,Psychonauts 2,7262,97.0,94.0,3.0,96.90721649484536,8.0,Bardzo pozytywne
1419,515570,UBERMOSH Vol.3,7259,3.0,2.0,1.0,66.66666666666666,0.0,Recenzje użytkowników: 3
1420,835960,The Talos Principle 2,7258,187.0,184.0,3.0,98.3957219251337,8.0,Bardzo pozytywne
1421,1937500,Let's School,7255,25.0,23.0,2.0,92.0,7.0,Pozytywne
1422,438480,Rock 'N' Roll Defense,7252,36.0,28.0,8.0,77.77777777777779,6.0,W większości pozytywne
1423,2064650,Tower of Fantasy,7210,151.0,113.0,38.0,74.83443708609272,6.0,W większości pozytywne
1424,494840,UBOAT,7201,708.0,624.0,84.0,88.13559322033898,8.0,Bardzo pozytywne
1425,843660,Rogue Agent,7197,9.0,8.0,1.0,88.88888888888889,0.0,Recenzje użytkowników: 9
1426,1449560,Metro Exodus Enhanced Edition,7190,968.0,887.0,81.0,91.63223140495867,8.0,Bardzo pozytywne
1427,704850,Thief Simulator,7188,2233.0,2095.0,138.0,93.81997313031796,8.0,Bardzo pozytywne
1428,3220060,The Weeping Swan: Ten Days of the City's Fall,7177,1.0,1.0,0.0,100.0,0.0,Recenzje użytkowników: 1
1429,2778610,Over The Top: WWI,7170,40.0,36.0,4.0,90.0,7.0,Pozytywne
1430,3092660,Reverse: 1999,7168,52.0,47.0,5.0,90.3846153846154,8.0,Bardzo pozytywne
1431,640380,UBERMOSH Vol.5,7161,6.0,5.0,1.0,83.33333333333334,0.0,Recenzje użytkowników: 6
1432,362890,Black Mesa,7158,2266.0,2198.0,68.0,96.99911738746692,9.0,Przytłaczająco pozytywne
1433,1721110,Abyssus,7157,12.0,9.0,3.0,75.0,6.0,W większości pozytywne
1434,4056970,Live Wallpaper,7150,8.0,7.0,1.0,87.5,0.0,Recenzje użytkowników: 8
1435,2281730,Combat Master,7141,851.0,731.0,120.0,85.89894242068155,8.0,Bardzo pozytywne
1436,562360,"Planes, Bullets and Vodka",7140,38.0,34.0,4.0,89.47368421052632,7.0,Pozytywne
1437,349460,Lord of the Dark Castle,7137,2.0,1.0,1.0,50.0,0.0,Recenzje użytkowników: 2
1438,2076010,UNDER NIGHT IN-BIRTH II Sys:Celes,7109,6.0,6.0,0.0,100.0,0.0,Recenzje użytkowników: 6
1439,3861430,Bongo Waifu,7107,6.0,6.0,0.0,100.0,0.0,Recenzje użytkowników: 6
1440,1455840,Dorfromantik,7101,508.0,493.0,15.0,97.0472440944882,9.0,Przytłaczająco pozytywne
1441,1602010,Persona 4 Arena Ultimax,7099,21.0,18.0,3.0,85.71428571428571,7.0,Pozytywne
1442,1188930,Chrono Ark,7084,17.0,17.0,0.0,100.0,7.0,Pozytywne
1443,539720,Razortron 2000,7083,35.0,29.0,6.0,82.85714285714286,7.0,Pozytywne
1444,1338770,Sniper Ghost Warrior Contracts 2,7055,585.0,530.0,55.0,90.5982905982906,8.0,Bardzo pozytywne
1445,1356670,Sakuna: Of Rice and Ruin,7043,1.0,1.0,0.0,100.0,0.0,Recenzje użytkowników: 1
1446,1372110,JoJo's Bizarre Adventure: All-Star Battle R,7029,253.0,242.0,11.0,95.65217391304348,8.0,Bardzo pozytywne
1447,3669570,Alchemy Factory,7015,11.0,11.0,0.0,100.0,7.0,Pozytywne
1448,385770,Time Clickers,7003,161.0,144.0,17.0,89.44099378881988,8.0,Bardzo pozytywne
1449,673950,Farm Together,6998,213.0,197.0,16.0,92.48826291079811,8.0,Bardzo pozytywne
1450,780290,Gloomhaven,6983,134.0,116.0,18.0,86.56716417910447,8.0,Bardzo pozytywne
1451,4111370,Birdwatching Notebook,6983,0.0,0.0,0.0,0.0,0.0,Brak recenzji użytkowników
1452,584100,Mad Digger,6975,8.0,7.0,1.0,87.5,0.0,Recenzje użytkowników: 8
1453,1667400,Cute Cats,6975,15.0,15.0,0.0,100.0,7.0,Pozytywne
1454,1814710,Cute Dogs,6973,10.0,10.0,0.0,100.0,7.0,Pozytywne
1455,877280,SAO Utils 2: Progressive,6966,5.0,3.0,2.0,60.0,0.0,Recenzje użytkowników: 5
1456,382310,Eco,6964,102.0,84.0,18.0,82.35294117647058,8.0,Bardzo pozytywne
1457,254100,World War II: Panzer Claws,6962,24.0,18.0,6.0,75.0,6.0,W większości pozytywne
1458,1399720,Antimatter Dimensions,6962,72.0,68.0,4.0,94.44444444444444,8.0,Bardzo pozytywne
1459,3164330,Infinity Nikki,6954,109.0,73.0,36.0,66.97247706422019,5.0,Mieszane
1460,3400960,Oaken Tower,6950,20.0,18.0,2.0,90.0,7.0,Pozytywne
1461,444940,UBERMOSH:BLACK,6944,7.0,4.0,3.0,57.14285714285714,0.0,Recenzje użytkowników: 7
1462,761830,Mr. Prepper,6911,220.0,186.0,34.0,84.54545454545455,8.0,Bardzo pozytywne
1463,3107230,Pantheon: Rise of the Fallen,6908,7.0,4.0,3.0,57.14285714285714,0.0,Recenzje użytkowników: 7
1464,3003300,ZM Desktop Elf,6907,0.0,0.0,0.0,0.0,0.0,Brak recenzji użytkowników
1465,2617700,Tinkerlands,6887,26.0,26.0,0.0,100.0,7.0,Pozytywne
1466,1637320,Dome Keeper,6883,285.0,271.0,14.0,95.08771929824562,8.0,Bardzo pozytywne
1467,219150,Hotline Miami,6878,2544.0,2466.0,78.0,96.93396226415094,9.0,Przytłaczająco pozytywne
1468,200260,Batman: Arkham City GOTY,6871,1720.0,1678.0,42.0,97.55813953488372,9.0,Przytłaczająco pozytywne
1469,738520,Breathedge,6857,172.0,152.0,20.0,88.37209302325581,8.0,Bardzo pozytywne
1470,288390,NOBUNAGA'S AMBITION: Souzou with Power Up Kit,6856,0.0,0.0,0.0,0.0,0.0,Brak recenzji użytkowników
1471,431730,Aseprite,6845,221.0,217.0,4.0,98.19004524886876,8.0,Bardzo pozytywne
1472,1009850,OVR Advanced Settings,6842,21.0,19.0,2.0,90.47619047619048,7.0,Pozytywne
1473,573090,Stormworks: Build and Rescue,6820,702.0,642.0,60.0,91.45299145299144,8.0,Bardzo pozytywne
1474,371970,Barony,6790,120.0,113.0,7.0,94.16666666666669,8.0,Bardzo pozytywne
1475,2478970,Tomb Raider I-III Remastered Starring Lara Croft,6789,209.0,181.0,28.0,86.60287081339713,8.0,Bardzo pozytywne
1476,765160,Weable 2,6781,4.0,4.0,0.0,100.0,0.0,Recenzje użytkowników: 4
1477,3109580,I Am Legion: Stand Survivors,6776,15.0,15.0,0.0,100.0,7.0,Pozytywne
1478,378860,Project CARS 2,6775,454.0,377.0,77.0,83.03964757709251,8.0,Bardzo pozytywne
1479,1105670,The Last Spell,6755,161.0,157.0,4.0,97.51552795031056,8.0,Bardzo pozytywne
1480,394510,HELLDIVERS™,6744,311.0,290.0,21.0,93.2475884244373,8.0,Bardzo pozytywne
1481,35140,Batman: Arkham Asylum GOTY Edition,6739,1668.0,1630.0,38.0,97.72182254196645,9.0,Przytłaczająco pozytywne
1482,2016460,Tales of the Shire: A The Lord of The Rings™ Game,6723,30.0,26.0,4.0,86.66666666666667,7.0,Pozytywne
1483,2239150,Thronefall,6723,316.0,303.0,13.0,95.88607594936708,8.0,Bardzo pozytywne
1484,2782500,逆水寒,6722,20.0,11.0,9.0,55.00000000000001,5.0,Mieszane
1485,3654560,Plants vs. Zombies™: Replanted,6710,93.0,66.0,27.0,70.96774193548387,6.0,W większości pozytywne
1486,1689620,BLEACH Rebirth of Souls,6709,83.0,50.0,33.0,60.24096385542169,5.0,Mieszane
1487,2890830,Streamer Life Simulator 2,6703,158.0,140.0,18.0,88.60759493670885,8.0,Bardzo pozytywne
1488,1649240,Returnal™,6691,106.0,96.0,10.0,90.56603773584906,8.0,Bardzo pozytywne
1489,403190,Planetbase,6670,45.0,34.0,11.0,75.55555555555556,6.0,W większości pozytywne
1490,108710,Alan Wake,6652,1422.0,1312.0,110.0,92.26441631504925,8.0,Bardzo pozytywne
1491,70110,Hacker Evolution - Untold,6640,29.0,13.0,16.0,44.82758620689656,5.0,Mieszane
1492,1005300,The Jackbox Party Pack 6,6630,4.0,4.0,0.0,100.0,0.0,Recenzje użytkowników: 4
1493,3513600,女吊,6629,0.0,0.0,0.0,0.0,0.0,Brak recenzji użytkowników
1494,451340,Gold Mining Simulator,6625,496.0,403.0,93.0,81.25,8.0,Bardzo pozytywne
1495,2229850,Command & Conquer: Red Alert™ 2 and Yuri’s Revenge™,6617,115.0,113.0,2.0,98.2608695652174,8.0,Bardzo pozytywne
1496,1435790,Escape Simulator,6616,174.0,168.0,6.0,96.55172413793105,8.0,Bardzo pozytywne
1497,3238670,Conquest Dark,6605,30.0,28.0,2.0,93.33333333333331,7.0,Pozytywne
1498,1056960,Wolfenstein: Youngblood,6582,475.0,247.0,228.0,52.0,5.0,Mieszane
1499,208580,STAR WARS™ Knights of the Old Republic™ II: The Sith Lords™,6581,406.0,394.0,12.0,97.04433497536948,8.0,Bardzo pozytywne
1500,225840,Sven Co-op,6572,705.0,646.0,59.0,91.63120567375888,8.0,Bardzo pozytywne
1501,3717070,WWE 2K26,6570,34.0,26.0,8.0,76.47058823529412,6.0,W większości pozytywne
1502,1809540,Nine Sols,6568,373.0,356.0,17.0,95.44235924932975,8.0,Bardzo pozytywne
1503,636150,Cyberhunt,6546,23.0,18.0,5.0,78.26086956521739,6.0,W większości pozytywne
1504,374040,Portal Knights,6545,207.0,181.0,26.0,87.43961352657004,8.0,Bardzo pozytywne
1505,3282390, 完蛋！我被美女包围了！ 2,6515,0.0,0.0,0.0,0.0,0.0,Brak recenzji użytkowników
1506,236690,Blood Bowl 2,6511,110.0,96.0,14.0,87.27272727272727,8.0,Bardzo pozytywne
1507,9480,Saints Row 2,6509,931.0,784.0,147.0,84.21052631578947,8.0,Bardzo pozytywne
1508,1289310,Helltaker,6509,5038.0,4928.0,110.0,97.81659388646288,9.0,Przytłaczająco pozytywne
1509,2527390,Dead Rising Deluxe Remaster,6497,19.0,15.0,4.0,78.94736842105263,6.0,W większości pozytywne
1510,738060,Freddy Fazbear's Pizzeria Simulator,6492,1340.0,1263.0,77.0,94.2537313432836,8.0,Bardzo pozytywne
1511,1426450,Age of Darkness: Final Stand,6492,260.0,215.0,45.0,82.6923076923077,8.0,Bardzo pozytywne
1512,70100,Hacker Evolution,6487,43.0,26.0,17.0,60.46511627906976,5.0,Mieszane
1513,445980,Wizard of Legend,6487,123.0,114.0,9.0,92.6829268292683,8.0,Bardzo pozytywne
1514,2155180,Pioneers of Pagonia,6478,134.0,108.0,26.0,80.59701492537313,8.0,Bardzo pozytywne
1515,784080,MechWarrior 5: Mercenaries,6476,66.0,58.0,8.0,87.87878787878788,8.0,Bardzo pozytywne
1516,1048370,Idle Skilling,6466,45.0,34.0,11.0,75.55555555555556,6.0,W większości pozytywne
1517,2920570,Dale & Dawson Stationery Supplies,6465,385.0,365.0,20.0,94.8051948051948,8.0,Bardzo pozytywne
1518,377300,Thunder Tier One,6453,61.0,54.0,7.0,88.52459016393442,8.0,Bardzo pozytywne
1519,985890,Streets of Rage 4,6438,31.0,30.0,1.0,96.7741935483871,7.0,Pozytywne
1520,710920,Darksiders Genesis,6433,227.0,194.0,33.0,85.46255506607929,8.0,Bardzo pozytywne
1521,238370,Magicka 2,6426,352.0,312.0,40.0,88.63636363636364,8.0,Bardzo pozytywne
1522,933820,Endzone - A World Apart,6426,92.0,69.0,23.0,75.0,6.0,W większości pozytywne
1523,39140,FINAL FANTASY VII (2013),6424,231.0,222.0,9.0,96.1038961038961,8.0,Bardzo pozytywne
1524,3214610,Cinderia,6416,7.0,6.0,1.0,85.71428571428571,0.0,Recenzje użytkowników: 7
1525,3314070,The Sims™ 2 Legacy Collection,6401,118.0,80.0,38.0,67.79661016949152,5.0,Mieszane
1526,2003310,Wallpaper Alive,6396,244.0,200.0,44.0,81.9672131147541,8.0,Bardzo pozytywne
1527,22330,The Elder Scrolls IV: Oblivion Game of the Year Edition (2009),6390,448.0,427.0,21.0,95.3125,8.0,Bardzo pozytywne
1528,1041720,Kingdoms of Amalur: Re-Reckoning,6390,71.0,49.0,22.0,69.01408450704226,5.0,Mieszane
1529,3946110,Fracture Field,6389,6.0,6.0,0.0,100.0,0.0,Recenzje użytkowników: 6
1530,2471100,Unnamed Space Idle,6385,41.0,40.0,1.0,97.5609756097561,7.0,Pozytywne
1531,463530,Empires of the Undergrowth,6367,206.0,198.0,8.0,96.11650485436894,8.0,Bardzo pozytywne
1532,1577120,The Quarry,6349,848.0,776.0,72.0,91.50943396226415,8.0,Bardzo pozytywne
1533,953490,CARRION,6347,398.0,391.0,7.0,98.24120603015076,8.0,Bardzo pozytywne
1534,2235200,Neon Abyss 2,6346,5.0,4.0,1.0,80.0,0.0,Recenzje użytkowników: 5
1535,1369630,ENDER LILIES: Quietus of the Knights,6332,124.0,118.0,6.0,95.16129032258064,8.0,Bardzo pozytywne
1536,1351080,Pharaoh: A New Era,6321,151.0,116.0,35.0,76.82119205298014,6.0,W większości pozytywne
1537,3059070,The Headliners,6315,108.0,94.0,14.0,87.03703703703704,8.0,Bardzo pozytywne
1538,633230,NARUTO TO BORUTO: SHINOBI STRIKER,6310,1716.0,1558.0,158.0,90.7925407925408,8.0,Bardzo pozytywne
1539,2429860,Living With Sister: Monochrome Fantasy,6305,4.0,3.0,1.0,75.0,0.0,Recenzje użytkowników: 4
1540,226860,Galactic Civilizations III,6297,64.0,50.0,14.0,78.125,6.0,W większości pozytywne
1541,3528450,纸房子 Sweet Home,6295,0.0,0.0,0.0,0.0,0.0,Brak recenzji użytkowników
1542,788100,Neon Abyss,6278,109.0,104.0,5.0,95.41284403669724,8.0,Bardzo pozytywne
1543,2918500,Cozy Island,6273,0.0,0.0,0.0,0.0,0.0,Brak recenzji użytkowników
1544,456610,Pro Evolution Soccer 2017,6266,55.0,47.0,8.0,85.45454545454545,8.0,Bardzo pozytywne
1545,610080,Realm Grinder,6265,125.0,110.0,15.0,88.0,8.0,Bardzo pozytywne
1546,415200,Motorsport Manager,6251,374.0,353.0,21.0,94.38502673796792,8.0,Bardzo pozytywne
1547,606150,Moonlighter,6229,357.0,318.0,39.0,89.07563025210085,8.0,Bardzo pozytywne
1548,1041320,Lords Mobile: Kingdom Wars,6224,151.0,111.0,40.0,73.50993377483444,6.0,W większości pozytywne
1549,4078200,Dwarf Eats Mountain,6200,7.0,6.0,1.0,85.71428571428571,0.0,Recenzje użytkowników: 7
1550,2764370,星之翼（Starward）,6195,7.0,5.0,2.0,71.42857142857143,0.0,Recenzje użytkowników: 7
1551,288470,Fable Anniversary,6186,258.0,234.0,24.0,90.69767441860463,8.0,Bardzo pozytywne
1552,210970,The Witness,6185,172.0,151.0,21.0,87.79069767441861,8.0,Bardzo pozytywne
1553,2499870,DRAGON QUEST VII Reimagined Demo,6182,0.0,0.0,0.0,0.0,0.0,Brak recenzji użytkowników
1554,921570,OCTOPATH TRAVELER,6177,30.0,28.0,2.0,93.33333333333331,7.0,Pozytywne
1555,2404880,Car Dealer Simulator,6172,275.0,241.0,34.0,87.63636363636364,8.0,Bardzo pozytywne
1556,2916430,Fast Food Simulator,6172,147.0,133.0,14.0,90.47619047619048,8.0,Bardzo pozytywne
1557,1030830,Mafia II: Definitive Edition,6162,1311.0,1106.0,205.0,84.3630816170862,8.0,Bardzo pozytywne
1558,979110,Space Haven,6160,114.0,103.0,11.0,90.35087719298248,8.0,Bardzo pozytywne
1559,282440,Quake Live,6154,466.0,414.0,52.0,88.8412017167382,8.0,Bardzo pozytywne
1560,1343370,Old School RuneScape,6151,103.0,84.0,19.0,81.55339805825243,8.0,Bardzo pozytywne
1561,235600,Tom Clancy's Splinter Cell Blacklist,6146,207.0,177.0,30.0,85.5072463768116,8.0,Bardzo pozytywne
1562,384300,CPUCores :: Maximize Your FPS,6139,25.0,14.0,11.0,56.00000000000001,5.0,Mieszane
1563,1782120,ZERO Sievert,6136,193.0,177.0,16.0,91.70984455958548,8.0,Bardzo pozytywne
1564,2719030,Meme Mayhem,6133,14.0,13.0,1.0,92.85714285714286,7.0,Pozytywne
1565,1817230,Hi-Fi RUSH,6132,267.0,262.0,5.0,98.12734082397004,8.0,Bardzo pozytywne
1566,239030,"Papers, Please",6129,1789.0,1747.0,42.0,97.65231973169368,9.0,Przytłaczająco pozytywne
1567,2893820,Of Ash and Steel,6108,228.0,122.0,106.0,53.50877192982456,5.0,Mieszane
1568,3057940,Ducks,6097,8.0,5.0,3.0,62.5,0.0,Recenzje użytkowników: 8
1569,801800,Atomfall,6095,73.0,60.0,13.0,82.1917808219178,8.0,Bardzo pozytywne
1570,614570,Dishonored®: Death of the Outsider™ ,6086,252.0,231.0,21.0,91.66666666666666,8.0,Bardzo pozytywne
1571,293180,Overcast - Walden and the Werewolf,6084,96.0,64.0,32.0,66.66666666666666,5.0,Mieszane
1572,3867950,造梦西游：无双,6081,0.0,0.0,0.0,0.0,0.0,Brak recenzji użytkowników
1573,2683150,Ale & Tale Tavern,6075,263.0,248.0,15.0,94.29657794676804,8.0,Bardzo pozytywne
1574,2634890,MARVEL vs. CAPCOM Fighting Collection: Arcade Classics,6072,5.0,5.0,0.0,100.0,0.0,Recenzje użytkowników: 5
1575,3393070,KAIJU NO. 8 THE GAME,6071,13.0,10.0,3.0,76.92307692307693,6.0,W większości pozytywne
1576,3009300,Teamfight Manager 2,6070,4.0,2.0,2.0,50.0,0.0,Recenzje użytkowników: 4
1577,1245560,Roots of Pacha,6062,49.0,47.0,2.0,95.91836734693877,7.0,Pozytywne
1578,736820,Knights of Honor II: Sovereign,6061,297.0,250.0,47.0,84.17508417508418,8.0,Bardzo pozytywne
1579,2646320,息风谷战略,6060,1.0,1.0,0.0,100.0,0.0,Recenzje użytkowników: 1
1580,610370,Desperados III,6057,320.0,313.0,7.0,97.8125,8.0,Bardzo pozytywne
1581,314160,Microsoft Flight Simulator X: Steam Edition,6051,329.0,298.0,31.0,90.5775075987842,8.0,Bardzo pozytywne
1582,2904040,Cheap Car Repair,6038,1247.0,1202.0,45.0,96.39133921411388,9.0,Przytłaczająco pozytywne
1583,313120,Stranded Deep,6036,478.0,365.0,113.0,76.35983263598327,6.0,W większości pozytywne
1584,3285500,Three Kingdoms Mushouden,6033,0.0,0.0,0.0,0.0,0.0,Brak recenzji użytkowników
1585,1139980,Travellers Rest,6030,271.0,255.0,16.0,94.0959409594096,8.0,Bardzo pozytywne
1586,2878960,WWE 2K25,6018,146.0,121.0,25.0,82.87671232876713,8.0,Bardzo pozytywne
1587,3918510,SpiritVale Playtest,6018,1.0,1.0,0.0,100.0,0.0,Recenzje użytkowników: 1
1588,385400,Weapons Genius,5994,26.0,12.0,14.0,46.15384615384615,5.0,Mieszane
1589,1492070,Sker Ritual,5992,22.0,10.0,12.0,45.45454545454545,5.0,Mieszane
1590,3358250,Loot of Baal,5986,1.0,1.0,0.0,100.0,0.0,Recenzje użytkowników: 1
1591,933480,Enderal: Forgotten Stories,5983,276.0,259.0,17.0,93.84057971014492,8.0,Bardzo pozytywne
1592,378540,The Surge,5978,212.0,158.0,54.0,74.52830188679245,6.0,W większości pozytywne
1593,414700,Outlast 2,5966,1883.0,1738.0,145.0,92.299522039299,8.0,Bardzo pozytywne
1594,249130,LEGO® MARVEL Super Heroes,5953,1945.0,1899.0,46.0,97.63496143958868,9.0,Przytłaczająco pozytywne
1595,758190,Dragon Cliff 龙崖,5953,8.0,8.0,0.0,100.0,0.0,Recenzje użytkowników: 8
1596,388160,Project Druid - 2D Labyrinth Explorer-,5952,4.0,2.0,2.0,50.0,0.0,Recenzje użytkowników: 4
1597,1272320,Diplomacy is Not an Option,5950,130.0,118.0,12.0,90.76923076923076,8.0,Bardzo pozytywne
1598,1239080,Door Kickers 2,5949,178.0,175.0,3.0,98.31460674157304,8.0,Bardzo pozytywne
1599,1763250,SWORN,5947,36.0,32.0,4.0,88.88888888888889,7.0,Pozytywne
1600,1286220,Sea Power,5944,54.0,51.0,3.0,94.44444444444444,8.0,Bardzo pozytywne
1601,410320,EARTH DEFENSE FORCE 4.1  The Shadow of New Despair,5940,37.0,35.0,2.0,94.5945945945946,7.0,Pozytywne
1602,1812820,Bitburner,5935,78.0,76.0,2.0,97.43589743589745,8.0,Bardzo pozytywne
1603,831560,WARRIORS OROCHI 4,5924,3.0,3.0,0.0,100.0,0.0,Recenzje użytkowników: 3
1604,2582560,EA SPORTS™ Madden NFL 25,5917,8.0,5.0,3.0,62.5,0.0,Recenzje użytkowników: 8
1605,1593030,Terra Nil,5916,63.0,56.0,7.0,88.88888888888889,8.0,Bardzo pozytywne
1606,228200,Company of Heroes ,5906,547.0,530.0,17.0,96.89213893967091,9.0,Przytłaczająco pozytywne
1607,2808930,Lust Goddess,5885,248.0,168.0,80.0,67.74193548387096,5.0,Mieszane
1608,212480,Sonic & All-Stars Racing Transformed Collection,5861,177.0,166.0,11.0,93.78531073446328,8.0,Bardzo pozytywne
1609,248530,Depth Hunter 2: Deep Dive,5847,70.0,53.0,17.0,75.71428571428571,6.0,W większości pozytywne
1610,469600,Legion TD 2,5834,268.0,258.0,10.0,96.26865671641792,8.0,Bardzo pozytywne
1611,3985950,R.I.P. - Reincarnation Insurance Program,5801,8.0,7.0,1.0,87.5,0.0,Recenzje użytkowników: 8
1612,333420,Cossacks 3,5797,1166.0,1056.0,110.0,90.56603773584906,8.0,Bardzo pozytywne
1613,1811990,Wildfrost,5797,31.0,27.0,4.0,87.09677419354838,7.0,Pozytywne
1614,1121640,The Wandering Village,5786,106.0,102.0,4.0,96.22641509433964,8.0,Bardzo pozytywne
1615,2681030,Outbound,5778,14.0,12.0,2.0,85.71428571428571,7.0,Pozytywne
1616,2244130,Ratopia,5772,5.0,5.0,0.0,100.0,0.0,Recenzje użytkowników: 5
1617,3372980,Tower Wizard,5772,88.0,86.0,2.0,97.72727272727272,8.0,Bardzo pozytywne
1618,701470,TTV2,5766,9.0,9.0,0.0,100.0,0.0,Recenzje użytkowników: 9
1619,232890,Stronghold Crusader 2,5763,1763.0,1496.0,267.0,84.85536018150879,8.0,Bardzo pozytywne
1620,220440,DmC Devil May Cry,5757,541.0,513.0,28.0,94.82439926062848,8.0,Bardzo pozytywne
1621,962730,Skater XL,5741,222.0,200.0,22.0,90.09009009009009,8.0,Bardzo pozytywne
1622,1218740,Rakion Chaos Force,5740,3.0,2.0,1.0,66.66666666666666,0.0,Recenzje użytkowników: 3
1623,628750,aMAZE 2,5735,25.0,23.0,2.0,92.0,7.0,Pozytywne
1624,546090,Trip to Vinelands,5730,8.0,8.0,0.0,100.0,0.0,Recenzje użytkowników: 8
1625,285920,TerraTech,5726,229.0,208.0,21.0,90.82969432314412,8.0,Bardzo pozytywne
1626,32470,STAR WARS™ Empire at War: Gold Pack,5716,712.0,704.0,8.0,98.87640449438202,9.0,Przytłaczająco pozytywne
1627,1063420,Void Crew,5716,45.0,37.0,8.0,82.22222222222221,7.0,Pozytywne
1628,1126320,Being a DIK,5709,108.0,105.0,3.0,97.2222222222222,8.0,Bardzo pozytywne
1629,1063660,Bendy and the Dark Revival,5703,326.0,303.0,23.0,92.94478527607362,8.0,Bardzo pozytywne
1630,2230110,Fae Farm,5692,19.0,17.0,2.0,89.47368421052632,7.0,Pozytywne
1631,564710,Soda Dungeon,5690,99.0,94.0,5.0,94.94949494949496,8.0,Bardzo pozytywne
1632,260230,Valiant Hearts: The Great War™ / Soldats Inconnus : Mémoires de la Grande Guerre™,5683,430.0,419.0,11.0,97.44186046511628,8.0,Bardzo pozytywne
1633,553540,Phantom Brigade,5671,15.0,15.0,0.0,100.0,7.0,Pozytywne
1634,57300,Amnesia: The Dark Descent,5666,734.0,690.0,44.0,94.00544959128064,8.0,Bardzo pozytywne
1635,1469610,Last Train Home,5664,113.0,107.0,6.0,94.69026548672566,8.0,Bardzo pozytywne
1636,692890,Roboquest,5654,131.0,128.0,3.0,97.70992366412212,8.0,Bardzo pozytywne
1637,414340,Hellblade: Senua's Sacrifice,5653,1152.0,1042.0,110.0,90.45138888888889,8.0,Bardzo pozytywne
1638,1641960,Forever Skies,5653,169.0,141.0,28.0,83.4319526627219,8.0,Bardzo pozytywne
1639,32370,STAR WARS™ Knights of the Old Republic™,5642,592.0,560.0,32.0,94.5945945945946,8.0,Bardzo pozytywne
1640,50,Half-Life: Opposing Force,5639,718.0,697.0,21.0,97.07520891364902,9.0,Przytłaczająco pozytywne
1641,470220,UNO,5639,1165.0,913.0,252.0,78.36909871244634,6.0,W większości pozytywne
1642,335240,Transformice,5636,2071.0,1825.0,246.0,88.12168034765814,8.0,Bardzo pozytywne
1643,1782460,Hell Clock,5636,66.0,55.0,11.0,83.33333333333334,8.0,Bardzo pozytywne
1644,29720,Guild Wars® Reforged,5634,55.0,49.0,6.0,89.0909090909091,8.0,Bardzo pozytywne
1645,17390,Spore,5630,1657.0,1570.0,87.0,94.74954737477368,8.0,Bardzo pozytywne
1646,1201540,HELLCARD,5629,104.0,99.0,5.0,95.1923076923077,8.0,Bardzo pozytywne
1647,628890,NOBUNAGA'S AMBITION: Taishi,5626,1.0,1.0,0.0,100.0,0.0,Recenzje użytkowników: 1
1648,2908480,Gladio Mori Demo,5622,12.0,12.0,0.0,100.0,7.0,Pozytywne
1649,1509510,Settlement Survival,5613,81.0,70.0,11.0,86.41975308641975,8.0,Bardzo pozytywne
1650,2058180,Judgment,5606,104.0,100.0,4.0,96.15384615384616,8.0,Bardzo pozytywne
1651,3959890,Tap Tap Loot,5603,9.0,6.0,3.0,66.66666666666666,0.0,Recenzje użytkowników: 9
1652,2000890,MechWarrior 5: Clans,5600,16.0,13.0,3.0,81.25,7.0,Pozytywne
1653,322500,SUPERHOT,5584,2764.0,2677.0,87.0,96.85238784370478,9.0,Przytłaczająco pozytywne
1654,2342950,God Of Weapons,5582,75.0,70.0,5.0,93.33333333333331,8.0,Bardzo pozytywne
1655,1785150,Friends vs Friends,5578,148.0,129.0,19.0,87.16216216216216,8.0,Bardzo pozytywne
1656,4695820,NBA THE RUN Playtest,5570,1.0,1.0,0.0,100.0,0.0,Recenzje użytkowników: 1
1657,412880,Drift Streets Japan,5559,93.0,63.0,30.0,67.74193548387096,5.0,Mieszane
1658,285160,LEGO® The Hobbit™,5550,1394.0,1274.0,120.0,91.39167862266858,8.0,Bardzo pozytywne
1659,45760,Ultra Street Fighter IV,5547,125.0,104.0,21.0,83.2,8.0,Bardzo pozytywne
1660,298610,Ylands,5540,134.0,83.0,51.0,61.940298507462686,5.0,Mieszane
1661,3226530,Tower Dominion,5525,39.0,37.0,2.0,94.87179487179486,7.0,Pozytywne
1662,1161590,Punch Club 2: Fast Forward,5509,110.0,97.0,13.0,88.18181818181819,8.0,Bardzo pozytywne
1663,2948190,World of Sea Battle,5504,222.0,181.0,41.0,81.53153153153153,8.0,Bardzo pozytywne
1664,282800,100% Orange Juice,5486,158.0,135.0,23.0,85.44303797468355,8.0,Bardzo pozytywne
1665,2797340,Cat God Ranch,5473,2.0,2.0,0.0,100.0,0.0,Recenzje użytkowników: 2
1666,2132850,Rabbit and Steel,5472,22.0,21.0,1.0,95.45454545454544,7.0,Pozytywne
1667,2951690,Sonic Rumble Party,5465,85.0,66.0,19.0,77.64705882352942,6.0,W większości pozytywne
1668,4027870,妹居物语 Demo,5461,0.0,0.0,0.0,0.0,0.0,Brak recenzji użytkowników
1669,577890,Arena: Blood on the Sand VR,5460,1.0,1.0,0.0,100.0,0.0,Recenzje użytkowników: 1
1670,2194530,Yog-Sothoth's Yard,5459,3.0,3.0,0.0,100.0,0.0,Recenzje użytkowników: 3
1671,2918150,ONE PIECE Bounty Rush,5455,26.0,15.0,11.0,57.692307692307686,5.0,Mieszane
1672,3028310,Nordhold,5447,58.0,54.0,4.0,93.10344827586206,8.0,Bardzo pozytywne
1673,503940,Railway Empire,5446,210.0,187.0,23.0,89.04761904761904,8.0,Bardzo pozytywne
1674,307950,Caliber,5436,179.0,138.0,41.0,77.09497206703911,6.0,W większości pozytywne
1675,640590,The LEGO® NINJAGO® Movie Video Game,5434,1006.0,921.0,85.0,91.5506958250497,8.0,Bardzo pozytywne
1676,3458620,轮回修仙传,5434,0.0,0.0,0.0,0.0,0.0,Brak recenzji użytkowników
1677,1657090,MiniRoyale,5429,46.0,29.0,17.0,63.04347826086957,5.0,Mieszane
1678,1556790,Isonzo,5427,254.0,226.0,28.0,88.9763779527559,8.0,Bardzo pozytywne
1679,1473350,(the) Gnorp Apologue,5423,36.0,36.0,0.0,100.0,7.0,Pozytywne
1680,339800,HuniePop,5416,208.0,195.0,13.0,93.75,8.0,Bardzo pozytywne
1681,960170,DJMAX RESPECT V,5413,26.0,22.0,4.0,84.61538461538461,7.0,Pozytywne
1682,3404470,Maltese's Fluffy Onsen,5409,10.0,10.0,0.0,100.0,7.0,Pozytywne
1683,1157390,King Arthur: Knight's Tale,5376,184.0,168.0,16.0,91.30434782608695,8.0,Bardzo pozytywne
1684,635260,CarX Drift Racing Online,5369,3113.0,2990.0,123.0,96.04882749759076,9.0,Przytłaczająco pozytywne
1685,655500,MX Bikes,5369,556.0,517.0,39.0,92.98561151079136,8.0,Bardzo pozytywne
1686,3062030,Idle Kitties Online,5354,6.0,5.0,1.0,83.33333333333334,0.0,Recenzje użytkowników: 6
1687,1663850,REPLACED,5352,84.0,71.0,13.0,84.52380952380952,8.0,Bardzo pozytywne
1688,254700,Resident Evil 4 (2005),5343,809.0,771.0,38.0,95.30284301606922,9.0,Przytłaczająco pozytywne
1689,1796470,Haste,5312,80.0,74.0,6.0,92.5,8.0,Bardzo pozytywne
1690,1249970,Test Drive Unlimited Solar Crown,5305,415.0,204.0,211.0,49.1566265060241,5.0,Mieszane
1691,2401970,Ace Attorney Investigations Collection,5304,20.0,20.0,0.0,100.0,7.0,Pozytywne
1692,2101960,Cronos: The New Dawn,5295,486.0,459.0,27.0,94.44444444444444,8.0,Bardzo pozytywne
1693,409710,BioShock Remastered,5245,660.0,585.0,75.0,88.63636363636364,8.0,Bardzo pozytywne
1694,4329470,Vampire Crawlers Demo,5237,0.0,0.0,0.0,0.0,0.0,Brak recenzji użytkowników
1695,237110,Mortal Kombat Komplete Edition,5235,597.0,568.0,29.0,95.142378559464,9.0,Przytłaczająco pozytywne
1696,2361680,Path of Kung Fu,5235,0.0,0.0,0.0,0.0,0.0,Brak recenzji użytkowników
1697,3114410,Skill Legends Royale,5223,28.0,23.0,5.0,82.14285714285714,7.0,Pozytywne
1698,311310,Naval Action,5222,213.0,129.0,84.0,60.56338028169014,5.0,Mieszane
1699,2379740,Wizardry Variants Daphne,5222,14.0,10.0,4.0,71.42857142857143,6.0,W większości pozytywne
1700,1672970,Minecraft Dungeons,5217,709.0,674.0,35.0,95.06346967559944,9.0,Przytłaczająco pozytywne
1701,337410,Karos,5213,7.0,5.0,2.0,71.42857142857143,0.0,Recenzje użytkowników: 7
1702,4750320,Double Dealers Demo,5207,1.0,1.0,0.0,100.0,0.0,Recenzje użytkowników: 1
1703,24780,SimCity 4 Deluxe,5206,148.0,133.0,15.0,89.86486486486487,8.0,Bardzo pozytywne
1704,2205850,"Dwarves: Glory, Death and Loot",5205,11.0,10.0,1.0,90.9090909090909,7.0,Pozytywne
1705,2100280,World of Tanks: HEAT,5201,142.0,76.0,66.0,53.52112676056338,5.0,Mieszane
1706,1976440,CounterSide,5199,24.0,22.0,2.0,91.66666666666666,7.0,Pozytywne
1707,2458860,Summer Clover,5199,16.0,16.0,0.0,100.0,7.0,Pozytywne
1708,1891700,Tap Ninja,5198,483.0,445.0,38.0,92.13250517598344,8.0,Bardzo pozytywne
1709,1948280,Stacklands,5186,271.0,264.0,7.0,97.41697416974168,8.0,Bardzo pozytywne
1710,1278540,Esports Godfather,5183,7.0,6.0,1.0,85.71428571428571,0.0,Recenzje użytkowników: 7
1711,1068820,OVR Toolkit,5176,7.0,5.0,2.0,71.42857142857143,0.0,Recenzje użytkowników: 7
1712,859570,Secret Neighbor,5174,1182.0,1054.0,128.0,89.17089678510999,8.0,Bardzo pozytywne
1713,1525700,Tavern Master,5171,116.0,103.0,13.0,88.79310344827587,8.0,Bardzo pozytywne
1714,1465470,The Crust,5170,49.0,47.0,2.0,95.91836734693877,7.0,Pozytywne
1715,1874490,Potionomics,5170,42.0,41.0,1.0,97.61904761904762,7.0,Pozytywne
1716,1001270,Kebab Chefs! - Restaurant Simulator,5162,398.0,365.0,33.0,91.70854271356784,8.0,Bardzo pozytywne
1717,40800,Super Meat Boy,5153,984.0,921.0,63.0,93.59756097560977,8.0,Bardzo pozytywne
1718,674940,Stick Fight: The Game,5147,2533.0,2347.0,186.0,92.65692854322938,8.0,Bardzo pozytywne
1719,2878450,Master of Command,5142,64.0,59.0,5.0,92.1875,8.0,Bardzo pozytywne
1720,327030,Worms W.M.D,5122,1075.0,961.0,114.0,89.3953488372093,8.0,Bardzo pozytywne
1721,110800,L.A. Noire,5115,743.0,680.0,63.0,91.52086137281292,8.0,Bardzo pozytywne
1722,2124680,Winning Post 10,5115,0.0,0.0,0.0,0.0,0.0,Brak recenzji użytkowników
1723,1397920,Mr.Mine,5093,902.0,865.0,37.0,95.8980044345898,9.0,Przytłaczająco pozytywne
1724,2593370,The Hungry Lamb: Traveling in the Late Ming Dynasty,5093,4.0,4.0,0.0,100.0,0.0,Recenzje użytkowników: 4
1725,690790,DiRT Rally 2.0,5080,2498.0,2303.0,195.0,92.1937550040032,8.0,Bardzo pozytywne
1726,553790,Once in Yaissor,5073,10.0,8.0,2.0,80.0,7.0,Pozytywne
1727,896660,Valheim Dedicated Server,5068,0.0,0.0,0.0,0.0,0.0,Brak recenzji użytkowników
1728,361280,Turmoil,5055,653.0,628.0,25.0,96.17151607963248,9.0,Przytłaczająco pozytywne
1729,240720,Getting Over It with Bennett Foddy,5054,1595.0,1242.0,353.0,77.86833855799374,6.0,W większości pozytywne
1730,1227890,Summer Memories,5051,16.0,15.0,1.0,93.75,7.0,Pozytywne
1731,2239550,Watch Dogs: Legion,5048,323.0,206.0,117.0,63.77708978328174,5.0,Mieszane
1732,312530,Duck Game,5047,379.0,364.0,15.0,96.04221635883906,8.0,Bardzo pozytywne
1733,214510,LEGO® The Lord of the Rings™,5045,1075.0,1013.0,62.0,94.23255813953487,8.0,Bardzo pozytywne
1734,3156770,Witchfire,5042,277.0,259.0,18.0,93.50180505415162,8.0,Bardzo pozytywne
1735,294860,Valkyria Chronicles™,5039,109.0,103.0,6.0,94.4954128440367,8.0,Bardzo pozytywne
1736,435120,Rusty Lake Hotel,5038,204.0,198.0,6.0,97.05882352941175,8.0,Bardzo pozytywne
1737,418240,Shadow Tactics: Blades of the Shogun,5037,494.0,479.0,15.0,96.96356275303644,8.0,Bardzo pozytywne
1738,407130,Tank Mechanic Simulator,5022,445.0,401.0,44.0,90.1123595505618,8.0,Bardzo pozytywne
1739,21970,R.U.S.E,5018,126.0,122.0,4.0,96.82539682539682,8.0,Bardzo pozytywne
1740,822240,Animal Jam,5009,35.0,28.0,7.0,80.0,7.0,Pozytywne
